[062月2026 20:49:09.115] [main/INFO] [cpw.mods.modlauncher.Launcher/MODLAUNCHER]: ModLauncher running: args [--launchTarget, forgedatauserdev, --assetIndex, 5, --assetsDir, D:\.gradle\caches\forge_gradle\assets, --gameDir, ., --fml.forgeVersion, 47.4.0, --fml.mcVersion, 1.20.1, --fml.forgeGroup, net.minecraftforge, --fml.mcpVersion, 20230612.114412, --mod, kaleidoscope_end, --all, --output, E:\moddig\project\Kaleidoscope-End\1.20.1\src\generated\resources, --existing, E:\moddig\project\Kaleidoscope-End\1.20.1\src\main\resources, --mixin.config, mixins.kaleidoscope_end.json]
[062月2026 20:49:09.133] [main/INFO] [cpw.mods.modlauncher.Launcher/MODLAUNCHER]: ModLauncher 10.0.9+10.0.9+main.dcd20f30 starting: java version 17.0.13 by Eclipse Adoptium; OS Windows 10 arch amd64 version 10.0
[062月2026 20:49:09.368] [main/DEBUG] [cpw.mods.modlauncher.LaunchServiceHandler/MODLAUNCHER]: Found launch services [fmlclientdev,forgeclient,minecraft,forgegametestserverdev,fmlserveruserdev,fmlclient,fmldatauserdev,forgeserverdev,forgeserveruserdev,forgeclientdev,forgeclientuserdev,forgeserver,forgedatadev,fmlserver,fmlclientuserdev,fmlserverdev,forgedatauserdev,testharness,forgegametestserveruserdev]
[062月2026 20:49:09.520] [main/DEBUG] [cpw.mods.modlauncher.NameMappingServiceHandler/MODLAUNCHER]: Found naming services : [srgtomcp]
[062月2026 20:49:09.596] [main/DEBUG] [cpw.mods.modlauncher.LaunchPluginHandler/MODLAUNCHER]: Found launch plugins: [mixin,eventbus,slf4jfixer,object_holder_definalize,runtime_enum_extender,capability_token_subclass,accesstransformer,runtimedistcleaner]
[062月2026 20:49:09.640] [main/DEBUG] [cpw.mods.modlauncher.TransformationServicesHandler/MODLAUNCHER]: Discovering transformation services
[062月2026 20:49:09.666] [main/DEBUG] [net.minecraftforge.fml.loading.FMLPaths/CORE]: Path GAMEDIR is E:\moddig\project\Kaleidoscope-End\1.20.1\run-data
[062月2026 20:49:09.667] [main/DEBUG] [net.minecraftforge.fml.loading.FMLPaths/CORE]: Path MODSDIR is E:\moddig\project\Kaleidoscope-End\1.20.1\run-data\mods
[062月2026 20:49:09.669] [main/DEBUG] [net.minecraftforge.fml.loading.FMLPaths/CORE]: Path CONFIGDIR is E:\moddig\project\Kaleidoscope-End\1.20.1\run-data\config
[062月2026 20:49:09.674] [main/DEBUG] [net.minecraftforge.fml.loading.FMLPaths/CORE]: Path FMLCONFIG is E:\moddig\project\Kaleidoscope-End\1.20.1\run-data\config\fml.toml
[062月2026 20:49:09.870] [main/DEBUG] [cpw.mods.modlauncher.TransformationServicesHandler/MODLAUNCHER]: Found additional transformation services from discovery services: [D:\.gradle\caches\forge_gradle\deobf_dependencies\curse\maven\i18nupdatemod-297404\7173159_mapped_official_1.20.1\i18nupdatemod-297404-7173159_mapped_official_1.20.1.jar]
[062月2026 20:49:09.950] [main/INFO] [net.minecraftforge.fml.loading.ImmediateWindowHandler/]: ImmediateWindowProvider not loading because launch target is forgedatauserdev
[062月2026 20:49:10.038] [main/DEBUG] [cpw.mods.modlauncher.TransformationServicesHandler/MODLAUNCHER]: Found transformer services : [mixin,fml,I18nUpdateMod]
[062月2026 20:49:10.041] [main/DEBUG] [cpw.mods.modlauncher.TransformationServicesHandler/MODLAUNCHER]: Transformation services loading
[062月2026 20:49:10.044] [main/DEBUG] [cpw.mods.modlauncher.TransformationServiceDecorator/MODLAUNCHER]: Loading service mixin
[062月2026 20:49:10.046] [main/DEBUG] [cpw.mods.modlauncher.TransformationServiceDecorator/MODLAUNCHER]: Loaded service mixin
[062月2026 20:49:10.047] [main/DEBUG] [cpw.mods.modlauncher.TransformationServiceDecorator/MODLAUNCHER]: Loading service fml
[062月2026 20:49:10.049] [main/DEBUG] [net.minecraftforge.fml.loading.LauncherVersion/CORE]: Found FMLLauncher version 1.0
[062月2026 20:49:10.050] [main/DEBUG] [net.minecraftforge.fml.loading.FMLLoader/CORE]: FML 1.0 loading
[062月2026 20:49:10.052] [main/DEBUG] [net.minecraftforge.fml.loading.FMLLoader/CORE]: FML found ModLauncher version : 10.0.9+10.0.9+main.dcd20f30
[062月2026 20:49:10.058] [main/DEBUG] [net.minecraftforge.fml.loading.FMLLoader/CORE]: Requesting CoreMods to not apply the fix for ASMAPI.findFirstInstructionBefore by default
[062月2026 20:49:10.085] [main/DEBUG] [net.minecraftforge.fml.loading.FMLLoader/CORE]: FML found AccessTransformer version : 8.0.4+66+master.c09db6d7
[062月2026 20:49:10.088] [main/DEBUG] [net.minecraftforge.fml.loading.FMLLoader/CORE]: FML found EventBus version : 6.0.5+6.0.5+master.eb8e549b
[062月2026 20:49:10.092] [main/DEBUG] [net.minecraftforge.fml.loading.FMLLoader/CORE]: Found Runtime Dist Cleaner
[062月2026 20:49:10.109] [main/DEBUG] [net.minecraftforge.coremod.CoreModEngine/]: CoreMods will preserve legacy behavior of ASMAPI.findFirstInstructionBefore for backwards-compatibility
[062月2026 20:49:10.113] [main/DEBUG] [net.minecraftforge.fml.loading.FMLLoader/CORE]: FML found CoreMod version : 5.2.4
[062月2026 20:49:10.115] [main/DEBUG] [net.minecraftforge.fml.loading.FMLLoader/CORE]: Found ForgeSPI package implementation version 7.0.1+7.0.1+master.d2b38bf6
[062月2026 20:49:10.116] [main/DEBUG] [net.minecraftforge.fml.loading.FMLLoader/CORE]: Found ForgeSPI package specification 5
[062月2026 20:49:10.117] [main/DEBUG] [cpw.mods.modlauncher.TransformationServiceDecorator/MODLAUNCHER]: Loaded service fml
[062月2026 20:49:10.119] [main/DEBUG] [cpw.mods.modlauncher.TransformationServiceDecorator/MODLAUNCHER]: Loading service I18nUpdateMod
[062月2026 20:49:10.120] [main/DEBUG] [cpw.mods.modlauncher.TransformationServiceDecorator/MODLAUNCHER]: Loaded service I18nUpdateMod
[062月2026 20:49:10.129] [main/DEBUG] [cpw.mods.modlauncher.TransformationServicesHandler/MODLAUNCHER]: Configuring option handling for services
[062月2026 20:49:10.151] [main/DEBUG] [cpw.mods.modlauncher.TransformationServicesHandler/MODLAUNCHER]: Transformation services initializing
[062月2026 20:49:10.154] [main/DEBUG] [cpw.mods.modlauncher.TransformationServiceDecorator/MODLAUNCHER]: Initializing transformation service mixin
[062月2026 20:49:10.254] [main/DEBUG] [mixin/]: MixinService [ModLauncher] was successfully booted in cpw.mods.cl.ModuleClassLoader@39529185
[062月2026 20:49:10.401] [main/INFO] [mixin/]: SpongePowered MIXIN Subsystem Version=0.8.5 Source=union:/D:/.gradle/caches/modules-2/files-2.1/org.spongepowered/mixin/0.8.5/9d1c0c3a304ae6697ecd477218fa61b850bf57fc/mixin-0.8.5.jar%23128!/ Service=ModLauncher Env=CLIENT
[062月2026 20:49:10.427] [main/DEBUG] [mixin/]: Initialising Mixin Platform Manager
[062月2026 20:49:10.429] [main/DEBUG] [mixin/]: Adding mixin platform agents for container ModLauncher Root Container(ModLauncher:4f56a0a2)
[062月2026 20:49:10.452] [main/DEBUG] [mixin/]: Instancing new MixinPlatformAgentMinecraftForge for ModLauncher Root Container(ModLauncher:4f56a0a2)
[062月2026 20:49:10.473] [main/DEBUG] [mixin/]: MixinPlatformAgentMinecraftForge rejected container ModLauncher Root Container(ModLauncher:4f56a0a2)
[062月2026 20:49:10.475] [main/DEBUG] [mixin/]: Instancing new MixinPlatformAgentDefault for ModLauncher Root Container(ModLauncher:4f56a0a2)
[062月2026 20:49:10.477] [main/DEBUG] [mixin/]: MixinPlatformAgentDefault accepted container ModLauncher Root Container(ModLauncher:4f56a0a2)
[062月2026 20:49:10.495] [main/DEBUG] [cpw.mods.modlauncher.TransformationServiceDecorator/MODLAUNCHER]: Initialized transformation service mixin
[062月2026 20:49:10.496] [main/DEBUG] [cpw.mods.modlauncher.TransformationServiceDecorator/MODLAUNCHER]: Initializing transformation service fml
[062月2026 20:49:10.497] [main/DEBUG] [net.minecraftforge.fml.loading.FMLServiceProvider/CORE]: Setting up basic FML game directories
[062月2026 20:49:10.498] [main/DEBUG] [net.minecraftforge.fml.loading.FMLPaths/CORE]: Path GAMEDIR is E:\moddig\project\Kaleidoscope-End\1.20.1\run-data
[062月2026 20:49:10.502] [main/DEBUG] [net.minecraftforge.fml.loading.FMLPaths/CORE]: Path MODSDIR is E:\moddig\project\Kaleidoscope-End\1.20.1\run-data\mods
[062月2026 20:49:10.521] [main/DEBUG] [net.minecraftforge.fml.loading.FMLPaths/CORE]: Path CONFIGDIR is E:\moddig\project\Kaleidoscope-End\1.20.1\run-data\config
[062月2026 20:49:10.528] [main/DEBUG] [net.minecraftforge.fml.loading.FMLPaths/CORE]: Path FMLCONFIG is E:\moddig\project\Kaleidoscope-End\1.20.1\run-data\config\fml.toml
[062月2026 20:49:10.543] [main/DEBUG] [net.minecraftforge.fml.loading.FMLServiceProvider/CORE]: Loading configuration
[062月2026 20:49:10.567] [main/DEBUG] [net.minecraftforge.fml.loading.FMLServiceProvider/CORE]: Preparing ModFile
[062月2026 20:49:10.592] [main/DEBUG] [net.minecraftforge.fml.loading.FMLServiceProvider/CORE]: Preparing launch handler
[062月2026 20:49:10.593] [main/DEBUG] [net.minecraftforge.fml.loading.FMLLoader/CORE]: Using forgedatauserdev as launch service
[062月2026 20:49:10.675] [main/DEBUG] [net.minecraftforge.fml.loading.FMLLoader/CORE]: Received command line version data  : VersionInfo[forgeVersion=47.4.0, mcVersion=1.20.1, mcpVersion=20230612.114412, forgeGroup=net.minecraftforge]
[062月2026 20:49:10.684] [main/DEBUG] [cpw.mods.modlauncher.TransformationServiceDecorator/MODLAUNCHER]: Initialized transformation service fml
[062月2026 20:49:10.686] [main/DEBUG] [cpw.mods.modlauncher.TransformationServiceDecorator/MODLAUNCHER]: Initializing transformation service I18nUpdateMod
[062月2026 20:49:37.813] [main/DEBUG] [cpw.mods.modlauncher.TransformationServiceDecorator/MODLAUNCHER]: Initialized transformation service I18nUpdateMod
[062月2026 20:49:37.819] [main/DEBUG] [cpw.mods.modlauncher.NameMappingServiceHandler/MODLAUNCHER]: Current naming domain is 'mcp'
[062月2026 20:49:37.826] [main/DEBUG] [cpw.mods.modlauncher.NameMappingServiceHandler/MODLAUNCHER]: Identified name mapping providers {srg=srgtomcp:1234}
[062月2026 20:49:37.827] [main/DEBUG] [cpw.mods.modlauncher.TransformationServicesHandler/MODLAUNCHER]: Transformation services begin scanning
[062月2026 20:49:37.830] [main/DEBUG] [cpw.mods.modlauncher.TransformationServiceDecorator/MODLAUNCHER]: Beginning scan trigger - transformation service mixin
[062月2026 20:49:37.836] [main/DEBUG] [cpw.mods.modlauncher.TransformationServiceDecorator/MODLAUNCHER]: End scan trigger - transformation service mixin
[062月2026 20:49:37.837] [main/DEBUG] [cpw.mods.modlauncher.TransformationServiceDecorator/MODLAUNCHER]: Beginning scan trigger - transformation service fml
[062月2026 20:49:37.839] [main/DEBUG] [net.minecraftforge.fml.loading.FMLServiceProvider/CORE]: Initiating mod scan
[062月2026 20:49:37.893] [main/DEBUG] [net.minecraftforge.fml.loading.moddiscovery.ModListHandler/CORE]: Found mod coordinates from lists: []
[062月2026 20:49:37.924] [main/DEBUG] [net.minecraftforge.fml.loading.moddiscovery.ModDiscoverer/CORE]: Found Mod Locators : (mods folder:null),(maven libs:null),(exploded directory:null),(minecraft:null),(userdev classpath:null)
[062月2026 20:49:37.926] [main/DEBUG] [net.minecraftforge.fml.loading.moddiscovery.ModDiscoverer/CORE]: Found Dependency Locators : (JarInJar:null)
[062月2026 20:49:37.979] [main/DEBUG] [net.minecraftforge.fml.loading.targets.CommonLaunchHandler/CORE]: Got mod coordinates kaleidoscope_end%%E:\moddig\project\Kaleidoscope-End\1.20.1\build\resources\main;kaleidoscope_end%%E:\moddig\project\Kaleidoscope-End\1.20.1\build\classes\java\main from env
[062月2026 20:49:37.989] [main/DEBUG] [net.minecraftforge.fml.loading.targets.CommonLaunchHandler/CORE]: Found supplied mod coordinates [{kaleidoscope_end=[E:\moddig\project\Kaleidoscope-End\1.20.1\build\resources\main, E:\moddig\project\Kaleidoscope-End\1.20.1\build\classes\java\main]}]
[062月2026 20:49:39.488] [main/DEBUG] [net.minecraftforge.fml.loading.moddiscovery.ModFileInfo/LOADING]: Found valid mod file forge-1.20.1-47.4.0_mapped_official_1.20.1-recomp.jar with {minecraft} mods - versions {1.20.1}
[062月2026 20:49:39.510] [main/DEBUG] [net.minecraftforge.fml.loading.moddiscovery.ModFileParser/LOADING]: Considering mod file candidate D:\.gradle\caches\modules-2\files-2.1\net.minecraftforge\javafmllanguage\1.20.1-47.4.0\f0c0b352173d0a378cbdcec9cfc4ba65899a721\javafmllanguage-1.20.1-47.4.0.jar
[062月2026 20:49:39.514] [main/WARN] [net.minecraftforge.fml.loading.moddiscovery.ModFileParser/LOADING]: Mod file D:\.gradle\caches\modules-2\files-2.1\net.minecraftforge\javafmllanguage\1.20.1-47.4.0\f0c0b352173d0a378cbdcec9cfc4ba65899a721\javafmllanguage-1.20.1-47.4.0.jar is missing mods.toml file
[062月2026 20:49:39.533] [main/DEBUG] [net.minecraftforge.fml.loading.moddiscovery.ModFileParser/LOADING]: Considering mod file candidate D:\.gradle\caches\modules-2\files-2.1\net.minecraftforge\lowcodelanguage\1.20.1-47.4.0\e862740d8c84d08dbfedea412bef88fe42e727c5\lowcodelanguage-1.20.1-47.4.0.jar
[062月2026 20:49:39.533] [main/WARN] [net.minecraftforge.fml.loading.moddiscovery.ModFileParser/LOADING]: Mod file D:\.gradle\caches\modules-2\files-2.1\net.minecraftforge\lowcodelanguage\1.20.1-47.4.0\e862740d8c84d08dbfedea412bef88fe42e727c5\lowcodelanguage-1.20.1-47.4.0.jar is missing mods.toml file
[062月2026 20:49:39.551] [main/DEBUG] [net.minecraftforge.fml.loading.moddiscovery.ModFileParser/LOADING]: Considering mod file candidate D:\.gradle\caches\modules-2\files-2.1\net.minecraftforge\mclanguage\1.20.1-47.4.0\5719b3a297a33f877ed5dde4cb4bd75c859096af\mclanguage-1.20.1-47.4.0.jar
[062月2026 20:49:39.553] [main/WARN] [net.minecraftforge.fml.loading.moddiscovery.ModFileParser/LOADING]: Mod file D:\.gradle\caches\modules-2\files-2.1\net.minecraftforge\mclanguage\1.20.1-47.4.0\5719b3a297a33f877ed5dde4cb4bd75c859096af\mclanguage-1.20.1-47.4.0.jar is missing mods.toml file
[062月2026 20:49:39.571] [main/DEBUG] [net.minecraftforge.fml.loading.moddiscovery.ModFileParser/LOADING]: Considering mod file candidate D:\.gradle\caches\modules-2\files-2.1\net.minecraftforge\fmlcore\1.20.1-47.4.0\235975dafa4309945b59c56b53f31dc5b65a6051\fmlcore-1.20.1-47.4.0.jar
[062月2026 20:49:39.571] [main/WARN] [net.minecraftforge.fml.loading.moddiscovery.ModFileParser/LOADING]: Mod file D:\.gradle\caches\modules-2\files-2.1\net.minecraftforge\fmlcore\1.20.1-47.4.0\235975dafa4309945b59c56b53f31dc5b65a6051\fmlcore-1.20.1-47.4.0.jar is missing mods.toml file
[062月2026 20:49:39.584] [main/DEBUG] [net.minecraftforge.fml.loading.moddiscovery.ModFileParser/LOADING]: Considering mod file candidate E:\moddig\project\Kaleidoscope-End\1.20.1\build\resources\main
[062月2026 20:49:39.618] [main/DEBUG] [net.minecraftforge.fml.loading.moddiscovery.ModFileInfo/LOADING]: Found valid mod file main with {kaleidoscope_end} mods - versions {1.0.1-ALPHA9-1.20.1}
[062月2026 20:49:39.623] [main/DEBUG] [net.minecraftforge.fml.loading.moddiscovery.ModFileParser/LOADING]: Considering mod file candidate /
[062月2026 20:49:39.633] [main/DEBUG] [net.minecraftforge.fml.loading.moddiscovery.ModFileInfo/LOADING]: Found valid mod file  with {forge} mods - versions {47.4.0}
[062月2026 20:49:39.829] [main/DEBUG] [net.minecraftforge.fml.loading.moddiscovery.ModFileParser/LOADING]: Considering mod file candidate D:\.gradle\caches\forge_gradle\deobf_dependencies\blank\kaleidoscope_nether\1.0.6-1.20.1_mapped_official_1.20.1\kaleidoscope_nether-1.0.6-1.20.1_mapped_official_1.20.1.jar
[062月2026 20:49:39.833] [main/DEBUG] [net.minecraftforge.fml.loading.moddiscovery.ModFileInfo/LOADING]: Found valid mod file kaleidoscope_nether-1.0.6-1.20.1_mapped_official_1.20.1.jar with {kaleidoscope_nether} mods - versions {1.0.6-1.20.1}
[062月2026 20:49:39.899] [main/DEBUG] [net.minecraftforge.fml.loading.moddiscovery.ModFileParser/LOADING]: Considering mod file candidate D:\.gradle\caches\forge_gradle\deobf_dependencies\curse\maven\kaleidoscope-cookery-1309203\7473809_mapped_official_1.20.1\kaleidoscope-cookery-1309203-7473809_mapped_official_1.20.1.jar
[062月2026 20:49:39.901] [main/DEBUG] [net.minecraftforge.fml.loading.moddiscovery.ModFileInfo/LOADING]: Found valid mod file kaleidoscope-cookery-1309203-7473809_mapped_official_1.20.1.jar with {kaleidoscope_cookery} mods - versions {1.2.0-forge+mc1.20.1}
[062月2026 20:49:39.949] [main/DEBUG] [net.minecraftforge.fml.loading.moddiscovery.ModFileParser/LOADING]: Considering mod file candidate D:\.gradle\caches\forge_gradle\deobf_dependencies\curse\maven\alexs-mobs-426558\5698791_mapped_official_1.20.1\alexs-mobs-426558-5698791_mapped_official_1.20.1.jar
[062月2026 20:49:39.951] [main/DEBUG] [net.minecraftforge.fml.loading.moddiscovery.ModFileInfo/LOADING]: Found valid mod file alexs-mobs-426558-5698791_mapped_official_1.20.1.jar with {alexsmobs} mods - versions {1.22.9}
[062月2026 20:49:40.003] [main/DEBUG] [net.minecraftforge.fml.loading.moddiscovery.ModFileParser/LOADING]: Considering mod file candidate D:\.gradle\caches\forge_gradle\deobf_dependencies\curse\maven\citadel-331936\6702068_mapped_official_1.20.1\citadel-331936-6702068_mapped_official_1.20.1.jar
[062月2026 20:49:40.016] [main/DEBUG] [net.minecraftforge.fml.loading.moddiscovery.ModFileInfo/LOADING]: Found valid mod file citadel-331936-6702068_mapped_official_1.20.1.jar with {citadel} mods - versions {2.6.2}
[062月2026 20:49:40.037] [main/DEBUG] [net.minecraftforge.fml.loading.moddiscovery.ModFileParser/LOADING]: Considering mod file candidate D:\.gradle\caches\forge_gradle\deobf_dependencies\curse\maven\jei-238222\7361881_mapped_official_1.20.1\jei-238222-7361881_mapped_official_1.20.1.jar
[062月2026 20:49:40.043] [main/DEBUG] [net.minecraftforge.fml.loading.moddiscovery.ModFileInfo/LOADING]: Found valid mod file jei-238222-7361881_mapped_official_1.20.1.jar with {jei} mods - versions {15.20.0.128}
[062月2026 20:49:40.071] [main/DEBUG] [net.minecraftforge.fml.loading.moddiscovery.ModFileParser/LOADING]: Considering mod file candidate D:\.gradle\caches\forge_gradle\deobf_dependencies\curse\maven\Jade-324717\6855440_mapped_official_1.20.1\jade-324717-6855440_mapped_official_1.20.1.jar
[062月2026 20:49:40.087] [main/DEBUG] [net.minecraftforge.fml.loading.moddiscovery.ModFileInfo/LOADING]: Found valid mod file jade-324717-6855440_mapped_official_1.20.1.jar with {jade} mods - versions {11.13.2+forge}
[062月2026 20:49:40.118] [main/DEBUG] [net.minecraftforge.fml.loading.moddiscovery.ModFileParser/LOADING]: Considering mod file candidate D:\.gradle\caches\forge_gradle\deobf_dependencies\curse\maven\just-enough-effect-descriptions-jeed-532286\6172935_mapped_official_1.20.1\just-enough-effect-descriptions-jeed-532286-6172935_mapped_official_1.20.1.jar
[062月2026 20:49:40.137] [main/DEBUG] [net.minecraftforge.fml.loading.moddiscovery.ModFileInfo/LOADING]: Found valid mod file just-enough-effect-descriptions-jeed-532286-6172935_mapped_official_1.20.1.jar with {jeed} mods - versions {1.20-2.2.5}
[062月2026 20:49:40.172] [main/DEBUG] [net.minecraftforge.fml.loading.moddiscovery.ModFileParser/LOADING]: Considering mod file candidate D:\.gradle\caches\forge_gradle\deobf_dependencies\curse\maven\appleskin-248787\4770828_mapped_official_1.20.1\appleskin-248787-4770828_mapped_official_1.20.1.jar
[062月2026 20:49:40.195] [main/DEBUG] [net.minecraftforge.fml.loading.moddiscovery.ModFileInfo/LOADING]: Found valid mod file appleskin-248787-4770828_mapped_official_1.20.1.jar with {appleskin} mods - versions {2.5.1+mc1.20.1}
[062月2026 20:49:40.236] [main/DEBUG] [net.minecraftforge.fml.loading.moddiscovery.ModFileParser/LOADING]: Considering mod file candidate D:\.gradle\caches\forge_gradle\deobf_dependencies\curse\maven\embeddium-908741\5681725_mapped_official_1.20.1\embeddium-908741-5681725_mapped_official_1.20.1.jar
[062月2026 20:49:40.248] [main/DEBUG] [net.minecraftforge.fml.loading.moddiscovery.ModFileInfo/LOADING]: Found valid mod file embeddium-908741-5681725_mapped_official_1.20.1.jar with {embeddium,rubidium} mods - versions {0.3.31+mc1.20.1,0.7.1}
[062月2026 20:49:40.299] [main/DEBUG] [net.minecraftforge.fml.loading.moddiscovery.ModFileParser/LOADING]: Considering mod file candidate D:\.gradle\caches\forge_gradle\deobf_dependencies\curse\maven\radium-reforged-570017\5706069_mapped_official_1.20.1\radium-reforged-570017-5706069_mapped_official_1.20.1.jar
[062月2026 20:49:40.301] [main/DEBUG] [net.minecraftforge.fml.loading.moddiscovery.ModFileInfo/LOADING]: Found valid mod file radium-reforged-570017-5706069_mapped_official_1.20.1.jar with {radium} mods - versions {0.12.4+git.26c9d8e}
[062月2026 20:49:40.325] [main/DEBUG] [net.minecraftforge.fml.loading.moddiscovery.ModFileParser/LOADING]: Considering mod file candidate D:\.gradle\caches\forge_gradle\deobf_dependencies\curse\maven\mmmmmmmmmmmm-225738\6860192_mapped_official_1.20.1\mmmmmmmmmmmm-225738-6860192_mapped_official_1.20.1.jar
[062月2026 20:49:40.327] [main/DEBUG] [net.minecraftforge.fml.loading.moddiscovery.ModFileInfo/LOADING]: Found valid mod file mmmmmmmmmmmm-225738-6860192_mapped_official_1.20.1.jar with {dummmmmmy} mods - versions {1.20-2.0.9}
[062月2026 20:49:40.346] [main/DEBUG] [net.minecraftforge.fml.loading.moddiscovery.ModFileParser/LOADING]: Considering mod file candidate D:\.gradle\caches\forge_gradle\deobf_dependencies\curse\maven\selene-499980\7388296_mapped_official_1.20.1\selene-499980-7388296_mapped_official_1.20.1.jar
[062月2026 20:49:40.349] [main/DEBUG] [net.minecraftforge.fml.loading.moddiscovery.ModFileInfo/LOADING]: Found valid mod file selene-499980-7388296_mapped_official_1.20.1.jar with {moonlight} mods - versions {1.20-2.16.19}
[062月2026 20:49:40.373] [main/DEBUG] [net.minecraftforge.fml.loading.moddiscovery.ModFileParser/LOADING]: Considering mod file candidate D:\.gradle\caches\forge_gradle\deobf_dependencies\curse\maven\apothic-attributes-898963\5634071_mapped_official_1.20.1\apothic-attributes-898963-5634071_mapped_official_1.20.1.jar
[062月2026 20:49:40.376] [main/DEBUG] [net.minecraftforge.fml.loading.moddiscovery.ModFileInfo/LOADING]: Found valid mod file apothic-attributes-898963-5634071_mapped_official_1.20.1.jar with {attributeslib} mods - versions {1.3.7}
[062月2026 20:49:40.399] [main/DEBUG] [net.minecraftforge.fml.loading.moddiscovery.ModFileParser/LOADING]: Considering mod file candidate D:\.gradle\caches\forge_gradle\deobf_dependencies\curse\maven\placebo-283644\6274231_mapped_official_1.20.1\placebo-283644-6274231_mapped_official_1.20.1.jar
[062月2026 20:49:40.400] [main/DEBUG] [net.minecraftforge.fml.loading.moddiscovery.ModFileInfo/LOADING]: Found valid mod file placebo-283644-6274231_mapped_official_1.20.1.jar with {placebo} mods - versions {8.6.3}
[062月2026 20:49:40.415] [main/DEBUG] [net.minecraftforge.fml.loading.moddiscovery.ModFileParser/LOADING]: Considering mod file candidate D:\.gradle\caches\forge_gradle\deobf_dependencies\curse\maven\inventory-hud-forge-357540\5639966_mapped_official_1.20.1\inventory-hud-forge-357540-5639966_mapped_official_1.20.1.jar
[062月2026 20:49:40.417] [main/DEBUG] [net.minecraftforge.fml.loading.moddiscovery.ModFileInfo/LOADING]: Found valid mod file inventory-hud-forge-357540-5639966_mapped_official_1.20.1.jar with {inventoryhud} mods - versions {3.4.26}
[062月2026 20:49:40.431] [main/DEBUG] [net.minecraftforge.fml.loading.moddiscovery.ModFileParser/LOADING]: Considering mod file candidate D:\.gradle\caches\forge_gradle\deobf_dependencies\curse\maven\damage-number-998849\7060656_mapped_official_1.20.1\damage-number-998849-7060656_mapped_official_1.20.1.jar
[062月2026 20:49:40.433] [main/DEBUG] [net.minecraftforge.fml.loading.moddiscovery.ModFileInfo/LOADING]: Found valid mod file damage-number-998849-7060656_mapped_official_1.20.1.jar with {damage_number} mods - versions {2.0.4}
[062月2026 20:49:40.450] [main/DEBUG] [net.minecraftforge.fml.loading.moddiscovery.ModFileParser/LOADING]: Considering mod file candidate D:\.gradle\caches\forge_gradle\deobf_dependencies\curse\maven\curios-309927\6418456_mapped_official_1.20.1\curios-309927-6418456_mapped_official_1.20.1.jar
[062月2026 20:49:40.452] [main/DEBUG] [net.minecraftforge.fml.loading.moddiscovery.ModFileInfo/LOADING]: Found valid mod file curios-309927-6418456_mapped_official_1.20.1.jar with {curios} mods - versions {5.14.1+1.20.1}
[062月2026 20:49:40.485] [main/DEBUG] [net.minecraftforge.fml.loading.moddiscovery.ModFileParser/LOADING]: Considering mod file candidate D:\.gradle\caches\forge_gradle\deobf_dependencies\curse\maven\kaleidoscope-doll-1233277\7201584_mapped_official_1.20.1\kaleidoscope-doll-1233277-7201584_mapped_official_1.20.1.jar
[062月2026 20:49:40.486] [main/DEBUG] [net.minecraftforge.fml.loading.moddiscovery.ModFileInfo/LOADING]: Found valid mod file kaleidoscope-doll-1233277-7201584_mapped_official_1.20.1.jar with {kaleidoscope_doll} mods - versions {1.2.3-forge+mc1.20.1}
[062月2026 20:49:40.509] [main/DEBUG] [net.minecraftforge.fml.loading.moddiscovery.ModFileParser/LOADING]: Considering mod file candidate D:\.gradle\caches\forge_gradle\deobf_dependencies\curse\maven\farmers-delight-398521\6917255_mapped_official_1.20.1\farmers-delight-398521-6917255_mapped_official_1.20.1.jar
[062月2026 20:49:40.514] [main/DEBUG] [net.minecraftforge.fml.loading.moddiscovery.ModFileInfo/LOADING]: Found valid mod file farmers-delight-398521-6917255_mapped_official_1.20.1.jar with {farmersdelight} mods - versions {1.20.1-1.2.9}
[062月2026 20:49:40.535] [main/DEBUG] [net.minecraftforge.fml.loading.moddiscovery.ModFileParser/LOADING]: Considering mod file candidate D:\.gradle\caches\forge_gradle\deobf_dependencies\curse\maven\kubejs-238086\5853326_mapped_official_1.20.1\kubejs-238086-5853326_mapped_official_1.20.1.jar
[062月2026 20:49:40.536] [main/DEBUG] [net.minecraftforge.fml.loading.moddiscovery.ModFileInfo/LOADING]: Found valid mod file kubejs-238086-5853326_mapped_official_1.20.1.jar with {kubejs} mods - versions {2001.6.5-build.16}
[062月2026 20:49:40.551] [main/DEBUG] [net.minecraftforge.fml.loading.moddiscovery.ModFileParser/LOADING]: Considering mod file candidate D:\.gradle\caches\forge_gradle\deobf_dependencies\curse\maven\rhino-416294\6186971_mapped_official_1.20.1\rhino-416294-6186971_mapped_official_1.20.1.jar
[062月2026 20:49:40.552] [main/DEBUG] [net.minecraftforge.fml.loading.moddiscovery.ModFileInfo/LOADING]: Found valid mod file rhino-416294-6186971_mapped_official_1.20.1.jar with {rhino} mods - versions {2001.2.3-build.10}
[062月2026 20:49:40.564] [main/DEBUG] [net.minecraftforge.fml.loading.moddiscovery.ModFileParser/LOADING]: Considering mod file candidate D:\.gradle\caches\forge_gradle\deobf_dependencies\curse\maven\architectury-api-419699\5137938_mapped_official_1.20.1\architectury-api-419699-5137938_mapped_official_1.20.1.jar
[062月2026 20:49:40.565] [main/DEBUG] [net.minecraftforge.fml.loading.moddiscovery.ModFileInfo/LOADING]: Found valid mod file architectury-api-419699-5137938_mapped_official_1.20.1.jar with {architectury} mods - versions {9.2.14}
[062月2026 20:49:40.580] [main/DEBUG] [net.minecraftforge.fml.loading.moddiscovery.ModFileParser/LOADING]: Considering mod file candidate D:\.gradle\caches\forge_gradle\deobf_dependencies\curse\maven\lendercataclysm-551586\6906993_mapped_official_1.20.1\lendercataclysm-551586-6906993_mapped_official_1.20.1.jar
[062月2026 20:49:40.585] [main/DEBUG] [net.minecraftforge.fml.loading.moddiscovery.ModFileInfo/LOADING]: Found valid mod file lendercataclysm-551586-6906993_mapped_official_1.20.1.jar with {cataclysm} mods - versions {3.16}
[062月2026 20:49:40.612] [main/DEBUG] [net.minecraftforge.fml.loading.moddiscovery.ModFileParser/LOADING]: Considering mod file candidate D:\.gradle\caches\forge_gradle\deobf_dependencies\curse\maven\lionfish-api-1001614\5922047_mapped_official_1.20.1\lionfish-api-1001614-5922047_mapped_official_1.20.1.jar
[062月2026 20:49:40.615] [main/DEBUG] [net.minecraftforge.fml.loading.moddiscovery.ModFileInfo/LOADING]: Found valid mod file lionfish-api-1001614-5922047_mapped_official_1.20.1.jar with {lionfishapi} mods - versions {2.4-Fix}
[062月2026 20:49:40.638] [main/DEBUG] [net.minecraftforge.fml.loading.moddiscovery.ModFileParser/LOADING]: Considering mod file candidate D:\.gradle\caches\forge_gradle\deobf_dependencies\curse\maven\screenshot-to-clipboard-326950\3643026_mapped_official_1.20.1\screenshot-to-clipboard-326950-3643026_mapped_official_1.20.1.jar
[062月2026 20:49:40.640] [main/DEBUG] [net.minecraftforge.fml.loading.moddiscovery.ModFileInfo/LOADING]: Found valid mod file screenshot-to-clipboard-326950-3643026_mapped_official_1.20.1.jar with {screenshotclipboard} mods - versions {1.0.9}
[062月2026 20:49:40.659] [main/DEBUG] [net.minecraftforge.fml.loading.moddiscovery.ModFileParser/LOADING]: Considering mod file candidate D:\.gradle\caches\forge_gradle\deobf_dependencies\curse\maven\scannable-266784\4763070_mapped_official_1.20.1\scannable-266784-4763070_mapped_official_1.20.1.jar
[062月2026 20:49:40.670] [main/DEBUG] [net.minecraftforge.fml.loading.moddiscovery.ModFileInfo/LOADING]: Found valid mod file scannable-266784-4763070_mapped_official_1.20.1.jar with {scannable} mods - versions {1.7.12+18ccb75}
[062月2026 20:49:40.739] [main/DEBUG] [net.minecraftforge.fml.loading.moddiscovery.ModFileParser/LOADING]: Considering mod file candidate D:\.gradle\caches\forge_gradle\deobf_dependencies\blank\kaleidoscope_nether\1.0.6-1.20.1_mapped_official_1.20.1\kaleidoscope_nether-1.0.6-1.20.1_mapped_official_1.20.1.jar
[062月2026 20:49:40.744] [main/DEBUG] [net.minecraftforge.fml.loading.moddiscovery.ModFileInfo/LOADING]: Found valid mod file kaleidoscope_nether-1.0.6-1.20.1_mapped_official_1.20.1.jar with {kaleidoscope_nether} mods - versions {1.0.6-1.20.1}
[062月2026 20:49:40.791] [main/DEBUG] [net.minecraftforge.fml.loading.moddiscovery.ModFileParser/LOADING]: Considering mod file candidate D:\.gradle\caches\forge_gradle\deobf_dependencies\curse\maven\kaleidoscope-cookery-1309203\7473809_mapped_official_1.20.1\kaleidoscope-cookery-1309203-7473809_mapped_official_1.20.1.jar
[062月2026 20:49:40.808] [main/DEBUG] [net.minecraftforge.fml.loading.moddiscovery.ModFileInfo/LOADING]: Found valid mod file kaleidoscope-cookery-1309203-7473809_mapped_official_1.20.1.jar with {kaleidoscope_cookery} mods - versions {1.2.0-forge+mc1.20.1}
[062月2026 20:49:40.845] [main/DEBUG] [net.minecraftforge.fml.loading.moddiscovery.ModFileParser/LOADING]: Considering mod file candidate D:\.gradle\caches\forge_gradle\deobf_dependencies\curse\maven\alexs-mobs-426558\5698791_mapped_official_1.20.1\alexs-mobs-426558-5698791_mapped_official_1.20.1.jar
[062月2026 20:49:40.847] [main/DEBUG] [net.minecraftforge.fml.loading.moddiscovery.ModFileInfo/LOADING]: Found valid mod file alexs-mobs-426558-5698791_mapped_official_1.20.1.jar with {alexsmobs} mods - versions {1.22.9}
[062月2026 20:49:40.900] [main/DEBUG] [net.minecraftforge.fml.loading.moddiscovery.ModFileParser/LOADING]: Considering mod file candidate D:\.gradle\caches\forge_gradle\deobf_dependencies\curse\maven\citadel-331936\6702068_mapped_official_1.20.1\citadel-331936-6702068_mapped_official_1.20.1.jar
[062月2026 20:49:40.906] [main/DEBUG] [net.minecraftforge.fml.loading.moddiscovery.ModFileInfo/LOADING]: Found valid mod file citadel-331936-6702068_mapped_official_1.20.1.jar with {citadel} mods - versions {2.6.2}
[062月2026 20:49:40.948] [main/DEBUG] [net.minecraftforge.fml.loading.moddiscovery.ModFileParser/LOADING]: Considering mod file candidate D:\.gradle\caches\forge_gradle\deobf_dependencies\curse\maven\jei-238222\7361881_mapped_official_1.20.1\jei-238222-7361881_mapped_official_1.20.1.jar
[062月2026 20:49:40.950] [main/DEBUG] [net.minecraftforge.fml.loading.moddiscovery.ModFileInfo/LOADING]: Found valid mod file jei-238222-7361881_mapped_official_1.20.1.jar with {jei} mods - versions {15.20.0.128}
[062月2026 20:49:40.976] [main/DEBUG] [net.minecraftforge.fml.loading.moddiscovery.ModFileParser/LOADING]: Considering mod file candidate D:\.gradle\caches\forge_gradle\deobf_dependencies\curse\maven\Jade-324717\6855440_mapped_official_1.20.1\jade-324717-6855440_mapped_official_1.20.1.jar
[062月2026 20:49:41.011] [main/DEBUG] [net.minecraftforge.fml.loading.moddiscovery.ModFileInfo/LOADING]: Found valid mod file jade-324717-6855440_mapped_official_1.20.1.jar with {jade} mods - versions {11.13.2+forge}
[062月2026 20:49:41.091] [main/DEBUG] [net.minecraftforge.fml.loading.moddiscovery.ModFileParser/LOADING]: Considering mod file candidate D:\.gradle\caches\forge_gradle\deobf_dependencies\curse\maven\just-enough-effect-descriptions-jeed-532286\6172935_mapped_official_1.20.1\just-enough-effect-descriptions-jeed-532286-6172935_mapped_official_1.20.1.jar
[062月2026 20:49:41.096] [main/DEBUG] [net.minecraftforge.fml.loading.moddiscovery.ModFileInfo/LOADING]: Found valid mod file just-enough-effect-descriptions-jeed-532286-6172935_mapped_official_1.20.1.jar with {jeed} mods - versions {1.20-2.2.5}
[062月2026 20:49:41.150] [main/DEBUG] [net.minecraftforge.fml.loading.moddiscovery.ModFileParser/LOADING]: Considering mod file candidate D:\.gradle\caches\forge_gradle\deobf_dependencies\curse\maven\appleskin-248787\4770828_mapped_official_1.20.1\appleskin-248787-4770828_mapped_official_1.20.1.jar
[062月2026 20:49:41.156] [main/DEBUG] [net.minecraftforge.fml.loading.moddiscovery.ModFileInfo/LOADING]: Found valid mod file appleskin-248787-4770828_mapped_official_1.20.1.jar with {appleskin} mods - versions {2.5.1+mc1.20.1}
[062月2026 20:49:41.189] [main/DEBUG] [net.minecraftforge.fml.loading.moddiscovery.ModFileParser/LOADING]: Considering mod file candidate D:\.gradle\caches\forge_gradle\deobf_dependencies\curse\maven\embeddium-908741\5681725_mapped_official_1.20.1\embeddium-908741-5681725_mapped_official_1.20.1.jar
[062月2026 20:49:41.196] [main/DEBUG] [net.minecraftforge.fml.loading.moddiscovery.ModFileInfo/LOADING]: Found valid mod file embeddium-908741-5681725_mapped_official_1.20.1.jar with {embeddium,rubidium} mods - versions {0.3.31+mc1.20.1,0.7.1}
[062月2026 20:49:41.226] [main/DEBUG] [net.minecraftforge.fml.loading.moddiscovery.ModFileParser/LOADING]: Considering mod file candidate D:\.gradle\caches\forge_gradle\deobf_dependencies\curse\maven\radium-reforged-570017\5706069_mapped_official_1.20.1\radium-reforged-570017-5706069_mapped_official_1.20.1.jar
[062月2026 20:49:41.228] [main/DEBUG] [net.minecraftforge.fml.loading.moddiscovery.ModFileInfo/LOADING]: Found valid mod file radium-reforged-570017-5706069_mapped_official_1.20.1.jar with {radium} mods - versions {0.12.4+git.26c9d8e}
[062月2026 20:49:41.279] [main/DEBUG] [net.minecraftforge.fml.loading.moddiscovery.ModFileParser/LOADING]: Considering mod file candidate D:\.gradle\caches\forge_gradle\deobf_dependencies\curse\maven\mmmmmmmmmmmm-225738\6860192_mapped_official_1.20.1\mmmmmmmmmmmm-225738-6860192_mapped_official_1.20.1.jar
[062月2026 20:49:41.283] [main/DEBUG] [net.minecraftforge.fml.loading.moddiscovery.ModFileInfo/LOADING]: Found valid mod file mmmmmmmmmmmm-225738-6860192_mapped_official_1.20.1.jar with {dummmmmmy} mods - versions {1.20-2.0.9}
[062月2026 20:49:41.301] [main/DEBUG] [net.minecraftforge.fml.loading.moddiscovery.ModFileParser/LOADING]: Considering mod file candidate D:\.gradle\caches\forge_gradle\deobf_dependencies\curse\maven\selene-499980\7388296_mapped_official_1.20.1\selene-499980-7388296_mapped_official_1.20.1.jar
[062月2026 20:49:41.305] [main/DEBUG] [net.minecraftforge.fml.loading.moddiscovery.ModFileInfo/LOADING]: Found valid mod file selene-499980-7388296_mapped_official_1.20.1.jar with {moonlight} mods - versions {1.20-2.16.19}
[062月2026 20:49:41.331] [main/DEBUG] [net.minecraftforge.fml.loading.moddiscovery.ModFileParser/LOADING]: Considering mod file candidate D:\.gradle\caches\forge_gradle\deobf_dependencies\curse\maven\apothic-attributes-898963\5634071_mapped_official_1.20.1\apothic-attributes-898963-5634071_mapped_official_1.20.1.jar
[062月2026 20:49:41.332] [main/DEBUG] [net.minecraftforge.fml.loading.moddiscovery.ModFileInfo/LOADING]: Found valid mod file apothic-attributes-898963-5634071_mapped_official_1.20.1.jar with {attributeslib} mods - versions {1.3.7}
[062月2026 20:49:41.390] [main/DEBUG] [net.minecraftforge.fml.loading.moddiscovery.ModFileParser/LOADING]: Considering mod file candidate D:\.gradle\caches\forge_gradle\deobf_dependencies\curse\maven\placebo-283644\6274231_mapped_official_1.20.1\placebo-283644-6274231_mapped_official_1.20.1.jar
[062月2026 20:49:41.392] [main/DEBUG] [net.minecraftforge.fml.loading.moddiscovery.ModFileInfo/LOADING]: Found valid mod file placebo-283644-6274231_mapped_official_1.20.1.jar with {placebo} mods - versions {8.6.3}
[062月2026 20:49:41.429] [main/DEBUG] [net.minecraftforge.fml.loading.moddiscovery.ModFileParser/LOADING]: Considering mod file candidate D:\.gradle\caches\forge_gradle\deobf_dependencies\curse\maven\inventory-hud-forge-357540\5639966_mapped_official_1.20.1\inventory-hud-forge-357540-5639966_mapped_official_1.20.1.jar
[062月2026 20:49:41.432] [main/DEBUG] [net.minecraftforge.fml.loading.moddiscovery.ModFileInfo/LOADING]: Found valid mod file inventory-hud-forge-357540-5639966_mapped_official_1.20.1.jar with {inventoryhud} mods - versions {3.4.26}
[062月2026 20:49:41.483] [main/DEBUG] [net.minecraftforge.fml.loading.moddiscovery.ModFileParser/LOADING]: Considering mod file candidate D:\.gradle\caches\forge_gradle\deobf_dependencies\curse\maven\damage-number-998849\7060656_mapped_official_1.20.1\damage-number-998849-7060656_mapped_official_1.20.1.jar
[062月2026 20:49:41.486] [main/DEBUG] [net.minecraftforge.fml.loading.moddiscovery.ModFileInfo/LOADING]: Found valid mod file damage-number-998849-7060656_mapped_official_1.20.1.jar with {damage_number} mods - versions {2.0.4}
[062月2026 20:49:41.514] [main/DEBUG] [net.minecraftforge.fml.loading.moddiscovery.ModFileParser/LOADING]: Considering mod file candidate D:\.gradle\caches\forge_gradle\deobf_dependencies\curse\maven\curios-309927\6418456_mapped_official_1.20.1\curios-309927-6418456_mapped_official_1.20.1.jar
[062月2026 20:49:41.521] [main/DEBUG] [net.minecraftforge.fml.loading.moddiscovery.ModFileInfo/LOADING]: Found valid mod file curios-309927-6418456_mapped_official_1.20.1.jar with {curios} mods - versions {5.14.1+1.20.1}
[062月2026 20:49:41.543] [main/DEBUG] [net.minecraftforge.fml.loading.moddiscovery.ModFileParser/LOADING]: Considering mod file candidate D:\.gradle\caches\forge_gradle\deobf_dependencies\curse\maven\kaleidoscope-doll-1233277\7201584_mapped_official_1.20.1\kaleidoscope-doll-1233277-7201584_mapped_official_1.20.1.jar
[062月2026 20:49:41.549] [main/DEBUG] [net.minecraftforge.fml.loading.moddiscovery.ModFileInfo/LOADING]: Found valid mod file kaleidoscope-doll-1233277-7201584_mapped_official_1.20.1.jar with {kaleidoscope_doll} mods - versions {1.2.3-forge+mc1.20.1}
[062月2026 20:49:41.566] [main/DEBUG] [net.minecraftforge.fml.loading.moddiscovery.ModFileParser/LOADING]: Considering mod file candidate D:\.gradle\caches\forge_gradle\deobf_dependencies\curse\maven\farmers-delight-398521\6917255_mapped_official_1.20.1\farmers-delight-398521-6917255_mapped_official_1.20.1.jar
[062月2026 20:49:41.574] [main/DEBUG] [net.minecraftforge.fml.loading.moddiscovery.ModFileInfo/LOADING]: Found valid mod file farmers-delight-398521-6917255_mapped_official_1.20.1.jar with {farmersdelight} mods - versions {1.20.1-1.2.9}
[062月2026 20:49:41.593] [main/DEBUG] [net.minecraftforge.fml.loading.moddiscovery.ModFileParser/LOADING]: Considering mod file candidate D:\.gradle\caches\forge_gradle\deobf_dependencies\curse\maven\kubejs-238086\5853326_mapped_official_1.20.1\kubejs-238086-5853326_mapped_official_1.20.1.jar
[062月2026 20:49:41.596] [main/DEBUG] [net.minecraftforge.fml.loading.moddiscovery.ModFileInfo/LOADING]: Found valid mod file kubejs-238086-5853326_mapped_official_1.20.1.jar with {kubejs} mods - versions {2001.6.5-build.16}
[062月2026 20:49:41.630] [main/DEBUG] [net.minecraftforge.fml.loading.moddiscovery.ModFileParser/LOADING]: Considering mod file candidate D:\.gradle\caches\forge_gradle\deobf_dependencies\curse\maven\rhino-416294\6186971_mapped_official_1.20.1\rhino-416294-6186971_mapped_official_1.20.1.jar
[062月2026 20:49:41.632] [main/DEBUG] [net.minecraftforge.fml.loading.moddiscovery.ModFileInfo/LOADING]: Found valid mod file rhino-416294-6186971_mapped_official_1.20.1.jar with {rhino} mods - versions {2001.2.3-build.10}
[062月2026 20:49:41.654] [main/DEBUG] [net.minecraftforge.fml.loading.moddiscovery.ModFileParser/LOADING]: Considering mod file candidate D:\.gradle\caches\forge_gradle\deobf_dependencies\curse\maven\architectury-api-419699\5137938_mapped_official_1.20.1\architectury-api-419699-5137938_mapped_official_1.20.1.jar
[062月2026 20:49:41.660] [main/DEBUG] [net.minecraftforge.fml.loading.moddiscovery.ModFileInfo/LOADING]: Found valid mod file architectury-api-419699-5137938_mapped_official_1.20.1.jar with {architectury} mods - versions {9.2.14}
[062月2026 20:49:41.697] [main/DEBUG] [net.minecraftforge.fml.loading.moddiscovery.ModFileParser/LOADING]: Considering mod file candidate D:\.gradle\caches\forge_gradle\deobf_dependencies\curse\maven\lendercataclysm-551586\6906993_mapped_official_1.20.1\lendercataclysm-551586-6906993_mapped_official_1.20.1.jar
[062月2026 20:49:41.700] [main/DEBUG] [net.minecraftforge.fml.loading.moddiscovery.ModFileInfo/LOADING]: Found valid mod file lendercataclysm-551586-6906993_mapped_official_1.20.1.jar with {cataclysm} mods - versions {3.16}
[062月2026 20:49:41.731] [main/DEBUG] [net.minecraftforge.fml.loading.moddiscovery.ModFileParser/LOADING]: Considering mod file candidate D:\.gradle\caches\forge_gradle\deobf_dependencies\curse\maven\lionfish-api-1001614\5922047_mapped_official_1.20.1\lionfish-api-1001614-5922047_mapped_official_1.20.1.jar
[062月2026 20:49:41.732] [main/DEBUG] [net.minecraftforge.fml.loading.moddiscovery.ModFileInfo/LOADING]: Found valid mod file lionfish-api-1001614-5922047_mapped_official_1.20.1.jar with {lionfishapi} mods - versions {2.4-Fix}
[062月2026 20:49:41.761] [main/DEBUG] [net.minecraftforge.fml.loading.moddiscovery.ModFileParser/LOADING]: Considering mod file candidate D:\.gradle\caches\forge_gradle\deobf_dependencies\curse\maven\screenshot-to-clipboard-326950\3643026_mapped_official_1.20.1\screenshot-to-clipboard-326950-3643026_mapped_official_1.20.1.jar
[062月2026 20:49:41.764] [main/DEBUG] [net.minecraftforge.fml.loading.moddiscovery.ModFileInfo/LOADING]: Found valid mod file screenshot-to-clipboard-326950-3643026_mapped_official_1.20.1.jar with {screenshotclipboard} mods - versions {1.0.9}
[062月2026 20:49:41.798] [main/DEBUG] [net.minecraftforge.fml.loading.moddiscovery.ModFileParser/LOADING]: Considering mod file candidate D:\.gradle\caches\forge_gradle\deobf_dependencies\curse\maven\scannable-266784\4763070_mapped_official_1.20.1\scannable-266784-4763070_mapped_official_1.20.1.jar
[062月2026 20:49:41.808] [main/DEBUG] [net.minecraftforge.fml.loading.moddiscovery.ModFileInfo/LOADING]: Found valid mod file scannable-266784-4763070_mapped_official_1.20.1.jar with {scannable} mods - versions {1.7.12+18ccb75}
[062月2026 20:49:41.831] [main/DEBUG] [net.minecraftforge.fml.loading.UniqueModListBuilder/]: Found 2 mods for first modid farmersdelight, selecting most recent based on version data
[062月2026 20:49:41.833] [main/DEBUG] [net.minecraftforge.fml.loading.UniqueModListBuilder/]: Selected file farmers-delight-398521-6917255_mapped_official_1.20.1.jar for modid farmersdelight with version 1.20.1-1.2.9
[062月2026 20:49:41.835] [main/DEBUG] [net.minecraftforge.fml.loading.UniqueModListBuilder/]: Found 2 mods for first modid radium, selecting most recent based on version data
[062月2026 20:49:41.838] [main/DEBUG] [net.minecraftforge.fml.loading.UniqueModListBuilder/]: Selected file radium-reforged-570017-5706069_mapped_official_1.20.1.jar for modid radium with version 0.12.4+git.26c9d8e
[062月2026 20:49:41.840] [main/DEBUG] [net.minecraftforge.fml.loading.UniqueModListBuilder/]: Found 2 mods for first modid rhino, selecting most recent based on version data
[062月2026 20:49:41.842] [main/DEBUG] [net.minecraftforge.fml.loading.UniqueModListBuilder/]: Selected file rhino-416294-6186971_mapped_official_1.20.1.jar for modid rhino with version 2001.2.3-build.10
[062月2026 20:49:41.845] [main/DEBUG] [net.minecraftforge.fml.loading.UniqueModListBuilder/]: Found 2 mods for first modid kubejs, selecting most recent based on version data
[062月2026 20:49:41.845] [main/DEBUG] [net.minecraftforge.fml.loading.UniqueModListBuilder/]: Selected file kubejs-238086-5853326_mapped_official_1.20.1.jar for modid kubejs with version 2001.6.5-build.16
[062月2026 20:49:41.846] [main/DEBUG] [net.minecraftforge.fml.loading.UniqueModListBuilder/]: Found 2 mods for first modid damage_number, selecting most recent based on version data
[062月2026 20:49:41.846] [main/DEBUG] [net.minecraftforge.fml.loading.UniqueModListBuilder/]: Selected file damage-number-998849-7060656_mapped_official_1.20.1.jar for modid damage_number with version 2.0.4
[062月2026 20:49:41.846] [main/DEBUG] [net.minecraftforge.fml.loading.UniqueModListBuilder/]: Found 2 mods for first modid moonlight, selecting most recent based on version data
[062月2026 20:49:41.846] [main/DEBUG] [net.minecraftforge.fml.loading.UniqueModListBuilder/]: Selected file selene-499980-7388296_mapped_official_1.20.1.jar for modid moonlight with version 1.20-2.16.19
[062月2026 20:49:41.847] [main/DEBUG] [net.minecraftforge.fml.loading.UniqueModListBuilder/]: Found 2 mods for first modid kaleidoscope_nether, selecting most recent based on version data
[062月2026 20:49:41.847] [main/DEBUG] [net.minecraftforge.fml.loading.UniqueModListBuilder/]: Selected file kaleidoscope_nether-1.0.6-1.20.1_mapped_official_1.20.1.jar for modid kaleidoscope_nether with version 1.0.6-1.20.1
[062月2026 20:49:41.847] [main/DEBUG] [net.minecraftforge.fml.loading.UniqueModListBuilder/]: Found 2 mods for first modid alexsmobs, selecting most recent based on version data
[062月2026 20:49:41.847] [main/DEBUG] [net.minecraftforge.fml.loading.UniqueModListBuilder/]: Selected file alexs-mobs-426558-5698791_mapped_official_1.20.1.jar for modid alexsmobs with version 1.22.9
[062月2026 20:49:41.847] [main/DEBUG] [net.minecraftforge.fml.loading.UniqueModListBuilder/]: Found 2 mods for first modid jade, selecting most recent based on version data
[062月2026 20:49:41.847] [main/DEBUG] [net.minecraftforge.fml.loading.UniqueModListBuilder/]: Selected file jade-324717-6855440_mapped_official_1.20.1.jar for modid jade with version 11.13.2+forge
[062月2026 20:49:41.848] [main/DEBUG] [net.minecraftforge.fml.loading.UniqueModListBuilder/]: Found 2 mods for first modid jei, selecting most recent based on version data
[062月2026 20:49:41.848] [main/DEBUG] [net.minecraftforge.fml.loading.UniqueModListBuilder/]: Selected file jei-238222-7361881_mapped_official_1.20.1.jar for modid jei with version 15.20.0.128
[062月2026 20:49:41.848] [main/DEBUG] [net.minecraftforge.fml.loading.UniqueModListBuilder/]: Found 2 mods for first modid lionfishapi, selecting most recent based on version data
[062月2026 20:49:41.848] [main/DEBUG] [net.minecraftforge.fml.loading.UniqueModListBuilder/]: Selected file lionfish-api-1001614-5922047_mapped_official_1.20.1.jar for modid lionfishapi with version 2.4-Fix
[062月2026 20:49:41.848] [main/DEBUG] [net.minecraftforge.fml.loading.UniqueModListBuilder/]: Found 2 mods for first modid scannable, selecting most recent based on version data
[062月2026 20:49:41.848] [main/DEBUG] [net.minecraftforge.fml.loading.UniqueModListBuilder/]: Selected file scannable-266784-4763070_mapped_official_1.20.1.jar for modid scannable with version 1.7.12+18ccb75
[062月2026 20:49:41.849] [main/DEBUG] [net.minecraftforge.fml.loading.UniqueModListBuilder/]: Found 2 mods for first modid cataclysm, selecting most recent based on version data
[062月2026 20:49:41.849] [main/DEBUG] [net.minecraftforge.fml.loading.UniqueModListBuilder/]: Selected file lendercataclysm-551586-6906993_mapped_official_1.20.1.jar for modid cataclysm with version 3.16
[062月2026 20:49:41.849] [main/DEBUG] [net.minecraftforge.fml.loading.UniqueModListBuilder/]: Found 2 mods for first modid curios, selecting most recent based on version data
[062月2026 20:49:41.849] [main/DEBUG] [net.minecraftforge.fml.loading.UniqueModListBuilder/]: Selected file curios-309927-6418456_mapped_official_1.20.1.jar for modid curios with version 5.14.1+1.20.1
[062月2026 20:49:41.850] [main/DEBUG] [net.minecraftforge.fml.loading.UniqueModListBuilder/]: Found 2 mods for first modid placebo, selecting most recent based on version data
[062月2026 20:49:41.850] [main/DEBUG] [net.minecraftforge.fml.loading.UniqueModListBuilder/]: Selected file placebo-283644-6274231_mapped_official_1.20.1.jar for modid placebo with version 8.6.3
[062月2026 20:49:41.850] [main/DEBUG] [net.minecraftforge.fml.loading.UniqueModListBuilder/]: Found 2 mods for first modid citadel, selecting most recent based on version data
[062月2026 20:49:41.851] [main/DEBUG] [net.minecraftforge.fml.loading.UniqueModListBuilder/]: Selected file citadel-331936-6702068_mapped_official_1.20.1.jar for modid citadel with version 2.6.2
[062月2026 20:49:41.852] [main/DEBUG] [net.minecraftforge.fml.loading.UniqueModListBuilder/]: Found 2 mods for first modid attributeslib, selecting most recent based on version data
[062月2026 20:49:41.854] [main/DEBUG] [net.minecraftforge.fml.loading.UniqueModListBuilder/]: Selected file apothic-attributes-898963-5634071_mapped_official_1.20.1.jar for modid attributeslib with version 1.3.7
[062月2026 20:49:41.855] [main/DEBUG] [net.minecraftforge.fml.loading.UniqueModListBuilder/]: Found 2 mods for first modid inventoryhud, selecting most recent based on version data
[062月2026 20:49:41.856] [main/DEBUG] [net.minecraftforge.fml.loading.UniqueModListBuilder/]: Selected file inventory-hud-forge-357540-5639966_mapped_official_1.20.1.jar for modid inventoryhud with version 3.4.26
[062月2026 20:49:41.856] [main/DEBUG] [net.minecraftforge.fml.loading.UniqueModListBuilder/]: Found 2 mods for first modid screenshotclipboard, selecting most recent based on version data
[062月2026 20:49:41.856] [main/DEBUG] [net.minecraftforge.fml.loading.UniqueModListBuilder/]: Selected file screenshot-to-clipboard-326950-3643026_mapped_official_1.20.1.jar for modid screenshotclipboard with version 1.0.9
[062月2026 20:49:41.858] [main/DEBUG] [net.minecraftforge.fml.loading.UniqueModListBuilder/]: Found 2 mods for first modid architectury, selecting most recent based on version data
[062月2026 20:49:41.862] [main/DEBUG] [net.minecraftforge.fml.loading.UniqueModListBuilder/]: Selected file architectury-api-419699-5137938_mapped_official_1.20.1.jar for modid architectury with version 9.2.14
[062月2026 20:49:41.865] [main/DEBUG] [net.minecraftforge.fml.loading.UniqueModListBuilder/]: Found 2 mods for first modid appleskin, selecting most recent based on version data
[062月2026 20:49:41.884] [main/DEBUG] [net.minecraftforge.fml.loading.UniqueModListBuilder/]: Selected file appleskin-248787-4770828_mapped_official_1.20.1.jar for modid appleskin with version 2.5.1+mc1.20.1
[062月2026 20:49:41.885] [main/DEBUG] [net.minecraftforge.fml.loading.UniqueModListBuilder/]: Found 2 mods for first modid jeed, selecting most recent based on version data
[062月2026 20:49:41.891] [main/DEBUG] [net.minecraftforge.fml.loading.UniqueModListBuilder/]: Selected file just-enough-effect-descriptions-jeed-532286-6172935_mapped_official_1.20.1.jar for modid jeed with version 1.20-2.2.5
[062月2026 20:49:41.896] [main/DEBUG] [net.minecraftforge.fml.loading.UniqueModListBuilder/]: Found 2 mods for first modid kaleidoscope_doll, selecting most recent based on version data
[062月2026 20:49:41.897] [main/DEBUG] [net.minecraftforge.fml.loading.UniqueModListBuilder/]: Selected file kaleidoscope-doll-1233277-7201584_mapped_official_1.20.1.jar for modid kaleidoscope_doll with version 1.2.3-forge+mc1.20.1
[062月2026 20:49:41.897] [main/DEBUG] [net.minecraftforge.fml.loading.UniqueModListBuilder/]: Found 2 mods for first modid kaleidoscope_cookery, selecting most recent based on version data
[062月2026 20:49:41.904] [main/DEBUG] [net.minecraftforge.fml.loading.UniqueModListBuilder/]: Selected file kaleidoscope-cookery-1309203-7473809_mapped_official_1.20.1.jar for modid kaleidoscope_cookery with version 1.2.0-forge+mc1.20.1
[062月2026 20:49:41.907] [main/DEBUG] [net.minecraftforge.fml.loading.UniqueModListBuilder/]: Found 2 mods for first modid dummmmmmy, selecting most recent based on version data
[062月2026 20:49:41.908] [main/DEBUG] [net.minecraftforge.fml.loading.UniqueModListBuilder/]: Selected file mmmmmmmmmmmm-225738-6860192_mapped_official_1.20.1.jar for modid dummmmmmy with version 1.20-2.0.9
[062月2026 20:49:41.909] [main/DEBUG] [net.minecraftforge.fml.loading.UniqueModListBuilder/]: Found 2 mods for first modid embeddium, selecting most recent based on version data
[062月2026 20:49:41.909] [main/DEBUG] [net.minecraftforge.fml.loading.UniqueModListBuilder/]: Selected file embeddium-908741-5681725_mapped_official_1.20.1.jar for modid embeddium with version 0.3.31+mc1.20.1
[062月2026 20:49:41.953] [main/DEBUG] [net.minecraftforge.fml.loading.moddiscovery.AbstractJarFileDependencyLocator/]: Failed to load resource META-INF\jarjar\metadata.json from farmers-delight-398521-6917255_mapped_official_1.20.1.jar, it does not contain dependency information.
[062月2026 20:49:41.953] [main/DEBUG] [net.minecraftforge.fml.loading.moddiscovery.AbstractJarFileDependencyLocator/]: Failed to load resource META-INF\jarjar\metadata.json from forge-1.20.1-47.4.0_mapped_official_1.20.1-recomp.jar, it does not contain dependency information.
[062月2026 20:49:41.955] [main/DEBUG] [net.minecraftforge.fml.loading.moddiscovery.AbstractJarFileDependencyLocator/]: Failed to load resource META-INF\jarjar\metadata.json from rhino-416294-6186971_mapped_official_1.20.1.jar, it does not contain dependency information.
[062月2026 20:49:41.955] [main/DEBUG] [net.minecraftforge.fml.loading.moddiscovery.AbstractJarFileDependencyLocator/]: Failed to load resource META-INF\jarjar\metadata.json from kaleidoscope_nether-1.0.6-1.20.1_mapped_official_1.20.1.jar, it does not contain dependency information.
[062月2026 20:49:41.955] [main/DEBUG] [net.minecraftforge.fml.loading.moddiscovery.AbstractJarFileDependencyLocator/]: Failed to load resource META-INF\jarjar\metadata.json from alexs-mobs-426558-5698791_mapped_official_1.20.1.jar, it does not contain dependency information.
[062月2026 20:49:41.955] [main/DEBUG] [net.minecraftforge.fml.loading.moddiscovery.AbstractJarFileDependencyLocator/]: Failed to load resource META-INF\jarjar\metadata.json from jade-324717-6855440_mapped_official_1.20.1.jar, it does not contain dependency information.
[062月2026 20:49:41.955] [main/DEBUG] [net.minecraftforge.fml.loading.moddiscovery.AbstractJarFileDependencyLocator/]: Failed to load resource META-INF\jarjar\metadata.json from jei-238222-7361881_mapped_official_1.20.1.jar, it does not contain dependency information.
[062月2026 20:49:41.955] [main/DEBUG] [net.minecraftforge.fml.loading.moddiscovery.AbstractJarFileDependencyLocator/]: Failed to load resource META-INF\jarjar\metadata.json from lionfish-api-1001614-5922047_mapped_official_1.20.1.jar, it does not contain dependency information.
[062月2026 20:49:41.955] [main/DEBUG] [net.minecraftforge.fml.loading.moddiscovery.AbstractJarFileDependencyLocator/]: Failed to load resource META-INF\jarjar\metadata.json from scannable-266784-4763070_mapped_official_1.20.1.jar, it does not contain dependency information.
[062月2026 20:49:41.956] [main/DEBUG] [net.minecraftforge.fml.loading.moddiscovery.AbstractJarFileDependencyLocator/]: Failed to load resource META-INF\jarjar\metadata.json from lendercataclysm-551586-6906993_mapped_official_1.20.1.jar, it does not contain dependency information.
[062月2026 20:49:41.956] [main/DEBUG] [net.minecraftforge.fml.loading.moddiscovery.AbstractJarFileDependencyLocator/]: Failed to load resource META-INF\jarjar\metadata.json from curios-309927-6418456_mapped_official_1.20.1.jar, it does not contain dependency information.
[062月2026 20:49:41.956] [main/DEBUG] [net.minecraftforge.fml.loading.moddiscovery.AbstractJarFileDependencyLocator/]: Failed to load resource META-INF\jarjar\metadata.json from placebo-283644-6274231_mapped_official_1.20.1.jar, it does not contain dependency information.
[062月2026 20:49:41.956] [main/DEBUG] [net.minecraftforge.fml.loading.moddiscovery.AbstractJarFileDependencyLocator/]: Failed to load resource META-INF\jarjar\metadata.json from citadel-331936-6702068_mapped_official_1.20.1.jar, it does not contain dependency information.
[062月2026 20:49:41.956] [main/DEBUG] [net.minecraftforge.fml.loading.moddiscovery.AbstractJarFileDependencyLocator/]: Failed to load resource META-INF\jarjar\metadata.json from apothic-attributes-898963-5634071_mapped_official_1.20.1.jar, it does not contain dependency information.
[062月2026 20:49:41.957] [main/DEBUG] [net.minecraftforge.fml.loading.moddiscovery.AbstractJarFileDependencyLocator/]: Failed to load resource META-INF\jarjar\metadata.json from inventory-hud-forge-357540-5639966_mapped_official_1.20.1.jar, it does not contain dependency information.
[062月2026 20:49:41.957] [main/DEBUG] [net.minecraftforge.fml.loading.moddiscovery.AbstractJarFileDependencyLocator/]: Failed to load resource META-INF\jarjar\metadata.json from main, it does not contain dependency information.
[062月2026 20:49:41.958] [main/DEBUG] [net.minecraftforge.fml.loading.moddiscovery.AbstractJarFileDependencyLocator/]: Failed to load resource META-INF\jarjar\metadata.json from screenshot-to-clipboard-326950-3643026_mapped_official_1.20.1.jar, it does not contain dependency information.
[062月2026 20:49:41.960] [main/DEBUG] [net.minecraftforge.fml.loading.moddiscovery.AbstractJarFileDependencyLocator/]: Failed to load resource META-INF\jarjar\metadata.json from architectury-api-419699-5137938_mapped_official_1.20.1.jar, it does not contain dependency information.
[062月2026 20:49:41.962] [main/DEBUG] [net.minecraftforge.fml.loading.moddiscovery.AbstractJarFileDependencyLocator/]: Failed to load resource META-INF\jarjar\metadata.json from appleskin-248787-4770828_mapped_official_1.20.1.jar, it does not contain dependency information.
[062月2026 20:49:41.964] [main/DEBUG] [net.minecraftforge.fml.loading.moddiscovery.AbstractJarFileDependencyLocator/]: Failed to load resource META-INF\jarjar\metadata.json from just-enough-effect-descriptions-jeed-532286-6172935_mapped_official_1.20.1.jar, it does not contain dependency information.
[062月2026 20:49:41.965] [main/DEBUG] [net.minecraftforge.fml.loading.moddiscovery.AbstractJarFileDependencyLocator/]: Failed to load resource META-INF\jarjar\metadata.json from kaleidoscope-doll-1233277-7201584_mapped_official_1.20.1.jar, it does not contain dependency information.
[062月2026 20:49:41.965] [main/DEBUG] [net.minecraftforge.fml.loading.moddiscovery.AbstractJarFileDependencyLocator/]: Failed to load resource META-INF\jarjar\metadata.json from kaleidoscope-cookery-1309203-7473809_mapped_official_1.20.1.jar, it does not contain dependency information.
[062月2026 20:49:41.972] [main/DEBUG] [net.minecraftforge.fml.loading.moddiscovery.AbstractJarFileDependencyLocator/]: Failed to load resource META-INF\jarjar\metadata.json from , it does not contain dependency information.
[062月2026 20:49:41.983] [main/DEBUG] [net.minecraftforge.fml.loading.moddiscovery.AbstractJarFileDependencyLocator/]: Failed to load resource META-INF\jarjar\metadata.json from mclanguage-1.20.1-47.4.0.jar, it does not contain dependency information.
[062月2026 20:49:41.985] [main/DEBUG] [net.minecraftforge.fml.loading.moddiscovery.AbstractJarFileDependencyLocator/]: Failed to load resource META-INF\jarjar\metadata.json from javafmllanguage-1.20.1-47.4.0.jar, it does not contain dependency information.
[062月2026 20:49:41.985] [main/DEBUG] [net.minecraftforge.fml.loading.moddiscovery.AbstractJarFileDependencyLocator/]: Failed to load resource META-INF\jarjar\metadata.json from fmlcore-1.20.1-47.4.0.jar, it does not contain dependency information.
[062月2026 20:49:41.986] [main/DEBUG] [net.minecraftforge.fml.loading.moddiscovery.AbstractJarFileDependencyLocator/]: Failed to load resource META-INF\jarjar\metadata.json from lowcodelanguage-1.20.1-47.4.0.jar, it does not contain dependency information.
[062月2026 20:49:42.081] [main/DEBUG] [net.minecraftforge.fml.loading.moddiscovery.ModFileParser/LOADING]: Considering mod file candidate 
[062月2026 20:49:42.089] [main/DEBUG] [net.minecraftforge.fml.loading.moddiscovery.ModFileInfo/LOADING]: Found valid mod file mixinextras-forge-0.3.6.jar with {mixinextras} mods - versions {0.3.6}
[062月2026 20:49:42.092] [main/DEBUG] [net.minecraftforge.fml.loading.moddiscovery.ModFileParser/LOADING]: Considering mod file candidate 
[062月2026 20:49:42.094] [main/DEBUG] [net.minecraftforge.fml.loading.moddiscovery.ModFileInfo/LOADING]: Found valid mod file mixinsquared-forge-0.1.1.jar with {mixinsquared} mods - versions {0.1.1}
[062月2026 20:49:42.122] [main/DEBUG] [net.minecraftforge.fml.loading.moddiscovery.ModFileParser/LOADING]: Considering mod file candidate 
[062月2026 20:49:42.124] [main/DEBUG] [net.minecraftforge.fml.loading.moddiscovery.ModFileInfo/LOADING]: Found valid mod file mixinextras-forge-0.2.0-rc.2.jar with {mixinextras} mods - versions {0.2.0-rc.2}
[062月2026 20:49:42.133] [main/DEBUG] [net.minecraftforge.fml.loading.moddiscovery.ModFileParser/LOADING]: Considering mod file candidate 
[062月2026 20:49:42.138] [main/DEBUG] [net.minecraftforge.fml.loading.moddiscovery.ModFileInfo/LOADING]: Found valid mod file mixinextras-forge-0.4.1.jar with {mixinextras} mods - versions {0.4.1}
[062月2026 20:49:42.151] [main/DEBUG] [net.minecraftforge.fml.loading.moddiscovery.ModFileParser/LOADING]: Considering mod file candidate 
[062月2026 20:49:42.156] [main/DEBUG] [net.minecraftforge.fml.loading.moddiscovery.ModFileInfo/LOADING]: Found valid mod file mixinextras-forge-0.2.1-beta.2.jar with {mixinextras} mods - versions {0.2.1-beta.2}
[062月2026 20:49:42.261] [main/DEBUG] [net.minecraftforge.fml.loading.moddiscovery.ModFileParser/LOADING]: Considering mod file candidate 
[062月2026 20:49:42.265] [main/DEBUG] [net.minecraftforge.fml.loading.moddiscovery.ModFileInfo/LOADING]: Found valid mod file mixinextras-forge-0.3.5.jar with {mixinextras} mods - versions {0.3.5}
[062月2026 20:49:42.291] [main/DEBUG] [net.minecraftforge.fml.loading.moddiscovery.AbstractJarFileDependencyLocator/]: Failed to load resource META-INF\jarjar\metadata.json from NanoLiveConfig-1.2.1.jar, it does not contain dependency information.
[062月2026 20:49:42.347] [main/DEBUG] [net.minecraftforge.fml.loading.moddiscovery.AbstractJarFileDependencyLocator/]: Failed to load resource META-INF\jarjar\metadata.json from MixinExtras-0.5.1.jar, it does not contain dependency information.
[062月2026 20:49:42.358] [main/DEBUG] [net.minecraftforge.fml.loading.moddiscovery.AbstractJarFileDependencyLocator/]: Failed to load resource META-INF\jarjar\metadata.json from MixinExtras-0.3.6.jar, it does not contain dependency information.
[062月2026 20:49:42.358] [main/DEBUG] [net.minecraftforge.fml.loading.moddiscovery.AbstractJarFileDependencyLocator/]: Failed to load resource META-INF\jarjar\metadata.json from MixinSquared-0.1.1.jar, it does not contain dependency information.
[062月2026 20:49:42.359] [main/DEBUG] [net.minecraftforge.fml.loading.moddiscovery.AbstractJarFileDependencyLocator/]: Failed to load resource META-INF\jarjar\metadata.json from MixinExtras-0.2.0-rc.2.jar, it does not contain dependency information.
[062月2026 20:49:42.359] [main/DEBUG] [net.minecraftforge.fml.loading.moddiscovery.AbstractJarFileDependencyLocator/]: Failed to load resource META-INF\jarjar\metadata.json from MixinExtras-0.4.1.jar, it does not contain dependency information.
[062月2026 20:49:42.361] [main/DEBUG] [net.minecraftforge.fml.loading.moddiscovery.AbstractJarFileDependencyLocator/]: Failed to load resource META-INF\jarjar\metadata.json from MixinExtras-0.2.1-beta.2.jar, it does not contain dependency information.
[062月2026 20:49:42.363] [main/DEBUG] [net.minecraftforge.fml.loading.moddiscovery.AbstractJarFileDependencyLocator/]: Failed to load resource META-INF\jarjar\metadata.json from MixinExtras-0.3.5.jar, it does not contain dependency information.
[062月2026 20:49:42.559] [main/DEBUG] [net.minecraftforge.fml.loading.moddiscovery.ModFileParser/LOADING]: Considering mod file candidate 
[062月2026 20:49:42.560] [main/DEBUG] [net.minecraftforge.fml.loading.moddiscovery.ModFileInfo/LOADING]: Found valid mod file mixinsquared-forge-0.1.1.jar with {mixinsquared} mods - versions {0.1.1}
[062月2026 20:49:42.644] [main/DEBUG] [net.minecraftforge.fml.loading.moddiscovery.ModFileParser/LOADING]: Considering mod file candidate 
[062月2026 20:49:42.657] [main/DEBUG] [net.minecraftforge.fml.loading.moddiscovery.ModFileInfo/LOADING]: Found valid mod file mixinextras-forge-0.4.1.jar with {mixinextras} mods - versions {0.4.1}
[062月2026 20:49:42.666] [main/INFO] [net.minecraftforge.fml.loading.moddiscovery.JarInJarDependencyLocator/]: Found 5 dependencies adding them to mods collection
[062月2026 20:49:42.675] [main/DEBUG] [net.minecraftforge.fml.loading.UniqueModListBuilder/]: Found 2 mods for first modid mixinextras, selecting most recent based on version data
[062月2026 20:49:42.677] [main/DEBUG] [net.minecraftforge.fml.loading.UniqueModListBuilder/]: Selected file mixinextras-forge-0.5.1.jar for modid mixinextras with version 0.5.1
[062月2026 20:49:42.718] [main/DEBUG] [net.minecraftforge.fml.loading.moddiscovery.ModFileInfo/LOADING]: Found valid mod file forge-1.20.1-47.4.0_mapped_official_1.20.1-recomp.jar with {minecraft} mods - versions {1.20.1}
[062月2026 20:49:42.744] [main/DEBUG] [net.minecraftforge.fml.loading.moddiscovery.ModFile/LOADING]: Loading mod file D:\.gradle\caches\forge_gradle\minecraft_user_repo\net\minecraftforge\forge\1.20.1-47.4.0_mapped_official_1.20.1\forge-1.20.1-47.4.0_mapped_official_1.20.1-recomp.jar with languages [LanguageSpec[languageName=minecraft, acceptedVersions=1]]
[062月2026 20:49:42.750] [main/DEBUG] [net.minecraftforge.fml.loading.moddiscovery.ModFileParser/LOADING]: Considering mod file candidate D:\.gradle\caches\forge_gradle\deobf_dependencies\curse\maven\farmers-delight-398521\6917255_mapped_official_1.20.1\farmers-delight-398521-6917255_mapped_official_1.20.1.jar
[062月2026 20:49:42.755] [main/DEBUG] [net.minecraftforge.fml.loading.moddiscovery.ModFileInfo/LOADING]: Found valid mod file farmers-delight-398521-6917255_mapped_official_1.20.1.jar with {farmersdelight} mods - versions {1.20.1-1.2.9}
[062月2026 20:49:42.756] [main/DEBUG] [net.minecraftforge.fml.loading.moddiscovery.ModFile/LOADING]: Loading mod file D:\.gradle\caches\forge_gradle\deobf_dependencies\curse\maven\farmers-delight-398521\6917255_mapped_official_1.20.1\farmers-delight-398521-6917255_mapped_official_1.20.1.jar with languages [LanguageSpec[languageName=javafml, acceptedVersions=[46,)]]
[062月2026 20:49:42.756] [main/DEBUG] [net.minecraftforge.fml.loading.moddiscovery.ModFileParser/LOADING]: Considering mod file candidate D:\.gradle\caches\forge_gradle\deobf_dependencies\curse\maven\radium-reforged-570017\5706069_mapped_official_1.20.1\radium-reforged-570017-5706069_mapped_official_1.20.1.jar
[062月2026 20:49:42.757] [main/DEBUG] [net.minecraftforge.fml.loading.moddiscovery.ModFileInfo/LOADING]: Found valid mod file radium-reforged-570017-5706069_mapped_official_1.20.1.jar with {radium} mods - versions {0.12.4+git.26c9d8e}
[062月2026 20:49:42.758] [main/DEBUG] [net.minecraftforge.fml.loading.moddiscovery.ModFile/LOADING]: Loading mod file D:\.gradle\caches\forge_gradle\deobf_dependencies\curse\maven\radium-reforged-570017\5706069_mapped_official_1.20.1\radium-reforged-570017-5706069_mapped_official_1.20.1.jar with languages [LanguageSpec[languageName=javafml, acceptedVersions=*]]
[062月2026 20:49:42.758] [main/DEBUG] [net.minecraftforge.fml.loading.moddiscovery.ModFileParser/LOADING]: Considering mod file candidate D:\.gradle\caches\forge_gradle\deobf_dependencies\curse\maven\damage-number-998849\7060656_mapped_official_1.20.1\damage-number-998849-7060656_mapped_official_1.20.1.jar
[062月2026 20:49:42.760] [main/DEBUG] [net.minecraftforge.fml.loading.moddiscovery.ModFileInfo/LOADING]: Found valid mod file damage-number-998849-7060656_mapped_official_1.20.1.jar with {damage_number} mods - versions {2.0.4}
[062月2026 20:49:42.760] [main/DEBUG] [net.minecraftforge.fml.loading.moddiscovery.ModFile/LOADING]: Loading mod file D:\.gradle\caches\forge_gradle\deobf_dependencies\curse\maven\damage-number-998849\7060656_mapped_official_1.20.1\damage-number-998849-7060656_mapped_official_1.20.1.jar with languages [LanguageSpec[languageName=javafml, acceptedVersions=[47,)]]
[062月2026 20:49:42.763] [main/DEBUG] [net.minecraftforge.fml.loading.moddiscovery.ModFileParser/LOADING]: Considering mod file candidate D:\.gradle\caches\forge_gradle\deobf_dependencies\curse\maven\kubejs-238086\5853326_mapped_official_1.20.1\kubejs-238086-5853326_mapped_official_1.20.1.jar
[062月2026 20:49:42.782] [main/DEBUG] [net.minecraftforge.fml.loading.moddiscovery.ModFileInfo/LOADING]: Found valid mod file kubejs-238086-5853326_mapped_official_1.20.1.jar with {kubejs} mods - versions {2001.6.5-build.16}
[062月2026 20:49:42.786] [main/DEBUG] [net.minecraftforge.fml.loading.moddiscovery.ModFile/LOADING]: Loading mod file D:\.gradle\caches\forge_gradle\deobf_dependencies\curse\maven\kubejs-238086\5853326_mapped_official_1.20.1\kubejs-238086-5853326_mapped_official_1.20.1.jar with languages [LanguageSpec[languageName=javafml, acceptedVersions=[47,)]]
[062月2026 20:49:42.787] [main/DEBUG] [net.minecraftforge.fml.loading.moddiscovery.ModFileParser/LOADING]: Considering mod file candidate D:\.gradle\caches\forge_gradle\deobf_dependencies\curse\maven\rhino-416294\6186971_mapped_official_1.20.1\rhino-416294-6186971_mapped_official_1.20.1.jar
[062月2026 20:49:42.787] [main/DEBUG] [net.minecraftforge.fml.loading.moddiscovery.ModFileInfo/LOADING]: Found valid mod file rhino-416294-6186971_mapped_official_1.20.1.jar with {rhino} mods - versions {2001.2.3-build.10}
[062月2026 20:49:42.790] [main/DEBUG] [net.minecraftforge.fml.loading.moddiscovery.ModFile/LOADING]: Loading mod file D:\.gradle\caches\forge_gradle\deobf_dependencies\curse\maven\rhino-416294\6186971_mapped_official_1.20.1\rhino-416294-6186971_mapped_official_1.20.1.jar with languages [LanguageSpec[languageName=javafml, acceptedVersions=[38,)]]
[062月2026 20:49:42.791] [main/DEBUG] [net.minecraftforge.fml.loading.moddiscovery.ModFileParser/LOADING]: Considering mod file candidate D:\.gradle\caches\forge_gradle\deobf_dependencies\curse\maven\selene-499980\7388296_mapped_official_1.20.1\selene-499980-7388296_mapped_official_1.20.1.jar
[062月2026 20:49:42.796] [main/DEBUG] [net.minecraftforge.fml.loading.moddiscovery.ModFileInfo/LOADING]: Found valid mod file selene-499980-7388296_mapped_official_1.20.1.jar with {moonlight} mods - versions {1.20-2.16.19}
[062月2026 20:49:42.809] [main/DEBUG] [net.minecraftforge.fml.loading.moddiscovery.ModFile/LOADING]: Loading mod file D:\.gradle\caches\forge_gradle\deobf_dependencies\curse\maven\selene-499980\7388296_mapped_official_1.20.1\selene-499980-7388296_mapped_official_1.20.1.jar with languages [LanguageSpec[languageName=javafml, acceptedVersions=[40,)]]
[062月2026 20:49:42.810] [main/DEBUG] [net.minecraftforge.fml.loading.moddiscovery.ModFileParser/LOADING]: Considering mod file candidate D:\.gradle\caches\forge_gradle\deobf_dependencies\blank\kaleidoscope_nether\1.0.6-1.20.1_mapped_official_1.20.1\kaleidoscope_nether-1.0.6-1.20.1_mapped_official_1.20.1.jar
[062月2026 20:49:42.811] [main/DEBUG] [net.minecraftforge.fml.loading.moddiscovery.ModFileInfo/LOADING]: Found valid mod file kaleidoscope_nether-1.0.6-1.20.1_mapped_official_1.20.1.jar with {kaleidoscope_nether} mods - versions {1.0.6-1.20.1}
[062月2026 20:49:42.812] [main/DEBUG] [net.minecraftforge.fml.loading.moddiscovery.ModFile/LOADING]: Loading mod file D:\.gradle\caches\forge_gradle\deobf_dependencies\blank\kaleidoscope_nether\1.0.6-1.20.1_mapped_official_1.20.1\kaleidoscope_nether-1.0.6-1.20.1_mapped_official_1.20.1.jar with languages [LanguageSpec[languageName=javafml, acceptedVersions=[47,)]]
[062月2026 20:49:42.812] [main/DEBUG] [net.minecraftforge.fml.loading.moddiscovery.ModFileParser/LOADING]: Considering mod file candidate D:\.gradle\caches\forge_gradle\deobf_dependencies\curse\maven\alexs-mobs-426558\5698791_mapped_official_1.20.1\alexs-mobs-426558-5698791_mapped_official_1.20.1.jar
[062月2026 20:49:42.825] [main/DEBUG] [net.minecraftforge.fml.loading.moddiscovery.ModFileInfo/LOADING]: Found valid mod file alexs-mobs-426558-5698791_mapped_official_1.20.1.jar with {alexsmobs} mods - versions {1.22.9}
[062月2026 20:49:42.828] [main/DEBUG] [net.minecraftforge.fml.loading.moddiscovery.ModFile/LOADING]: Loading mod file D:\.gradle\caches\forge_gradle\deobf_dependencies\curse\maven\alexs-mobs-426558\5698791_mapped_official_1.20.1\alexs-mobs-426558-5698791_mapped_official_1.20.1.jar with languages [LanguageSpec[languageName=javafml, acceptedVersions=[46,)]]
[062月2026 20:49:42.832] [main/DEBUG] [net.minecraftforge.fml.loading.moddiscovery.ModFileParser/LOADING]: Considering mod file candidate D:\.gradle\caches\forge_gradle\deobf_dependencies\curse\maven\Jade-324717\6855440_mapped_official_1.20.1\jade-324717-6855440_mapped_official_1.20.1.jar
[062月2026 20:49:42.837] [main/DEBUG] [net.minecraftforge.fml.loading.moddiscovery.ModFileInfo/LOADING]: Found valid mod file jade-324717-6855440_mapped_official_1.20.1.jar with {jade} mods - versions {11.13.2+forge}
[062月2026 20:49:42.838] [main/DEBUG] [net.minecraftforge.fml.loading.moddiscovery.ModFile/LOADING]: Loading mod file D:\.gradle\caches\forge_gradle\deobf_dependencies\curse\maven\Jade-324717\6855440_mapped_official_1.20.1\jade-324717-6855440_mapped_official_1.20.1.jar with languages [LanguageSpec[languageName=javafml, acceptedVersions=[46,)]]
[062月2026 20:49:42.839] [main/DEBUG] [net.minecraftforge.fml.loading.moddiscovery.ModFileParser/LOADING]: Considering mod file candidate D:\.gradle\caches\forge_gradle\deobf_dependencies\curse\maven\jei-238222\7361881_mapped_official_1.20.1\jei-238222-7361881_mapped_official_1.20.1.jar
[062月2026 20:49:42.842] [main/DEBUG] [net.minecraftforge.fml.loading.moddiscovery.ModFileInfo/LOADING]: Found valid mod file jei-238222-7361881_mapped_official_1.20.1.jar with {jei} mods - versions {15.20.0.128}
[062月2026 20:49:42.844] [main/DEBUG] [net.minecraftforge.fml.loading.moddiscovery.ModFile/LOADING]: Loading mod file D:\.gradle\caches\forge_gradle\deobf_dependencies\curse\maven\jei-238222\7361881_mapped_official_1.20.1\jei-238222-7361881_mapped_official_1.20.1.jar with languages [LanguageSpec[languageName=javafml, acceptedVersions=[47,)]]
[062月2026 20:49:42.846] [main/DEBUG] [net.minecraftforge.fml.loading.moddiscovery.ModFileParser/LOADING]: Considering mod file candidate D:\.gradle\caches\forge_gradle\deobf_dependencies\curse\maven\lionfish-api-1001614\5922047_mapped_official_1.20.1\lionfish-api-1001614-5922047_mapped_official_1.20.1.jar
[062月2026 20:49:42.852] [main/DEBUG] [net.minecraftforge.fml.loading.moddiscovery.ModFileInfo/LOADING]: Found valid mod file lionfish-api-1001614-5922047_mapped_official_1.20.1.jar with {lionfishapi} mods - versions {2.4-Fix}
[062月2026 20:49:42.855] [main/DEBUG] [net.minecraftforge.fml.loading.moddiscovery.ModFile/LOADING]: Loading mod file D:\.gradle\caches\forge_gradle\deobf_dependencies\curse\maven\lionfish-api-1001614\5922047_mapped_official_1.20.1\lionfish-api-1001614-5922047_mapped_official_1.20.1.jar with languages [LanguageSpec[languageName=javafml, acceptedVersions=[47,)]]
[062月2026 20:49:42.855] [main/DEBUG] [net.minecraftforge.fml.loading.moddiscovery.ModFileParser/LOADING]: Considering mod file candidate D:\.gradle\caches\forge_gradle\deobf_dependencies\curse\maven\scannable-266784\4763070_mapped_official_1.20.1\scannable-266784-4763070_mapped_official_1.20.1.jar
[062月2026 20:49:42.856] [main/DEBUG] [net.minecraftforge.fml.loading.moddiscovery.ModFileInfo/LOADING]: Found valid mod file scannable-266784-4763070_mapped_official_1.20.1.jar with {scannable} mods - versions {1.7.12+18ccb75}
[062月2026 20:49:42.857] [main/DEBUG] [net.minecraftforge.fml.loading.moddiscovery.ModFile/LOADING]: Loading mod file D:\.gradle\caches\forge_gradle\deobf_dependencies\curse\maven\scannable-266784\4763070_mapped_official_1.20.1\scannable-266784-4763070_mapped_official_1.20.1.jar with languages [LanguageSpec[languageName=javafml, acceptedVersions=[47,)]]
[062月2026 20:49:42.857] [main/DEBUG] [net.minecraftforge.fml.loading.moddiscovery.ModFileParser/LOADING]: Considering mod file candidate D:\.gradle\caches\forge_gradle\deobf_dependencies\curse\maven\curios-309927\6418456_mapped_official_1.20.1\curios-309927-6418456_mapped_official_1.20.1.jar
[062月2026 20:49:42.858] [main/DEBUG] [net.minecraftforge.fml.loading.moddiscovery.ModFileInfo/LOADING]: Found valid mod file curios-309927-6418456_mapped_official_1.20.1.jar with {curios} mods - versions {5.14.1+1.20.1}
[062月2026 20:49:42.858] [main/DEBUG] [net.minecraftforge.fml.loading.moddiscovery.ModFile/LOADING]: Loading mod file D:\.gradle\caches\forge_gradle\deobf_dependencies\curse\maven\curios-309927\6418456_mapped_official_1.20.1\curios-309927-6418456_mapped_official_1.20.1.jar with languages [LanguageSpec[languageName=javafml, acceptedVersions=[41,)]]
[062月2026 20:49:42.858] [main/DEBUG] [net.minecraftforge.fml.loading.moddiscovery.ModFileParser/LOADING]: Considering mod file candidate D:\.gradle\caches\forge_gradle\deobf_dependencies\curse\maven\lendercataclysm-551586\6906993_mapped_official_1.20.1\lendercataclysm-551586-6906993_mapped_official_1.20.1.jar
[062月2026 20:49:42.859] [main/DEBUG] [net.minecraftforge.fml.loading.moddiscovery.ModFileInfo/LOADING]: Found valid mod file lendercataclysm-551586-6906993_mapped_official_1.20.1.jar with {cataclysm} mods - versions {3.16}
[062月2026 20:49:42.860] [main/DEBUG] [net.minecraftforge.fml.loading.moddiscovery.ModFile/LOADING]: Loading mod file D:\.gradle\caches\forge_gradle\deobf_dependencies\curse\maven\lendercataclysm-551586\6906993_mapped_official_1.20.1\lendercataclysm-551586-6906993_mapped_official_1.20.1.jar with languages [LanguageSpec[languageName=javafml, acceptedVersions=[47,)]]
[062月2026 20:49:42.861] [main/DEBUG] [net.minecraftforge.fml.loading.moddiscovery.ModFileParser/LOADING]: Considering mod file candidate D:\.gradle\caches\forge_gradle\deobf_dependencies\curse\maven\citadel-331936\6702068_mapped_official_1.20.1\citadel-331936-6702068_mapped_official_1.20.1.jar
[062月2026 20:49:42.861] [main/DEBUG] [net.minecraftforge.fml.loading.moddiscovery.ModFileInfo/LOADING]: Found valid mod file citadel-331936-6702068_mapped_official_1.20.1.jar with {citadel} mods - versions {2.6.2}
[062月2026 20:49:42.863] [main/DEBUG] [net.minecraftforge.fml.loading.moddiscovery.ModFile/LOADING]: Loading mod file D:\.gradle\caches\forge_gradle\deobf_dependencies\curse\maven\citadel-331936\6702068_mapped_official_1.20.1\citadel-331936-6702068_mapped_official_1.20.1.jar with languages [LanguageSpec[languageName=javafml, acceptedVersions=[47,)]]
[062月2026 20:49:42.884] [main/DEBUG] [net.minecraftforge.fml.loading.moddiscovery.ModFileParser/LOADING]: Considering mod file candidate D:\.gradle\caches\forge_gradle\deobf_dependencies\curse\maven\placebo-283644\6274231_mapped_official_1.20.1\placebo-283644-6274231_mapped_official_1.20.1.jar
[062月2026 20:49:42.887] [main/DEBUG] [net.minecraftforge.fml.loading.moddiscovery.ModFileInfo/LOADING]: Found valid mod file placebo-283644-6274231_mapped_official_1.20.1.jar with {placebo} mods - versions {8.6.3}
[062月2026 20:49:42.887] [main/DEBUG] [net.minecraftforge.fml.loading.moddiscovery.ModFile/LOADING]: Loading mod file D:\.gradle\caches\forge_gradle\deobf_dependencies\curse\maven\placebo-283644\6274231_mapped_official_1.20.1\placebo-283644-6274231_mapped_official_1.20.1.jar with languages [LanguageSpec[languageName=javafml, acceptedVersions=[32,)]]
[062月2026 20:49:42.892] [main/DEBUG] [net.minecraftforge.fml.loading.moddiscovery.ModFileParser/LOADING]: Found coremod placebo_get_ench_level_event with Javascript path coremods/get_ench_level_event.js
[062月2026 20:49:42.895] [main/DEBUG] [net.minecraftforge.fml.loading.moddiscovery.ModFileParser/LOADING]: Found coremod placebo_get_ench_level_event_specific with Javascript path coremods/get_ench_level_event_specific.js
[062月2026 20:49:42.898] [main/DEBUG] [net.minecraftforge.fml.loading.moddiscovery.ModFile/LOADING]: Found coremod coremods/get_ench_level_event.js
[062月2026 20:49:42.900] [main/DEBUG] [net.minecraftforge.fml.loading.moddiscovery.ModFile/LOADING]: Found coremod coremods/get_ench_level_event_specific.js
[062月2026 20:49:42.902] [main/DEBUG] [net.minecraftforge.fml.loading.moddiscovery.ModFileParser/LOADING]: Considering mod file candidate D:\.gradle\caches\forge_gradle\deobf_dependencies\curse\maven\apothic-attributes-898963\5634071_mapped_official_1.20.1\apothic-attributes-898963-5634071_mapped_official_1.20.1.jar
[062月2026 20:49:42.914] [main/DEBUG] [net.minecraftforge.fml.loading.moddiscovery.ModFileInfo/LOADING]: Found valid mod file apothic-attributes-898963-5634071_mapped_official_1.20.1.jar with {attributeslib} mods - versions {1.3.7}
[062月2026 20:49:42.921] [main/DEBUG] [net.minecraftforge.fml.loading.moddiscovery.ModFile/LOADING]: Loading mod file D:\.gradle\caches\forge_gradle\deobf_dependencies\curse\maven\apothic-attributes-898963\5634071_mapped_official_1.20.1\apothic-attributes-898963-5634071_mapped_official_1.20.1.jar with languages [LanguageSpec[languageName=javafml, acceptedVersions=[32,)]]
[062月2026 20:49:42.926] [main/DEBUG] [net.minecraftforge.fml.loading.moddiscovery.ModFileParser/LOADING]: Found coremod attributeslib_potion_gui_tooltips with Javascript path coremods/potion_gui_tooltips.js
[062月2026 20:49:42.927] [main/DEBUG] [net.minecraftforge.fml.loading.moddiscovery.ModFile/LOADING]: Found coremod coremods/potion_gui_tooltips.js
[062月2026 20:49:42.927] [main/DEBUG] [net.minecraftforge.fml.loading.moddiscovery.ModFileParser/LOADING]: Considering mod file candidate E:\moddig\project\Kaleidoscope-End\1.20.1\build\resources\main
[062月2026 20:49:42.941] [main/DEBUG] [net.minecraftforge.fml.loading.moddiscovery.ModFileInfo/LOADING]: Found valid mod file main with {kaleidoscope_end} mods - versions {1.0.1-ALPHA9-1.20.1}
[062月2026 20:49:42.946] [main/DEBUG] [net.minecraftforge.fml.loading.moddiscovery.ModFile/LOADING]: Loading mod file E:\moddig\project\Kaleidoscope-End\1.20.1\build\resources\main with languages [LanguageSpec[languageName=javafml, acceptedVersions=[47,)]]
[062月2026 20:49:42.964] [main/DEBUG] [net.minecraftforge.fml.loading.moddiscovery.ModFileParser/LOADING]: Considering mod file candidate D:\.gradle\caches\forge_gradle\deobf_dependencies\curse\maven\inventory-hud-forge-357540\5639966_mapped_official_1.20.1\inventory-hud-forge-357540-5639966_mapped_official_1.20.1.jar
[062月2026 20:49:42.980] [main/DEBUG] [net.minecraftforge.fml.loading.moddiscovery.ModFileInfo/LOADING]: Found valid mod file inventory-hud-forge-357540-5639966_mapped_official_1.20.1.jar with {inventoryhud} mods - versions {3.4.26}
[062月2026 20:49:42.981] [main/DEBUG] [net.minecraftforge.fml.loading.moddiscovery.ModFile/LOADING]: Loading mod file D:\.gradle\caches\forge_gradle\deobf_dependencies\curse\maven\inventory-hud-forge-357540\5639966_mapped_official_1.20.1\inventory-hud-forge-357540-5639966_mapped_official_1.20.1.jar with languages [LanguageSpec[languageName=javafml, acceptedVersions=[46,50)]]
[062月2026 20:49:42.984] [main/DEBUG] [net.minecraftforge.fml.loading.moddiscovery.ModFileParser/LOADING]: Considering mod file candidate D:\.gradle\caches\forge_gradle\deobf_dependencies\curse\maven\screenshot-to-clipboard-326950\3643026_mapped_official_1.20.1\screenshot-to-clipboard-326950-3643026_mapped_official_1.20.1.jar
[062月2026 20:49:42.995] [main/DEBUG] [net.minecraftforge.fml.loading.moddiscovery.ModFileInfo/LOADING]: Found valid mod file screenshot-to-clipboard-326950-3643026_mapped_official_1.20.1.jar with {screenshotclipboard} mods - versions {1.0.9}
[062月2026 20:49:42.996] [main/DEBUG] [net.minecraftforge.fml.loading.moddiscovery.ModFile/LOADING]: Loading mod file D:\.gradle\caches\forge_gradle\deobf_dependencies\curse\maven\screenshot-to-clipboard-326950\3643026_mapped_official_1.20.1\screenshot-to-clipboard-326950-3643026_mapped_official_1.20.1.jar with languages [LanguageSpec[languageName=javafml, acceptedVersions=[35,)]]
[062月2026 20:49:42.996] [main/DEBUG] [net.minecraftforge.fml.loading.moddiscovery.ModFileParser/LOADING]: Considering mod file candidate D:\.gradle\caches\forge_gradle\deobf_dependencies\curse\maven\just-enough-effect-descriptions-jeed-532286\6172935_mapped_official_1.20.1\just-enough-effect-descriptions-jeed-532286-6172935_mapped_official_1.20.1.jar
[062月2026 20:49:43.005] [main/DEBUG] [net.minecraftforge.fml.loading.moddiscovery.ModFileInfo/LOADING]: Found valid mod file just-enough-effect-descriptions-jeed-532286-6172935_mapped_official_1.20.1.jar with {jeed} mods - versions {1.20-2.2.5}
[062月2026 20:49:43.007] [main/DEBUG] [net.minecraftforge.fml.loading.moddiscovery.ModFile/LOADING]: Loading mod file D:\.gradle\caches\forge_gradle\deobf_dependencies\curse\maven\just-enough-effect-descriptions-jeed-532286\6172935_mapped_official_1.20.1\just-enough-effect-descriptions-jeed-532286-6172935_mapped_official_1.20.1.jar with languages [LanguageSpec[languageName=javafml, acceptedVersions=[40,)]]
[062月2026 20:49:43.009] [main/DEBUG] [net.minecraftforge.fml.loading.moddiscovery.ModFileParser/LOADING]: Considering mod file candidate D:\.gradle\caches\forge_gradle\deobf_dependencies\curse\maven\appleskin-248787\4770828_mapped_official_1.20.1\appleskin-248787-4770828_mapped_official_1.20.1.jar
[062月2026 20:49:43.020] [main/DEBUG] [net.minecraftforge.fml.loading.moddiscovery.ModFileInfo/LOADING]: Found valid mod file appleskin-248787-4770828_mapped_official_1.20.1.jar with {appleskin} mods - versions {2.5.1+mc1.20.1}
[062月2026 20:49:43.022] [main/DEBUG] [net.minecraftforge.fml.loading.moddiscovery.ModFile/LOADING]: Loading mod file D:\.gradle\caches\forge_gradle\deobf_dependencies\curse\maven\appleskin-248787\4770828_mapped_official_1.20.1\appleskin-248787-4770828_mapped_official_1.20.1.jar with languages [LanguageSpec[languageName=javafml, acceptedVersions=[47,)]]
[062月2026 20:49:43.025] [main/DEBUG] [net.minecraftforge.fml.loading.moddiscovery.ModFileParser/LOADING]: Considering mod file candidate D:\.gradle\caches\forge_gradle\deobf_dependencies\curse\maven\architectury-api-419699\5137938_mapped_official_1.20.1\architectury-api-419699-5137938_mapped_official_1.20.1.jar
[062月2026 20:49:43.029] [main/DEBUG] [net.minecraftforge.fml.loading.moddiscovery.ModFileInfo/LOADING]: Found valid mod file architectury-api-419699-5137938_mapped_official_1.20.1.jar with {architectury} mods - versions {9.2.14}
[062月2026 20:49:43.030] [main/DEBUG] [net.minecraftforge.fml.loading.moddiscovery.ModFile/LOADING]: Loading mod file D:\.gradle\caches\forge_gradle\deobf_dependencies\curse\maven\architectury-api-419699\5137938_mapped_official_1.20.1\architectury-api-419699-5137938_mapped_official_1.20.1.jar with languages [LanguageSpec[languageName=javafml, acceptedVersions=[46,)]]
[062月2026 20:49:43.030] [main/DEBUG] [net.minecraftforge.fml.loading.moddiscovery.ModFileParser/LOADING]: Considering mod file candidate D:\.gradle\caches\forge_gradle\deobf_dependencies\curse\maven\kaleidoscope-doll-1233277\7201584_mapped_official_1.20.1\kaleidoscope-doll-1233277-7201584_mapped_official_1.20.1.jar
[062月2026 20:49:43.046] [main/DEBUG] [net.minecraftforge.fml.loading.moddiscovery.ModFileInfo/LOADING]: Found valid mod file kaleidoscope-doll-1233277-7201584_mapped_official_1.20.1.jar with {kaleidoscope_doll} mods - versions {1.2.3-forge+mc1.20.1}
[062月2026 20:49:43.053] [main/DEBUG] [net.minecraftforge.fml.loading.moddiscovery.ModFile/LOADING]: Loading mod file D:\.gradle\caches\forge_gradle\deobf_dependencies\curse\maven\kaleidoscope-doll-1233277\7201584_mapped_official_1.20.1\kaleidoscope-doll-1233277-7201584_mapped_official_1.20.1.jar with languages [LanguageSpec[languageName=javafml, acceptedVersions=[47,)]]
[062月2026 20:49:43.053] [main/DEBUG] [net.minecraftforge.fml.loading.moddiscovery.ModFileParser/LOADING]: Considering mod file candidate /
[062月2026 20:49:43.054] [main/DEBUG] [net.minecraftforge.fml.loading.moddiscovery.ModFileInfo/LOADING]: Found valid mod file  with {forge} mods - versions {47.4.0}
[062月2026 20:49:43.055] [main/DEBUG] [net.minecraftforge.fml.loading.moddiscovery.ModFile/LOADING]: Loading mod file / with languages [LanguageSpec[languageName=javafml, acceptedVersions=[24,]]]
[062月2026 20:49:43.056] [main/DEBUG] [net.minecraftforge.fml.loading.moddiscovery.ModFileParser/LOADING]: Found coremod field_to_method with Javascript path coremods/field_to_method.js
[062月2026 20:49:43.056] [main/DEBUG] [net.minecraftforge.fml.loading.moddiscovery.ModFileParser/LOADING]: Found coremod field_to_instanceof with Javascript path coremods/field_to_instanceof.js
[062月2026 20:49:43.056] [main/DEBUG] [net.minecraftforge.fml.loading.moddiscovery.ModFileParser/LOADING]: Found coremod add_bouncer_method with Javascript path coremods/add_bouncer_method.js
[062月2026 20:49:43.056] [main/DEBUG] [net.minecraftforge.fml.loading.moddiscovery.ModFileParser/LOADING]: Found coremod method_redirector with Javascript path coremods/method_redirector.js
[062月2026 20:49:43.056] [main/DEBUG] [net.minecraftforge.fml.loading.moddiscovery.ModFile/LOADING]: Found coremod coremods/field_to_method.js
[062月2026 20:49:43.056] [main/DEBUG] [net.minecraftforge.fml.loading.moddiscovery.ModFile/LOADING]: Found coremod coremods/field_to_instanceof.js
[062月2026 20:49:43.057] [main/DEBUG] [net.minecraftforge.fml.loading.moddiscovery.ModFile/LOADING]: Found coremod coremods/add_bouncer_method.js
[062月2026 20:49:43.057] [main/DEBUG] [net.minecraftforge.fml.loading.moddiscovery.ModFile/LOADING]: Found coremod coremods/method_redirector.js
[062月2026 20:49:43.057] [main/DEBUG] [net.minecraftforge.fml.loading.moddiscovery.ModFileParser/LOADING]: Considering mod file candidate D:\.gradle\caches\forge_gradle\deobf_dependencies\curse\maven\kaleidoscope-cookery-1309203\7473809_mapped_official_1.20.1\kaleidoscope-cookery-1309203-7473809_mapped_official_1.20.1.jar
[062月2026 20:49:43.058] [main/DEBUG] [net.minecraftforge.fml.loading.moddiscovery.ModFileInfo/LOADING]: Found valid mod file kaleidoscope-cookery-1309203-7473809_mapped_official_1.20.1.jar with {kaleidoscope_cookery} mods - versions {1.2.0-forge+mc1.20.1}
[062月2026 20:49:43.062] [main/DEBUG] [net.minecraftforge.fml.loading.moddiscovery.ModFile/LOADING]: Loading mod file D:\.gradle\caches\forge_gradle\deobf_dependencies\curse\maven\kaleidoscope-cookery-1309203\7473809_mapped_official_1.20.1\kaleidoscope-cookery-1309203-7473809_mapped_official_1.20.1.jar with languages [LanguageSpec[languageName=javafml, acceptedVersions=[47,)]]
[062月2026 20:49:43.066] [main/DEBUG] [net.minecraftforge.fml.loading.moddiscovery.ModFileParser/LOADING]: Considering mod file candidate D:\.gradle\caches\forge_gradle\deobf_dependencies\curse\maven\mmmmmmmmmmmm-225738\6860192_mapped_official_1.20.1\mmmmmmmmmmmm-225738-6860192_mapped_official_1.20.1.jar
[062月2026 20:49:43.084] [main/DEBUG] [net.minecraftforge.fml.loading.moddiscovery.ModFileInfo/LOADING]: Found valid mod file mmmmmmmmmmmm-225738-6860192_mapped_official_1.20.1.jar with {dummmmmmy} mods - versions {1.20-2.0.9}
[062月2026 20:49:43.085] [main/DEBUG] [net.minecraftforge.fml.loading.moddiscovery.ModFile/LOADING]: Loading mod file D:\.gradle\caches\forge_gradle\deobf_dependencies\curse\maven\mmmmmmmmmmmm-225738\6860192_mapped_official_1.20.1\mmmmmmmmmmmm-225738-6860192_mapped_official_1.20.1.jar with languages [LanguageSpec[languageName=javafml, acceptedVersions=[40,)]]
[062月2026 20:49:43.085] [main/DEBUG] [net.minecraftforge.fml.loading.moddiscovery.ModFileParser/LOADING]: Considering mod file candidate D:\.gradle\caches\forge_gradle\deobf_dependencies\curse\maven\embeddium-908741\5681725_mapped_official_1.20.1\embeddium-908741-5681725_mapped_official_1.20.1.jar
[062月2026 20:49:43.087] [main/DEBUG] [net.minecraftforge.fml.loading.moddiscovery.ModFileInfo/LOADING]: Found valid mod file embeddium-908741-5681725_mapped_official_1.20.1.jar with {embeddium,rubidium} mods - versions {0.3.31+mc1.20.1,0.7.1}
[062月2026 20:49:43.088] [main/DEBUG] [net.minecraftforge.fml.loading.moddiscovery.ModFile/LOADING]: Loading mod file D:\.gradle\caches\forge_gradle\deobf_dependencies\curse\maven\embeddium-908741\5681725_mapped_official_1.20.1\embeddium-908741-5681725_mapped_official_1.20.1.jar with languages [LanguageSpec[languageName=javafml, acceptedVersions=[47,)]]
[062月2026 20:49:43.090] [main/DEBUG] [net.minecraftforge.fml.loading.moddiscovery.ModFileParser/LOADING]: Considering mod file candidate 
[062月2026 20:49:43.094] [main/DEBUG] [net.minecraftforge.fml.loading.moddiscovery.ModFileInfo/LOADING]: Found valid mod file mixinsquared-forge-0.1.1.jar with {mixinsquared} mods - versions {0.1.1}
[062月2026 20:49:43.096] [main/DEBUG] [net.minecraftforge.fml.loading.moddiscovery.ModFile/LOADING]: Loading mod file  with languages [LanguageSpec[languageName=javafml, acceptedVersions=*]]
[062月2026 20:49:43.100] [main/DEBUG] [net.minecraftforge.fml.loading.moddiscovery.ModFile/LOADING]: Loading mod file  with languages []
[062月2026 20:49:43.102] [main/DEBUG] [net.minecraftforge.fml.loading.moddiscovery.ModFile/LOADING]: Loading mod file  with languages []
[062月2026 20:49:43.104] [main/DEBUG] [net.minecraftforge.fml.loading.moddiscovery.ModFile/LOADING]: Loading mod file D:\.gradle\caches\modules-2\files-2.1\io.github.llamalad7\mixinextras-forge\0.5.1\fd1b224d27b756de3578949a45ed254b402057aa\mixinextras-forge-0.5.1.jar with languages []
[062月2026 20:49:43.105] [main/DEBUG] [net.minecraftforge.fml.loading.moddiscovery.ModFile/LOADING]: Loading mod file  with languages []
[062月2026 20:49:43.105] [main/DEBUG] [net.minecraftforge.fml.loading.moddiscovery.ModFileParser/LOADING]: Considering mod file candidate 
[062月2026 20:49:43.107] [main/DEBUG] [net.minecraftforge.fml.loading.moddiscovery.ModFileInfo/LOADING]: Found valid mod file mixinsquared-forge-0.1.1.jar with {mixinsquared} mods - versions {0.1.1}
[062月2026 20:49:43.107] [main/DEBUG] [net.minecraftforge.fml.loading.moddiscovery.ModFile/LOADING]: Loading mod file  with languages [LanguageSpec[languageName=javafml, acceptedVersions=*]]
[062月2026 20:49:43.107] [main/DEBUG] [net.minecraftforge.fml.loading.moddiscovery.ModFile/LOADING]: Loading mod file  with languages []
[062月2026 20:49:43.108] [main/DEBUG] [net.minecraftforge.fml.loading.moddiscovery.ModFile/LOADING]: Loading mod file  with languages []
[062月2026 20:49:43.108] [main/DEBUG] [net.minecraftforge.fml.loading.moddiscovery.ModFile/LOADING]: Loading mod file D:\.gradle\caches\modules-2\files-2.1\io.github.llamalad7\mixinextras-forge\0.5.1\fd1b224d27b756de3578949a45ed254b402057aa\mixinextras-forge-0.5.1.jar with languages []
[062月2026 20:49:43.108] [main/DEBUG] [net.minecraftforge.fml.loading.moddiscovery.ModFile/LOADING]: Loading mod file  with languages []
[062月2026 20:49:43.109] [main/DEBUG] [cpw.mods.modlauncher.TransformationServiceDecorator/MODLAUNCHER]: End scan trigger - transformation service fml
[062月2026 20:49:43.110] [main/DEBUG] [cpw.mods.modlauncher.TransformationServiceDecorator/MODLAUNCHER]: Beginning scan trigger - transformation service I18nUpdateMod
[062月2026 20:49:43.110] [main/DEBUG] [cpw.mods.modlauncher.TransformationServiceDecorator/MODLAUNCHER]: End scan trigger - transformation service I18nUpdateMod
[062月2026 20:49:43.159] [main/DEBUG] [net.minecraftforge.fml.loading.LanguageLoadingProvider/CORE]: Found 3 language providers
[062月2026 20:49:43.160] [main/DEBUG] [net.minecraftforge.fml.loading.LanguageLoadingProvider/CORE]: Found language provider minecraft, version 1.0
[062月2026 20:49:43.170] [main/DEBUG] [net.minecraftforge.fml.loading.LanguageLoadingProvider/CORE]: Found language provider lowcodefml, version 47
[062月2026 20:49:43.173] [main/DEBUG] [net.minecraftforge.fml.loading.LanguageLoadingProvider/CORE]: Found language provider javafml, version 47
[062月2026 20:49:43.225] [main/DEBUG] [net.minecraftforge.fml.loading.UniqueModListBuilder/]: Found 2 mods for first modid mixinsquared, selecting most recent based on version data
[062月2026 20:49:43.226] [main/DEBUG] [net.minecraftforge.fml.loading.UniqueModListBuilder/]: Selected file mixinsquared-forge-0.1.1.jar for modid mixinsquared with version 0.1.1
[062月2026 20:49:43.229] [main/DEBUG] [net.minecraftforge.fml.loading.UniqueModListBuilder/]: Found 2 mods for first modid MixinSquared, selecting most recent based on version data
[062月2026 20:49:43.232] [main/DEBUG] [net.minecraftforge.fml.loading.UniqueModListBuilder/]: Selected file MixinSquared-0.1.1.jar for modid MixinSquared with version 0.0NONE
[062月2026 20:49:43.233] [main/DEBUG] [net.minecraftforge.fml.loading.UniqueModListBuilder/]: Found 2 mods for first modid NanoLiveConfig, selecting most recent based on version data
[062月2026 20:49:43.236] [main/DEBUG] [net.minecraftforge.fml.loading.UniqueModListBuilder/]: Selected file NanoLiveConfig-1.2.1.jar for modid NanoLiveConfig with version 0.0NONE
[062月2026 20:49:43.239] [main/DEBUG] [net.minecraftforge.fml.loading.UniqueModListBuilder/]: Found 2 mods for first modid mixinextras, selecting most recent based on version data
[062月2026 20:49:43.241] [main/DEBUG] [net.minecraftforge.fml.loading.UniqueModListBuilder/]: Selected file mixinextras-forge-0.5.1.jar for modid mixinextras with version 0.5.1
[062月2026 20:49:43.241] [main/DEBUG] [net.minecraftforge.fml.loading.UniqueModListBuilder/]: Found 2 mods for first modid MixinExtras, selecting most recent based on version data
[062月2026 20:49:43.242] [main/DEBUG] [net.minecraftforge.fml.loading.UniqueModListBuilder/]: Selected file MixinExtras-0.5.1.jar for modid MixinExtras with version 0.5.1
[062月2026 20:49:43.261] [main/DEBUG] [net.minecraftforge.fml.loading.ModSorter/]: Configured system mods: [minecraft, forge]
[062月2026 20:49:43.262] [main/DEBUG] [net.minecraftforge.fml.loading.ModSorter/]: Found system mod: minecraft
[062月2026 20:49:43.262] [main/DEBUG] [net.minecraftforge.fml.loading.ModSorter/]: Found system mod: forge
[062月2026 20:49:43.292] [main/DEBUG] [net.minecraftforge.fml.loading.ModSorter/LOADING]: Found 52 mod requirements (46 mandatory, 6 optional)
[062月2026 20:49:43.294] [main/DEBUG] [net.minecraftforge.fml.loading.ModSorter/LOADING]: Found 0 mod requirements missing (0 mandatory, 0 optional)
[062月2026 20:49:46.048] [main/DEBUG] [net.minecraftforge.fml.loading.MCPNamingService/CORE]: Loaded 33222 method mappings from methods.csv
[062月2026 20:49:46.300] [main/DEBUG] [net.minecraftforge.fml.loading.MCPNamingService/CORE]: Loaded 31003 field mappings from fields.csv
[062月2026 20:49:47.057] [main/DEBUG] [cpw.mods.modlauncher.TransformationServicesHandler/MODLAUNCHER]: Transformation services loading transformers
[062月2026 20:49:47.059] [main/DEBUG] [cpw.mods.modlauncher.TransformationServiceDecorator/MODLAUNCHER]: Initializing transformers for transformation service mixin
[062月2026 20:49:47.060] [main/DEBUG] [cpw.mods.modlauncher.TransformationServiceDecorator/MODLAUNCHER]: Initialized transformers for transformation service mixin
[062月2026 20:49:47.061] [main/DEBUG] [cpw.mods.modlauncher.TransformationServiceDecorator/MODLAUNCHER]: Initializing transformers for transformation service fml
[062月2026 20:49:47.061] [main/DEBUG] [net.minecraftforge.fml.loading.FMLServiceProvider/CORE]: Loading coremod transformers
[062月2026 20:49:47.061] [main/DEBUG] [net.minecraftforge.coremod.CoreModEngine/COREMOD]: Loading CoreMod from coremods/get_ench_level_event.js
[062月2026 20:49:48.058] [main/DEBUG] [net.minecraftforge.coremod.CoreModEngine/COREMOD]: CoreMod loaded successfully
[062月2026 20:49:48.059] [main/DEBUG] [net.minecraftforge.coremod.CoreModEngine/COREMOD]: Loading CoreMod from coremods/get_ench_level_event_specific.js
[062月2026 20:49:48.101] [main/DEBUG] [net.minecraftforge.coremod.CoreModEngine/COREMOD]: CoreMod loaded successfully
[062月2026 20:49:48.102] [main/DEBUG] [net.minecraftforge.coremod.CoreModEngine/COREMOD]: Loading CoreMod from coremods/potion_gui_tooltips.js
[062月2026 20:49:48.228] [main/DEBUG] [net.minecraftforge.coremod.CoreModEngine/COREMOD]: CoreMod loaded successfully
[062月2026 20:49:48.230] [main/DEBUG] [net.minecraftforge.coremod.CoreModEngine/COREMOD]: Loading CoreMod from coremods/field_to_method.js
[062月2026 20:49:48.759] [main/DEBUG] [net.minecraftforge.coremod.CoreModEngine/COREMOD]: CoreMod loaded successfully
[062月2026 20:49:48.760] [main/DEBUG] [net.minecraftforge.coremod.CoreModEngine/COREMOD]: Loading CoreMod from coremods/field_to_instanceof.js
[062月2026 20:49:49.223] [main/DEBUG] [net.minecraftforge.coremod.CoreModEngine/COREMOD]: CoreMod loaded successfully
[062月2026 20:49:49.225] [main/DEBUG] [net.minecraftforge.coremod.CoreModEngine/COREMOD]: Loading CoreMod from coremods/add_bouncer_method.js
[062月2026 20:49:49.653] [main/DEBUG] [net.minecraftforge.coremod.CoreModEngine/COREMOD]: CoreMod loaded successfully
[062月2026 20:49:49.656] [main/DEBUG] [net.minecraftforge.coremod.CoreModEngine/COREMOD]: Loading CoreMod from coremods/method_redirector.js
[062月2026 20:49:50.241] [main/DEBUG] [net.minecraftforge.coremod.CoreModEngine/COREMOD]: CoreMod loaded successfully
[062月2026 20:49:50.362] [main/DEBUG] [cpw.mods.modlauncher.TransformStore/MODLAUNCHER]: Adding transformer net.minecraftforge.coremod.transformer.CoreModClassTransformer@2beee3e8 to Target : CLASS {Lnet/minecraft/world/level/biome/Biome;} {} {V}
[062月2026 20:49:50.371] [main/DEBUG] [cpw.mods.modlauncher.TransformStore/MODLAUNCHER]: Adding transformer net.minecraftforge.coremod.transformer.CoreModClassTransformer@4cc4d454 to Target : CLASS {Lnet/minecraft/world/level/levelgen/structure/Structure;} {} {V}
[062月2026 20:49:50.376] [main/DEBUG] [cpw.mods.modlauncher.TransformStore/MODLAUNCHER]: Adding transformer net.minecraftforge.coremod.transformer.CoreModClassTransformer@3add5e17 to Target : CLASS {Lnet/minecraft/world/effect/MobEffectInstance;} {} {V}
[062月2026 20:49:50.379] [main/DEBUG] [cpw.mods.modlauncher.TransformStore/MODLAUNCHER]: Adding transformer net.minecraftforge.coremod.transformer.CoreModClassTransformer@1c58d7be to Target : CLASS {Lnet/minecraft/world/level/block/LiquidBlock;} {} {V}
[062月2026 20:49:50.385] [main/DEBUG] [cpw.mods.modlauncher.TransformStore/MODLAUNCHER]: Adding transformer net.minecraftforge.coremod.transformer.CoreModClassTransformer@61b8c9de to Target : CLASS {Lnet/minecraft/world/item/BucketItem;} {} {V}
[062月2026 20:49:50.387] [main/DEBUG] [cpw.mods.modlauncher.TransformStore/MODLAUNCHER]: Adding transformer net.minecraftforge.coremod.transformer.CoreModClassTransformer@b34c7c9 to Target : CLASS {Lnet/minecraft/world/level/block/StairBlock;} {} {V}
[062月2026 20:49:50.389] [main/DEBUG] [cpw.mods.modlauncher.TransformStore/MODLAUNCHER]: Adding transformer net.minecraftforge.coremod.transformer.CoreModClassTransformer@5b490d5e to Target : CLASS {Lnet/minecraft/world/level/block/FlowerPotBlock;} {} {V}
[062月2026 20:49:50.389] [main/DEBUG] [cpw.mods.modlauncher.TransformStore/MODLAUNCHER]: Adding transformer net.minecraftforge.coremod.transformer.CoreModClassTransformer@1f6c4ae to Target : CLASS {Lnet/minecraft/world/item/ItemStack;} {} {V}
[062月2026 20:49:50.390] [main/DEBUG] [cpw.mods.modlauncher.TransformStore/MODLAUNCHER]: Adding transformer net.minecraftforge.coremod.transformer.CoreModClassTransformer@26270b77 to Target : CLASS {Lnet/minecraft/network/play/client/CClientSettingsPacket;} {} {V}
[062月2026 20:49:50.390] [main/DEBUG] [cpw.mods.modlauncher.TransformStore/MODLAUNCHER]: Adding transformer net.minecraftforge.coremod.transformer.CoreModClassTransformer@b808af5 to Target : CLASS {Lnet/minecraft/world/level/levelgen/PhantomSpawner;} {} {V}
[062月2026 20:49:50.391] [main/DEBUG] [cpw.mods.modlauncher.TransformStore/MODLAUNCHER]: Adding transformer net.minecraftforge.coremod.transformer.CoreModClassTransformer@b808af5 to Target : CLASS {Lnet/minecraft/server/commands/SummonCommand;} {} {V}
[062月2026 20:49:50.391] [main/DEBUG] [cpw.mods.modlauncher.TransformStore/MODLAUNCHER]: Adding transformer net.minecraftforge.coremod.transformer.CoreModClassTransformer@b808af5 to Target : CLASS {Lnet/minecraft/world/entity/monster/Evoker$EvokerSummonSpellGoal;} {} {V}
[062月2026 20:49:50.402] [main/DEBUG] [cpw.mods.modlauncher.TransformStore/MODLAUNCHER]: Adding transformer net.minecraftforge.coremod.transformer.CoreModClassTransformer@b808af5 to Target : CLASS {Lnet/minecraft/world/entity/animal/frog/Tadpole;} {} {V}
[062月2026 20:49:50.407] [main/DEBUG] [cpw.mods.modlauncher.TransformStore/MODLAUNCHER]: Adding transformer net.minecraftforge.coremod.transformer.CoreModClassTransformer@b808af5 to Target : CLASS {Lnet/minecraft/world/level/NaturalSpawner;} {} {V}
[062月2026 20:49:50.409] [main/DEBUG] [cpw.mods.modlauncher.TransformStore/MODLAUNCHER]: Adding transformer net.minecraftforge.coremod.transformer.CoreModClassTransformer@b808af5 to Target : CLASS {Lnet/minecraft/world/entity/monster/ZombieVillager;} {} {V}
[062月2026 20:49:50.410] [main/DEBUG] [cpw.mods.modlauncher.TransformStore/MODLAUNCHER]: Adding transformer net.minecraftforge.coremod.transformer.CoreModClassTransformer@b808af5 to Target : CLASS {Lnet/minecraft/server/commands/RaidCommand;} {} {V}
[062月2026 20:49:50.410] [main/DEBUG] [cpw.mods.modlauncher.TransformStore/MODLAUNCHER]: Adding transformer net.minecraftforge.coremod.transformer.CoreModClassTransformer@b808af5 to Target : CLASS {Lnet/minecraft/world/entity/animal/horse/SkeletonTrapGoal;} {} {V}
[062月2026 20:49:50.411] [main/DEBUG] [cpw.mods.modlauncher.TransformStore/MODLAUNCHER]: Adding transformer net.minecraftforge.coremod.transformer.CoreModClassTransformer@b808af5 to Target : CLASS {Lnet/minecraft/world/entity/monster/Strider;} {} {V}
[062月2026 20:49:50.411] [main/DEBUG] [cpw.mods.modlauncher.TransformStore/MODLAUNCHER]: Adding transformer net.minecraftforge.coremod.transformer.CoreModClassTransformer@b808af5 to Target : CLASS {Lnet/minecraft/world/entity/EntityType;} {} {V}
[062月2026 20:49:50.411] [main/DEBUG] [cpw.mods.modlauncher.TransformStore/MODLAUNCHER]: Adding transformer net.minecraftforge.coremod.transformer.CoreModClassTransformer@b808af5 to Target : CLASS {Lnet/minecraft/world/entity/monster/Zombie;} {} {V}
[062月2026 20:49:50.411] [main/DEBUG] [cpw.mods.modlauncher.TransformStore/MODLAUNCHER]: Adding transformer net.minecraftforge.coremod.transformer.CoreModClassTransformer@b808af5 to Target : CLASS {Lnet/minecraft/world/entity/npc/CatSpawner;} {} {V}
[062月2026 20:49:50.411] [main/DEBUG] [cpw.mods.modlauncher.TransformStore/MODLAUNCHER]: Adding transformer net.minecraftforge.coremod.transformer.CoreModClassTransformer@b808af5 to Target : CLASS {Lnet/minecraft/world/level/levelgen/structure/structures/OceanMonumentPieces$OceanMonumentPiece;} {} {V}
[062月2026 20:49:50.411] [main/DEBUG] [cpw.mods.modlauncher.TransformStore/MODLAUNCHER]: Adding transformer net.minecraftforge.coremod.transformer.CoreModClassTransformer@b808af5 to Target : CLASS {Lnet/minecraft/world/level/levelgen/structure/templatesystem/StructureTemplate;} {} {V}
[062月2026 20:49:50.412] [main/DEBUG] [cpw.mods.modlauncher.TransformStore/MODLAUNCHER]: Adding transformer net.minecraftforge.coremod.transformer.CoreModClassTransformer@b808af5 to Target : CLASS {Lnet/minecraft/world/level/levelgen/structure/structures/WoodlandMansionPieces$WoodlandMansionPiece;} {} {V}
[062月2026 20:49:50.412] [main/DEBUG] [cpw.mods.modlauncher.TransformStore/MODLAUNCHER]: Adding transformer net.minecraftforge.coremod.transformer.CoreModClassTransformer@b808af5 to Target : CLASS {Lnet/minecraft/world/level/levelgen/PatrolSpawner;} {} {V}
[062月2026 20:49:50.412] [main/DEBUG] [cpw.mods.modlauncher.TransformStore/MODLAUNCHER]: Adding transformer net.minecraftforge.coremod.transformer.CoreModClassTransformer@b808af5 to Target : CLASS {Lnet/minecraft/world/entity/raid/Raid;} {} {V}
[062月2026 20:49:50.413] [main/DEBUG] [cpw.mods.modlauncher.TransformStore/MODLAUNCHER]: Adding transformer net.minecraftforge.coremod.transformer.CoreModClassTransformer@b808af5 to Target : CLASS {Lnet/minecraft/world/level/levelgen/structure/structures/OceanRuinPieces$OceanRuinPiece;} {} {V}
[062月2026 20:49:50.413] [main/DEBUG] [cpw.mods.modlauncher.TransformStore/MODLAUNCHER]: Adding transformer net.minecraftforge.coremod.transformer.CoreModClassTransformer@b808af5 to Target : CLASS {Lnet/minecraft/world/level/levelgen/structure/structures/SwampHutPiece;} {} {V}
[062月2026 20:49:50.414] [main/DEBUG] [cpw.mods.modlauncher.TransformStore/MODLAUNCHER]: Adding transformer net.minecraftforge.coremod.transformer.CoreModClassTransformer@b808af5 to Target : CLASS {Lnet/minecraft/world/entity/monster/Spider;} {} {V}
[062月2026 20:49:50.414] [main/DEBUG] [cpw.mods.modlauncher.TransformStore/MODLAUNCHER]: Adding transformer net.minecraftforge.coremod.transformer.CoreModClassTransformer@b808af5 to Target : CLASS {Lnet/minecraft/world/entity/ai/village/VillageSiege;} {} {V}
[062月2026 20:49:50.414] [main/DEBUG] [cpw.mods.modlauncher.TransformStore/MODLAUNCHER]: Adding transformer net.minecraftforge.coremod.transformer.CoreModClassTransformer@b808af5 to Target : CLASS {Lnet/minecraft/world/entity/npc/Villager;} {} {V}
[062月2026 20:49:50.416] [main/DEBUG] [cpw.mods.modlauncher.TransformStore/MODLAUNCHER]: Adding transformer net.minecraftforge.coremod.transformer.CoreModMethodTransformer@2fd4312a to Target : METHOD {Lnet/minecraftforge/common/extensions/IForgeItemStack;} {getAllEnchantments} {()Ljava/util/Map;}
[062月2026 20:49:50.418] [main/DEBUG] [cpw.mods.modlauncher.TransformStore/MODLAUNCHER]: Adding transformer net.minecraftforge.coremod.transformer.CoreModMethodTransformer@31b6fb14 to Target : METHOD {Lnet/minecraftforge/common/extensions/IForgeItemStack;} {getEnchantmentLevel} {(Lnet/minecraft/world/item/enchantment/Enchantment;)I}
[062月2026 20:49:50.418] [main/DEBUG] [cpw.mods.modlauncher.TransformStore/MODLAUNCHER]: Adding transformer net.minecraftforge.coremod.transformer.CoreModMethodTransformer@3eee08f5 to Target : METHOD {Lnet/minecraft/client/gui/screens/inventory/EffectRenderingInventoryScreen;} {renderEffects} {(Lnet/minecraft/client/gui/GuiGraphics;II)V}
[062月2026 20:49:50.419] [main/DEBUG] [cpw.mods.modlauncher.TransformationServiceDecorator/MODLAUNCHER]: Initialized transformers for transformation service fml
[062月2026 20:49:50.420] [main/DEBUG] [cpw.mods.modlauncher.TransformationServiceDecorator/MODLAUNCHER]: Initializing transformers for transformation service I18nUpdateMod
[062月2026 20:49:50.422] [main/DEBUG] [cpw.mods.modlauncher.TransformationServiceDecorator/MODLAUNCHER]: Initialized transformers for transformation service I18nUpdateMod
[062月2026 20:50:02.532] [main/DEBUG] [mixin/]: Processing prepare() for PlatformAgent[MixinPlatformAgentDefault:ModLauncher Root Container(ModLauncher:4f56a0a2)]
[062月2026 20:50:02.533] [main/DEBUG] [mixin/]: Registering mixin config: mixins.kaleidoscope_end.json
[062月2026 20:50:02.634] [main/DEBUG] [mixin/]: Compatibility level JAVA_17 specified by mixins.kaleidoscope_end.json is higher than the maximum level supported by this version of mixin (JAVA_13).
[062月2026 20:50:02.653] [main/INFO] [mixin/]: Compatibility level set to JAVA_17
[062月2026 20:50:02.654] [main/DEBUG] [mixin/]: Processing launch tasks for PlatformAgent[MixinPlatformAgentDefault:ModLauncher Root Container(ModLauncher:4f56a0a2)]
[062月2026 20:50:02.655] [main/DEBUG] [mixin/]: Adding mixin platform agents for container SecureJarResource(farmersdelight)
[062月2026 20:50:02.655] [main/DEBUG] [mixin/]: Instancing new MixinPlatformAgentMinecraftForge for SecureJarResource(farmersdelight)
[062月2026 20:50:02.655] [main/DEBUG] [mixin/]: MixinPlatformAgentMinecraftForge rejected container SecureJarResource(farmersdelight)
[062月2026 20:50:02.655] [main/DEBUG] [mixin/]: Instancing new MixinPlatformAgentDefault for SecureJarResource(farmersdelight)
[062月2026 20:50:02.656] [main/DEBUG] [mixin/]: MixinPlatformAgentDefault accepted container SecureJarResource(farmersdelight)
[062月2026 20:50:02.656] [main/DEBUG] [mixin/]: Processing prepare() for PlatformAgent[MixinPlatformAgentDefault:SecureJarResource(farmersdelight)]
[062月2026 20:50:02.656] [main/DEBUG] [mixin/]: Registering mixin config: farmersdelight.mixins.json
[062月2026 20:50:02.659] [main/DEBUG] [mixin/]: Adding mixin platform agents for container SecureJarResource(minecraft)
[062月2026 20:50:02.660] [main/DEBUG] [mixin/]: Instancing new MixinPlatformAgentMinecraftForge for SecureJarResource(minecraft)
[062月2026 20:50:02.679] [main/DEBUG] [mixin/]: MixinPlatformAgentMinecraftForge rejected container SecureJarResource(minecraft)
[062月2026 20:50:02.681] [main/DEBUG] [mixin/]: Instancing new MixinPlatformAgentDefault for SecureJarResource(minecraft)
[062月2026 20:50:02.685] [main/DEBUG] [mixin/]: MixinPlatformAgentDefault accepted container SecureJarResource(minecraft)
[062月2026 20:50:02.685] [main/DEBUG] [mixin/]: Processing prepare() for PlatformAgent[MixinPlatformAgentDefault:SecureJarResource(minecraft)]
[062月2026 20:50:02.685] [main/DEBUG] [mixin/]: Adding mixin platform agents for container SecureJarResource(radium)
[062月2026 20:50:02.686] [main/DEBUG] [mixin/]: Instancing new MixinPlatformAgentMinecraftForge for SecureJarResource(radium)
[062月2026 20:50:02.687] [main/DEBUG] [mixin/]: MixinPlatformAgentMinecraftForge rejected container SecureJarResource(radium)
[062月2026 20:50:02.688] [main/DEBUG] [mixin/]: Instancing new MixinPlatformAgentDefault for SecureJarResource(radium)
[062月2026 20:50:02.688] [main/DEBUG] [mixin/]: MixinPlatformAgentDefault accepted container SecureJarResource(radium)
[062月2026 20:50:02.688] [main/DEBUG] [mixin/]: Processing prepare() for PlatformAgent[MixinPlatformAgentDefault:SecureJarResource(radium)]
[062月2026 20:50:02.688] [main/DEBUG] [mixin/]: Registering mixin config: lithium.mixins.json
[062月2026 20:50:02.705] [main/DEBUG] [mixin/]: Compatibility level JAVA_16 specified by lithium.mixins.json is higher than the maximum level supported by this version of mixin (JAVA_13).
[062月2026 20:50:02.707] [main/DEBUG] [mixin/]: Adding mixin platform agents for container SecureJarResource(rhino)
[062月2026 20:50:02.707] [main/DEBUG] [mixin/]: Instancing new MixinPlatformAgentMinecraftForge for SecureJarResource(rhino)
[062月2026 20:50:02.707] [main/DEBUG] [mixin/]: MixinPlatformAgentMinecraftForge rejected container SecureJarResource(rhino)
[062月2026 20:50:02.707] [main/DEBUG] [mixin/]: Instancing new MixinPlatformAgentDefault for SecureJarResource(rhino)
[062月2026 20:50:02.708] [main/DEBUG] [mixin/]: MixinPlatformAgentDefault accepted container SecureJarResource(rhino)
[062月2026 20:50:02.708] [main/DEBUG] [mixin/]: Processing prepare() for PlatformAgent[MixinPlatformAgentDefault:SecureJarResource(rhino)]
[062月2026 20:50:02.708] [main/DEBUG] [mixin/]: Registering mixin config: rhino-common.mixins.json
[062月2026 20:50:02.723] [main/DEBUG] [mixin/]: Adding mixin platform agents for container SecureJarResource(damage_number)
[062月2026 20:50:02.728] [main/DEBUG] [mixin/]: Instancing new MixinPlatformAgentMinecraftForge for SecureJarResource(damage_number)
[062月2026 20:50:02.733] [main/DEBUG] [mixin/]: MixinPlatformAgentMinecraftForge rejected container SecureJarResource(damage_number)
[062月2026 20:50:02.735] [main/DEBUG] [mixin/]: Instancing new MixinPlatformAgentDefault for SecureJarResource(damage_number)
[062月2026 20:50:02.735] [main/DEBUG] [mixin/]: MixinPlatformAgentDefault accepted container SecureJarResource(damage_number)
[062月2026 20:50:02.736] [main/DEBUG] [mixin/]: Processing prepare() for PlatformAgent[MixinPlatformAgentDefault:SecureJarResource(damage_number)]
[062月2026 20:50:02.736] [main/DEBUG] [mixin/]: Registering mixin config: damage_number.mixins.json
[062月2026 20:50:02.740] [main/DEBUG] [mixin/]: Adding mixin platform agents for container SecureJarResource(moonlight)
[062月2026 20:50:02.741] [main/DEBUG] [mixin/]: Instancing new MixinPlatformAgentMinecraftForge for SecureJarResource(moonlight)
[062月2026 20:50:02.742] [main/DEBUG] [mixin/]: MixinPlatformAgentMinecraftForge rejected container SecureJarResource(moonlight)
[062月2026 20:50:02.745] [main/DEBUG] [mixin/]: Instancing new MixinPlatformAgentDefault for SecureJarResource(moonlight)
[062月2026 20:50:02.747] [main/DEBUG] [mixin/]: MixinPlatformAgentDefault accepted container SecureJarResource(moonlight)
[062月2026 20:50:02.749] [main/DEBUG] [mixin/]: Processing prepare() for PlatformAgent[MixinPlatformAgentDefault:SecureJarResource(moonlight)]
[062月2026 20:50:02.750] [main/DEBUG] [mixin/]: Registering mixin config: moonlight-common.mixins.json
[062月2026 20:50:02.756] [main/DEBUG] [mixin/]: Registering mixin config: moonlight.mixins.json
[062月2026 20:50:02.759] [main/DEBUG] [mixin/]: Adding mixin platform agents for container SecureJarResource(kaleidoscope_nether)
[062月2026 20:50:02.773] [main/DEBUG] [mixin/]: Instancing new MixinPlatformAgentMinecraftForge for SecureJarResource(kaleidoscope_nether)
[062月2026 20:50:02.774] [main/DEBUG] [mixin/]: MixinPlatformAgentMinecraftForge rejected container SecureJarResource(kaleidoscope_nether)
[062月2026 20:50:02.788] [main/DEBUG] [mixin/]: Instancing new MixinPlatformAgentDefault for SecureJarResource(kaleidoscope_nether)
[062月2026 20:50:02.789] [main/DEBUG] [mixin/]: MixinPlatformAgentDefault accepted container SecureJarResource(kaleidoscope_nether)
[062月2026 20:50:02.789] [main/DEBUG] [mixin/]: Processing prepare() for PlatformAgent[MixinPlatformAgentDefault:SecureJarResource(kaleidoscope_nether)]
[062月2026 20:50:02.789] [main/DEBUG] [mixin/]: Registering mixin config: mixins.kaleidoscope_nether.json
[062月2026 20:50:02.802] [main/DEBUG] [mixin/]: Adding mixin platform agents for container SecureJarResource(mixinsquared)
[062月2026 20:50:02.804] [main/DEBUG] [mixin/]: Instancing new MixinPlatformAgentMinecraftForge for SecureJarResource(mixinsquared)
[062月2026 20:50:02.807] [main/DEBUG] [mixin/]: MixinPlatformAgentMinecraftForge rejected container SecureJarResource(mixinsquared)
[062月2026 20:50:02.808] [main/DEBUG] [mixin/]: Instancing new MixinPlatformAgentDefault for SecureJarResource(mixinsquared)
[062月2026 20:50:02.817] [main/DEBUG] [mixin/]: MixinPlatformAgentDefault accepted container SecureJarResource(mixinsquared)
[062月2026 20:50:02.819] [main/DEBUG] [mixin/]: Processing prepare() for PlatformAgent[MixinPlatformAgentDefault:SecureJarResource(mixinsquared)]
[062月2026 20:50:02.819] [main/DEBUG] [mixin/]: Registering mixin config: mixinsquared.init.mixins.json
[062月2026 20:50:02.823] [main/DEBUG] [mixin/]: Adding mixin platform agents for container SecureJarResource(jade)
[062月2026 20:50:02.825] [main/DEBUG] [mixin/]: Instancing new MixinPlatformAgentMinecraftForge for SecureJarResource(jade)
[062月2026 20:50:02.828] [main/DEBUG] [mixin/]: MixinPlatformAgentMinecraftForge rejected container SecureJarResource(jade)
[062月2026 20:50:02.829] [main/DEBUG] [mixin/]: Instancing new MixinPlatformAgentDefault for SecureJarResource(jade)
[062月2026 20:50:02.832] [main/DEBUG] [mixin/]: MixinPlatformAgentDefault accepted container SecureJarResource(jade)
[062月2026 20:50:02.836] [main/DEBUG] [mixin/]: Processing prepare() for PlatformAgent[MixinPlatformAgentDefault:SecureJarResource(jade)]
[062月2026 20:50:02.837] [main/DEBUG] [mixin/]: Registering mixin config: jade.mixins.json
[062月2026 20:50:02.845] [main/DEBUG] [mixin/]: Compatibility level JAVA_16 specified by jade.mixins.json is higher than the maximum level supported by this version of mixin (JAVA_13).
[062月2026 20:50:02.846] [main/DEBUG] [mixin/]: Adding mixin platform agents for container SecureJarResource(jei)
[062月2026 20:50:02.847] [main/DEBUG] [mixin/]: Instancing new MixinPlatformAgentMinecraftForge for SecureJarResource(jei)
[062月2026 20:50:02.847] [main/DEBUG] [mixin/]: MixinPlatformAgentMinecraftForge rejected container SecureJarResource(jei)
[062月2026 20:50:02.847] [main/DEBUG] [mixin/]: Instancing new MixinPlatformAgentDefault for SecureJarResource(jei)
[062月2026 20:50:02.847] [main/DEBUG] [mixin/]: MixinPlatformAgentDefault accepted container SecureJarResource(jei)
[062月2026 20:50:02.848] [main/DEBUG] [mixin/]: Processing prepare() for PlatformAgent[MixinPlatformAgentDefault:SecureJarResource(jei)]
[062月2026 20:50:02.848] [main/DEBUG] [mixin/]: Adding mixin platform agents for container SecureJarResource(lionfishapi)
[062月2026 20:50:02.848] [main/DEBUG] [mixin/]: Instancing new MixinPlatformAgentMinecraftForge for SecureJarResource(lionfishapi)
[062月2026 20:50:02.848] [main/DEBUG] [mixin/]: MixinPlatformAgentMinecraftForge rejected container SecureJarResource(lionfishapi)
[062月2026 20:50:02.848] [main/DEBUG] [mixin/]: Instancing new MixinPlatformAgentDefault for SecureJarResource(lionfishapi)
[062月2026 20:50:02.848] [main/DEBUG] [mixin/]: MixinPlatformAgentDefault accepted container SecureJarResource(lionfishapi)
[062月2026 20:50:02.848] [main/DEBUG] [mixin/]: Processing prepare() for PlatformAgent[MixinPlatformAgentDefault:SecureJarResource(lionfishapi)]
[062月2026 20:50:02.848] [main/DEBUG] [mixin/]: Registering mixin config: lionfishapi.mixins.json
[062月2026 20:50:02.851] [main/DEBUG] [mixin/]: Adding mixin platform agents for container SecureJarResource(cataclysm)
[062月2026 20:50:02.853] [main/DEBUG] [mixin/]: Instancing new MixinPlatformAgentMinecraftForge for SecureJarResource(cataclysm)
[062月2026 20:50:02.854] [main/DEBUG] [mixin/]: MixinPlatformAgentMinecraftForge rejected container SecureJarResource(cataclysm)
[062月2026 20:50:02.856] [main/DEBUG] [mixin/]: Instancing new MixinPlatformAgentDefault for SecureJarResource(cataclysm)
[062月2026 20:50:02.858] [main/DEBUG] [mixin/]: MixinPlatformAgentDefault accepted container SecureJarResource(cataclysm)
[062月2026 20:50:02.858] [main/DEBUG] [mixin/]: Processing prepare() for PlatformAgent[MixinPlatformAgentDefault:SecureJarResource(cataclysm)]
[062月2026 20:50:02.858] [main/DEBUG] [mixin/]: Registering mixin config: lionfishapi.mixins.json
[062月2026 20:50:02.859] [main/DEBUG] [mixin/]: Registering mixin config: cataclysm.mixins.json
[062月2026 20:50:02.888] [main/DEBUG] [mixin/]: Adding mixin platform agents for container SecureJarResource(curios)
[062月2026 20:50:02.890] [main/DEBUG] [mixin/]: Instancing new MixinPlatformAgentMinecraftForge for SecureJarResource(curios)
[062月2026 20:50:02.891] [main/DEBUG] [mixin/]: MixinPlatformAgentMinecraftForge rejected container SecureJarResource(curios)
[062月2026 20:50:02.892] [main/DEBUG] [mixin/]: Instancing new MixinPlatformAgentDefault for SecureJarResource(curios)
[062月2026 20:50:02.893] [main/DEBUG] [mixin/]: MixinPlatformAgentDefault accepted container SecureJarResource(curios)
[062月2026 20:50:02.899] [main/DEBUG] [mixin/]: Processing prepare() for PlatformAgent[MixinPlatformAgentDefault:SecureJarResource(curios)]
[062月2026 20:50:02.899] [main/DEBUG] [mixin/]: Registering mixin config: curios.mixins.json
[062月2026 20:50:02.903] [main/DEBUG] [mixin/]: Adding mixin platform agents for container SecureJarResource(placebo)
[062月2026 20:50:02.907] [main/DEBUG] [mixin/]: Instancing new MixinPlatformAgentMinecraftForge for SecureJarResource(placebo)
[062月2026 20:50:02.909] [main/DEBUG] [mixin/]: MixinPlatformAgentMinecraftForge rejected container SecureJarResource(placebo)
[062月2026 20:50:02.909] [main/DEBUG] [mixin/]: Instancing new MixinPlatformAgentDefault for SecureJarResource(placebo)
[062月2026 20:50:02.910] [main/DEBUG] [mixin/]: MixinPlatformAgentDefault accepted container SecureJarResource(placebo)
[062月2026 20:50:02.910] [main/DEBUG] [mixin/]: Processing prepare() for PlatformAgent[MixinPlatformAgentDefault:SecureJarResource(placebo)]
[062月2026 20:50:02.911] [main/DEBUG] [mixin/]: Registering mixin config: placebo.mixins.json
[062月2026 20:50:02.925] [main/DEBUG] [mixin/]: Adding mixin platform agents for container SecureJarResource(citadel)
[062月2026 20:50:02.925] [main/DEBUG] [mixin/]: Instancing new MixinPlatformAgentMinecraftForge for SecureJarResource(citadel)
[062月2026 20:50:02.925] [main/DEBUG] [mixin/]: MixinPlatformAgentMinecraftForge rejected container SecureJarResource(citadel)
[062月2026 20:50:02.925] [main/DEBUG] [mixin/]: Instancing new MixinPlatformAgentDefault for SecureJarResource(citadel)
[062月2026 20:50:02.926] [main/DEBUG] [mixin/]: MixinPlatformAgentDefault accepted container SecureJarResource(citadel)
[062月2026 20:50:02.926] [main/DEBUG] [mixin/]: Processing prepare() for PlatformAgent[MixinPlatformAgentDefault:SecureJarResource(citadel)]
[062月2026 20:50:02.927] [main/DEBUG] [mixin/]: Registering mixin config: citadel.mixins.json
[062月2026 20:50:02.932] [main/DEBUG] [mixin/]: Adding mixin platform agents for container SecureJarResource(alexsmobs)
[062月2026 20:50:02.933] [main/DEBUG] [mixin/]: Instancing new MixinPlatformAgentMinecraftForge for SecureJarResource(alexsmobs)
[062月2026 20:50:02.933] [main/DEBUG] [mixin/]: MixinPlatformAgentMinecraftForge rejected container SecureJarResource(alexsmobs)
[062月2026 20:50:02.933] [main/DEBUG] [mixin/]: Instancing new MixinPlatformAgentDefault for SecureJarResource(alexsmobs)
[062月2026 20:50:02.934] [main/DEBUG] [mixin/]: MixinPlatformAgentDefault accepted container SecureJarResource(alexsmobs)
[062月2026 20:50:02.935] [main/DEBUG] [mixin/]: Processing prepare() for PlatformAgent[MixinPlatformAgentDefault:SecureJarResource(alexsmobs)]
[062月2026 20:50:02.936] [main/DEBUG] [mixin/]: Registering mixin config: citadel.mixins.json
[062月2026 20:50:02.937] [main/DEBUG] [mixin/]: Adding mixin platform agents for container SecureJarResource(attributeslib)
[062月2026 20:50:02.938] [main/DEBUG] [mixin/]: Instancing new MixinPlatformAgentMinecraftForge for SecureJarResource(attributeslib)
[062月2026 20:50:02.959] [main/DEBUG] [mixin/]: MixinPlatformAgentMinecraftForge rejected container SecureJarResource(attributeslib)
[062月2026 20:50:02.960] [main/DEBUG] [mixin/]: Instancing new MixinPlatformAgentDefault for SecureJarResource(attributeslib)
[062月2026 20:50:02.961] [main/DEBUG] [mixin/]: MixinPlatformAgentDefault accepted container SecureJarResource(attributeslib)
[062月2026 20:50:02.962] [main/DEBUG] [mixin/]: Processing prepare() for PlatformAgent[MixinPlatformAgentDefault:SecureJarResource(attributeslib)]
[062月2026 20:50:02.962] [main/DEBUG] [mixin/]: Registering mixin config: attributeslib.mixins.json
[062月2026 20:50:02.982] [main/DEBUG] [mixin/]: Adding mixin platform agents for container SecureJarResource(inventoryhud)
[062月2026 20:50:02.983] [main/DEBUG] [mixin/]: Instancing new MixinPlatformAgentMinecraftForge for SecureJarResource(inventoryhud)
[062月2026 20:50:02.985] [main/DEBUG] [mixin/]: MixinPlatformAgentMinecraftForge rejected container SecureJarResource(inventoryhud)
[062月2026 20:50:02.986] [main/DEBUG] [mixin/]: Instancing new MixinPlatformAgentDefault for SecureJarResource(inventoryhud)
[062月2026 20:50:02.993] [main/DEBUG] [mixin/]: MixinPlatformAgentDefault accepted container SecureJarResource(inventoryhud)
[062月2026 20:50:03.004] [main/DEBUG] [mixin/]: Processing prepare() for PlatformAgent[MixinPlatformAgentDefault:SecureJarResource(inventoryhud)]
[062月2026 20:50:03.005] [main/DEBUG] [mixin/]: Adding mixin platform agents for container SecureJarResource(kaleidoscope_end)
[062月2026 20:50:03.006] [main/DEBUG] [mixin/]: Instancing new MixinPlatformAgentMinecraftForge for SecureJarResource(kaleidoscope_end)
[062月2026 20:50:03.006] [main/DEBUG] [mixin/]: MixinPlatformAgentMinecraftForge rejected container SecureJarResource(kaleidoscope_end)
[062月2026 20:50:03.006] [main/DEBUG] [mixin/]: Instancing new MixinPlatformAgentDefault for SecureJarResource(kaleidoscope_end)
[062月2026 20:50:03.006] [main/DEBUG] [mixin/]: MixinPlatformAgentDefault accepted container SecureJarResource(kaleidoscope_end)
[062月2026 20:50:03.006] [main/DEBUG] [mixin/]: Processing prepare() for PlatformAgent[MixinPlatformAgentDefault:SecureJarResource(kaleidoscope_end)]
[062月2026 20:50:03.006] [main/DEBUG] [mixin/]: Adding mixin platform agents for container SecureJarResource(screenshotclipboard)
[062月2026 20:50:03.006] [main/DEBUG] [mixin/]: Instancing new MixinPlatformAgentMinecraftForge for SecureJarResource(screenshotclipboard)
[062月2026 20:50:03.006] [main/DEBUG] [mixin/]: MixinPlatformAgentMinecraftForge rejected container SecureJarResource(screenshotclipboard)
[062月2026 20:50:03.006] [main/DEBUG] [mixin/]: Instancing new MixinPlatformAgentDefault for SecureJarResource(screenshotclipboard)
[062月2026 20:50:03.012] [main/DEBUG] [mixin/]: MixinPlatformAgentDefault accepted container SecureJarResource(screenshotclipboard)
[062月2026 20:50:03.016] [main/DEBUG] [mixin/]: Processing prepare() for PlatformAgent[MixinPlatformAgentDefault:SecureJarResource(screenshotclipboard)]
[062月2026 20:50:03.017] [main/DEBUG] [mixin/]: Registering mixin config: screenshotclipboard-common.mixins.json
[062月2026 20:50:03.033] [main/DEBUG] [mixin/]: Compatibility level JAVA_8 specified by screenshotclipboard-common.mixins.json is lower than the default level supported by the current mixin service (JAVA_16).
[062月2026 20:50:03.038] [main/DEBUG] [mixin/]: Registering mixin config: screenshotclipboard-forge.mixins.json
[062月2026 20:50:03.056] [main/DEBUG] [mixin/]: Compatibility level JAVA_8 specified by screenshotclipboard-forge.mixins.json is lower than the default level supported by the current mixin service (JAVA_16).
[062月2026 20:50:03.057] [main/DEBUG] [mixin/]: Adding mixin platform agents for container SecureJarResource(architectury)
[062月2026 20:50:03.058] [main/DEBUG] [mixin/]: Instancing new MixinPlatformAgentMinecraftForge for SecureJarResource(architectury)
[062月2026 20:50:03.058] [main/DEBUG] [mixin/]: MixinPlatformAgentMinecraftForge rejected container SecureJarResource(architectury)
[062月2026 20:50:03.059] [main/DEBUG] [mixin/]: Instancing new MixinPlatformAgentDefault for SecureJarResource(architectury)
[062月2026 20:50:03.062] [main/DEBUG] [mixin/]: MixinPlatformAgentDefault accepted container SecureJarResource(architectury)
[062月2026 20:50:03.066] [main/DEBUG] [mixin/]: Processing prepare() for PlatformAgent[MixinPlatformAgentDefault:SecureJarResource(architectury)]
[062月2026 20:50:03.068] [main/DEBUG] [mixin/]: Registering mixin config: architectury.mixins.json
[062月2026 20:50:03.090] [main/DEBUG] [mixin/]: Compatibility level JAVA_16 specified by architectury.mixins.json is higher than the maximum level supported by this version of mixin (JAVA_13).
[062月2026 20:50:03.090] [main/DEBUG] [mixin/]: Registering mixin config: architectury-common.mixins.json
[062月2026 20:50:03.098] [main/DEBUG] [mixin/]: Compatibility level JAVA_16 specified by architectury-common.mixins.json is higher than the maximum level supported by this version of mixin (JAVA_13).
[062月2026 20:50:03.100] [main/DEBUG] [mixin/]: Adding mixin platform agents for container SecureJarResource(kubejs)
[062月2026 20:50:03.102] [main/DEBUG] [mixin/]: Instancing new MixinPlatformAgentMinecraftForge for SecureJarResource(kubejs)
[062月2026 20:50:03.103] [main/DEBUG] [mixin/]: MixinPlatformAgentMinecraftForge rejected container SecureJarResource(kubejs)
[062月2026 20:50:03.106] [main/DEBUG] [mixin/]: Instancing new MixinPlatformAgentDefault for SecureJarResource(kubejs)
[062月2026 20:50:03.106] [main/DEBUG] [mixin/]: MixinPlatformAgentDefault accepted container SecureJarResource(kubejs)
[062月2026 20:50:03.106] [main/DEBUG] [mixin/]: Processing prepare() for PlatformAgent[MixinPlatformAgentDefault:SecureJarResource(kubejs)]
[062月2026 20:50:03.107] [main/DEBUG] [mixin/]: Registering mixin config: kubejs-forge.mixins.json
[062月2026 20:50:03.116] [main/DEBUG] [mixin/]: Registering mixin config: kubejs-common.mixins.json
[062月2026 20:50:03.121] [main/DEBUG] [mixin/]: Adding mixin platform agents for container SecureJarResource(scannable)
[062月2026 20:50:03.123] [main/DEBUG] [mixin/]: Instancing new MixinPlatformAgentMinecraftForge for SecureJarResource(scannable)
[062月2026 20:50:03.123] [main/DEBUG] [mixin/]: MixinPlatformAgentMinecraftForge rejected container SecureJarResource(scannable)
[062月2026 20:50:03.124] [main/DEBUG] [mixin/]: Instancing new MixinPlatformAgentDefault for SecureJarResource(scannable)
[062月2026 20:50:03.124] [main/DEBUG] [mixin/]: MixinPlatformAgentDefault accepted container SecureJarResource(scannable)
[062月2026 20:50:03.124] [main/DEBUG] [mixin/]: Processing prepare() for PlatformAgent[MixinPlatformAgentDefault:SecureJarResource(scannable)]
[062月2026 20:50:03.124] [main/DEBUG] [mixin/]: Registering mixin config: scannable-common.mixins.json
[062月2026 20:50:03.148] [main/DEBUG] [mixin/]: Registering mixin config: scannable.mixins.json
[062月2026 20:50:03.151] [main/DEBUG] [mixin/]: Adding mixin platform agents for container SecureJarResource(jeed)
[062月2026 20:50:03.170] [main/DEBUG] [mixin/]: Instancing new MixinPlatformAgentMinecraftForge for SecureJarResource(jeed)
[062月2026 20:50:03.171] [main/DEBUG] [mixin/]: MixinPlatformAgentMinecraftForge rejected container SecureJarResource(jeed)
[062月2026 20:50:03.171] [main/DEBUG] [mixin/]: Instancing new MixinPlatformAgentDefault for SecureJarResource(jeed)
[062月2026 20:50:03.172] [main/DEBUG] [mixin/]: MixinPlatformAgentDefault accepted container SecureJarResource(jeed)
[062月2026 20:50:03.172] [main/DEBUG] [mixin/]: Processing prepare() for PlatformAgent[MixinPlatformAgentDefault:SecureJarResource(jeed)]
[062月2026 20:50:03.173] [main/DEBUG] [mixin/]: Registering mixin config: jeed-common.mixins.json
[062月2026 20:50:03.202] [main/DEBUG] [mixin/]: Registering mixin config: jeed.mixins.json
[062月2026 20:50:03.229] [main/DEBUG] [mixin/]: Adding mixin platform agents for container SecureJarResource(kaleidoscope_doll)
[062月2026 20:50:03.230] [main/DEBUG] [mixin/]: Instancing new MixinPlatformAgentMinecraftForge for SecureJarResource(kaleidoscope_doll)
[062月2026 20:50:03.230] [main/DEBUG] [mixin/]: MixinPlatformAgentMinecraftForge rejected container SecureJarResource(kaleidoscope_doll)
[062月2026 20:50:03.231] [main/DEBUG] [mixin/]: Instancing new MixinPlatformAgentDefault for SecureJarResource(kaleidoscope_doll)
[062月2026 20:50:03.231] [main/DEBUG] [mixin/]: MixinPlatformAgentDefault accepted container SecureJarResource(kaleidoscope_doll)
[062月2026 20:50:03.231] [main/DEBUG] [mixin/]: Processing prepare() for PlatformAgent[MixinPlatformAgentDefault:SecureJarResource(kaleidoscope_doll)]
[062月2026 20:50:03.231] [main/DEBUG] [mixin/]: Adding mixin platform agents for container SecureJarResource(kaleidoscope_cookery)
[062月2026 20:50:03.231] [main/DEBUG] [mixin/]: Instancing new MixinPlatformAgentMinecraftForge for SecureJarResource(kaleidoscope_cookery)
[062月2026 20:50:03.231] [main/DEBUG] [mixin/]: MixinPlatformAgentMinecraftForge rejected container SecureJarResource(kaleidoscope_cookery)
[062月2026 20:50:03.231] [main/DEBUG] [mixin/]: Instancing new MixinPlatformAgentDefault for SecureJarResource(kaleidoscope_cookery)
[062月2026 20:50:03.231] [main/DEBUG] [mixin/]: MixinPlatformAgentDefault accepted container SecureJarResource(kaleidoscope_cookery)
[062月2026 20:50:03.232] [main/DEBUG] [mixin/]: Processing prepare() for PlatformAgent[MixinPlatformAgentDefault:SecureJarResource(kaleidoscope_cookery)]
[062月2026 20:50:03.233] [main/DEBUG] [mixin/]: Registering mixin config: kaleidoscope_cookery.mixins.json
[062月2026 20:50:03.242] [main/DEBUG] [mixin/]: Adding mixin platform agents for container SecureJarResource(forge)
[062月2026 20:50:03.244] [main/DEBUG] [mixin/]: Instancing new MixinPlatformAgentMinecraftForge for SecureJarResource(forge)
[062月2026 20:50:03.245] [main/DEBUG] [mixin/]: MixinPlatformAgentMinecraftForge rejected container SecureJarResource(forge)
[062月2026 20:50:03.247] [main/DEBUG] [mixin/]: Instancing new MixinPlatformAgentDefault for SecureJarResource(forge)
[062月2026 20:50:03.248] [main/DEBUG] [mixin/]: MixinPlatformAgentDefault accepted container SecureJarResource(forge)
[062月2026 20:50:03.248] [main/DEBUG] [mixin/]: Processing prepare() for PlatformAgent[MixinPlatformAgentDefault:SecureJarResource(forge)]
[062月2026 20:50:03.248] [main/DEBUG] [mixin/]: Adding mixin platform agents for container SecureJarResource(appleskin)
[062月2026 20:50:03.248] [main/DEBUG] [mixin/]: Instancing new MixinPlatformAgentMinecraftForge for SecureJarResource(appleskin)
[062月2026 20:50:03.249] [main/DEBUG] [mixin/]: MixinPlatformAgentMinecraftForge rejected container SecureJarResource(appleskin)
[062月2026 20:50:03.249] [main/DEBUG] [mixin/]: Instancing new MixinPlatformAgentDefault for SecureJarResource(appleskin)
[062月2026 20:50:03.249] [main/DEBUG] [mixin/]: MixinPlatformAgentDefault accepted container SecureJarResource(appleskin)
[062月2026 20:50:03.249] [main/DEBUG] [mixin/]: Processing prepare() for PlatformAgent[MixinPlatformAgentDefault:SecureJarResource(appleskin)]
[062月2026 20:50:03.249] [main/DEBUG] [mixin/]: Adding mixin platform agents for container SecureJarResource(dummmmmmy)
[062月2026 20:50:03.250] [main/DEBUG] [mixin/]: Instancing new MixinPlatformAgentMinecraftForge for SecureJarResource(dummmmmmy)
[062月2026 20:50:03.250] [main/DEBUG] [mixin/]: MixinPlatformAgentMinecraftForge rejected container SecureJarResource(dummmmmmy)
[062月2026 20:50:03.250] [main/DEBUG] [mixin/]: Instancing new MixinPlatformAgentDefault for SecureJarResource(dummmmmmy)
[062月2026 20:50:03.250] [main/DEBUG] [mixin/]: MixinPlatformAgentDefault accepted container SecureJarResource(dummmmmmy)
[062月2026 20:50:03.250] [main/DEBUG] [mixin/]: Processing prepare() for PlatformAgent[MixinPlatformAgentDefault:SecureJarResource(dummmmmmy)]
[062月2026 20:50:03.250] [main/DEBUG] [mixin/]: Registering mixin config: dummmmmmy-common.mixins.json
[062月2026 20:50:03.252] [main/DEBUG] [mixin/]: Registering mixin config: dummmmmmy.mixins.json
[062月2026 20:50:03.254] [main/DEBUG] [mixin/]: Compatibility level JAVA_16 specified by dummmmmmy.mixins.json is higher than the maximum level supported by this version of mixin (JAVA_13).
[062月2026 20:50:03.255] [main/DEBUG] [mixin/]: Adding mixin platform agents for container SecureJarResource(embeddium)
[062月2026 20:50:03.257] [main/DEBUG] [mixin/]: Instancing new MixinPlatformAgentMinecraftForge for SecureJarResource(embeddium)
[062月2026 20:50:03.258] [main/DEBUG] [mixin/]: MixinPlatformAgentMinecraftForge rejected container SecureJarResource(embeddium)
[062月2026 20:50:03.260] [main/DEBUG] [mixin/]: Instancing new MixinPlatformAgentDefault for SecureJarResource(embeddium)
[062月2026 20:50:03.261] [main/DEBUG] [mixin/]: MixinPlatformAgentDefault accepted container SecureJarResource(embeddium)
[062月2026 20:50:03.261] [main/DEBUG] [mixin/]: Processing prepare() for PlatformAgent[MixinPlatformAgentDefault:SecureJarResource(embeddium)]
[062月2026 20:50:03.262] [main/DEBUG] [mixin/]: Registering mixin config: embeddium.mixins.json
[062月2026 20:50:03.282] [main/DEBUG] [mixin/]: Adding mixin platform agents for container SecureJarResource(MixinSquared)
[062月2026 20:50:03.282] [main/DEBUG] [mixin/]: Instancing new MixinPlatformAgentMinecraftForge for SecureJarResource(MixinSquared)
[062月2026 20:50:03.282] [main/DEBUG] [mixin/]: MixinPlatformAgentMinecraftForge rejected container SecureJarResource(MixinSquared)
[062月2026 20:50:03.285] [main/DEBUG] [mixin/]: Instancing new MixinPlatformAgentDefault for SecureJarResource(MixinSquared)
[062月2026 20:50:03.286] [main/DEBUG] [mixin/]: MixinPlatformAgentDefault accepted container SecureJarResource(MixinSquared)
[062月2026 20:50:03.286] [main/DEBUG] [mixin/]: Processing prepare() for PlatformAgent[MixinPlatformAgentDefault:SecureJarResource(MixinSquared)]
[062月2026 20:50:03.286] [main/DEBUG] [mixin/]: Adding mixin platform agents for container SecureJarResource(NanoLiveConfig)
[062月2026 20:50:03.286] [main/DEBUG] [mixin/]: Instancing new MixinPlatformAgentMinecraftForge for SecureJarResource(NanoLiveConfig)
[062月2026 20:50:03.286] [main/DEBUG] [mixin/]: MixinPlatformAgentMinecraftForge rejected container SecureJarResource(NanoLiveConfig)
[062月2026 20:50:03.286] [main/DEBUG] [mixin/]: Instancing new MixinPlatformAgentDefault for SecureJarResource(NanoLiveConfig)
[062月2026 20:50:03.287] [main/DEBUG] [mixin/]: MixinPlatformAgentDefault accepted container SecureJarResource(NanoLiveConfig)
[062月2026 20:50:03.287] [main/DEBUG] [mixin/]: Processing prepare() for PlatformAgent[MixinPlatformAgentDefault:SecureJarResource(NanoLiveConfig)]
[062月2026 20:50:03.287] [main/DEBUG] [mixin/]: Adding mixin platform agents for container SecureJarResource(mixinextras)
[062月2026 20:50:03.287] [main/DEBUG] [mixin/]: Instancing new MixinPlatformAgentMinecraftForge for SecureJarResource(mixinextras)
[062月2026 20:50:03.287] [main/DEBUG] [mixin/]: MixinPlatformAgentMinecraftForge rejected container SecureJarResource(mixinextras)
[062月2026 20:50:03.287] [main/DEBUG] [mixin/]: Instancing new MixinPlatformAgentDefault for SecureJarResource(mixinextras)
[062月2026 20:50:03.288] [main/DEBUG] [mixin/]: MixinPlatformAgentDefault accepted container SecureJarResource(mixinextras)
[062月2026 20:50:03.288] [main/DEBUG] [mixin/]: Processing prepare() for PlatformAgent[MixinPlatformAgentDefault:SecureJarResource(mixinextras)]
[062月2026 20:50:03.288] [main/DEBUG] [mixin/]: Registering mixin config: mixinextras.init.mixins.json
[062月2026 20:50:03.305] [main/DEBUG] [mixin/]: Adding mixin platform agents for container SecureJarResource(MixinExtras)
[062月2026 20:50:03.305] [main/DEBUG] [mixin/]: Instancing new MixinPlatformAgentMinecraftForge for SecureJarResource(MixinExtras)
[062月2026 20:50:03.305] [main/DEBUG] [mixin/]: MixinPlatformAgentMinecraftForge rejected container SecureJarResource(MixinExtras)
[062月2026 20:50:03.305] [main/DEBUG] [mixin/]: Instancing new MixinPlatformAgentDefault for SecureJarResource(MixinExtras)
[062月2026 20:50:03.305] [main/DEBUG] [mixin/]: MixinPlatformAgentDefault accepted container SecureJarResource(MixinExtras)
[062月2026 20:50:03.306] [main/DEBUG] [mixin/]: Processing prepare() for PlatformAgent[MixinPlatformAgentDefault:SecureJarResource(MixinExtras)]
[062月2026 20:50:03.306] [main/DEBUG] [mixin/]: inject() running with 35 agents
[062月2026 20:50:03.306] [main/DEBUG] [mixin/]: Processing inject() for PlatformAgent[MixinPlatformAgentDefault:ModLauncher Root Container(ModLauncher:4f56a0a2)]
[062月2026 20:50:03.306] [main/DEBUG] [mixin/]: Processing inject() for PlatformAgent[MixinPlatformAgentDefault:SecureJarResource(farmersdelight)]
[062月2026 20:50:03.306] [main/DEBUG] [mixin/]: Processing inject() for PlatformAgent[MixinPlatformAgentDefault:SecureJarResource(minecraft)]
[062月2026 20:50:03.306] [main/DEBUG] [mixin/]: Processing inject() for PlatformAgent[MixinPlatformAgentDefault:SecureJarResource(radium)]
[062月2026 20:50:03.306] [main/DEBUG] [mixin/]: Processing inject() for PlatformAgent[MixinPlatformAgentDefault:SecureJarResource(rhino)]
[062月2026 20:50:03.306] [main/DEBUG] [mixin/]: Processing inject() for PlatformAgent[MixinPlatformAgentDefault:SecureJarResource(damage_number)]
[062月2026 20:50:03.307] [main/DEBUG] [mixin/]: Processing inject() for PlatformAgent[MixinPlatformAgentDefault:SecureJarResource(moonlight)]
[062月2026 20:50:03.307] [main/DEBUG] [mixin/]: Processing inject() for PlatformAgent[MixinPlatformAgentDefault:SecureJarResource(kaleidoscope_nether)]
[062月2026 20:50:03.307] [main/DEBUG] [mixin/]: Processing inject() for PlatformAgent[MixinPlatformAgentDefault:SecureJarResource(mixinsquared)]
[062月2026 20:50:03.307] [main/DEBUG] [mixin/]: Processing inject() for PlatformAgent[MixinPlatformAgentDefault:SecureJarResource(jade)]
[062月2026 20:50:03.307] [main/DEBUG] [mixin/]: Processing inject() for PlatformAgent[MixinPlatformAgentDefault:SecureJarResource(jei)]
[062月2026 20:50:03.307] [main/DEBUG] [mixin/]: Processing inject() for PlatformAgent[MixinPlatformAgentDefault:SecureJarResource(lionfishapi)]
[062月2026 20:50:03.307] [main/DEBUG] [mixin/]: Processing inject() for PlatformAgent[MixinPlatformAgentDefault:SecureJarResource(cataclysm)]
[062月2026 20:50:03.307] [main/DEBUG] [mixin/]: Processing inject() for PlatformAgent[MixinPlatformAgentDefault:SecureJarResource(curios)]
[062月2026 20:50:03.307] [main/DEBUG] [mixin/]: Processing inject() for PlatformAgent[MixinPlatformAgentDefault:SecureJarResource(placebo)]
[062月2026 20:50:03.308] [main/DEBUG] [mixin/]: Processing inject() for PlatformAgent[MixinPlatformAgentDefault:SecureJarResource(citadel)]
[062月2026 20:50:03.309] [main/DEBUG] [mixin/]: Processing inject() for PlatformAgent[MixinPlatformAgentDefault:SecureJarResource(alexsmobs)]
[062月2026 20:50:03.309] [main/DEBUG] [mixin/]: Processing inject() for PlatformAgent[MixinPlatformAgentDefault:SecureJarResource(attributeslib)]
[062月2026 20:50:03.309] [main/DEBUG] [mixin/]: Processing inject() for PlatformAgent[MixinPlatformAgentDefault:SecureJarResource(inventoryhud)]
[062月2026 20:50:03.309] [main/DEBUG] [mixin/]: Processing inject() for PlatformAgent[MixinPlatformAgentDefault:SecureJarResource(kaleidoscope_end)]
[062月2026 20:50:03.309] [main/DEBUG] [mixin/]: Processing inject() for PlatformAgent[MixinPlatformAgentDefault:SecureJarResource(screenshotclipboard)]
[062月2026 20:50:03.310] [main/DEBUG] [mixin/]: Processing inject() for PlatformAgent[MixinPlatformAgentDefault:SecureJarResource(architectury)]
[062月2026 20:50:03.310] [main/DEBUG] [mixin/]: Processing inject() for PlatformAgent[MixinPlatformAgentDefault:SecureJarResource(kubejs)]
[062月2026 20:50:03.311] [main/DEBUG] [mixin/]: Processing inject() for PlatformAgent[MixinPlatformAgentDefault:SecureJarResource(scannable)]
[062月2026 20:50:03.311] [main/DEBUG] [mixin/]: Processing inject() for PlatformAgent[MixinPlatformAgentDefault:SecureJarResource(jeed)]
[062月2026 20:50:03.311] [main/DEBUG] [mixin/]: Processing inject() for PlatformAgent[MixinPlatformAgentDefault:SecureJarResource(kaleidoscope_doll)]
[062月2026 20:50:03.311] [main/DEBUG] [mixin/]: Processing inject() for PlatformAgent[MixinPlatformAgentDefault:SecureJarResource(kaleidoscope_cookery)]
[062月2026 20:50:03.311] [main/DEBUG] [mixin/]: Processing inject() for PlatformAgent[MixinPlatformAgentDefault:SecureJarResource(forge)]
[062月2026 20:50:03.312] [main/DEBUG] [mixin/]: Processing inject() for PlatformAgent[MixinPlatformAgentDefault:SecureJarResource(appleskin)]
[062月2026 20:50:03.312] [main/DEBUG] [mixin/]: Processing inject() for PlatformAgent[MixinPlatformAgentDefault:SecureJarResource(dummmmmmy)]
[062月2026 20:50:03.313] [main/DEBUG] [mixin/]: Processing inject() for PlatformAgent[MixinPlatformAgentDefault:SecureJarResource(embeddium)]
[062月2026 20:50:03.324] [main/DEBUG] [mixin/]: Processing inject() for PlatformAgent[MixinPlatformAgentDefault:SecureJarResource(MixinSquared)]
[062月2026 20:50:03.329] [main/DEBUG] [mixin/]: Processing inject() for PlatformAgent[MixinPlatformAgentDefault:SecureJarResource(NanoLiveConfig)]
[062月2026 20:50:03.336] [main/DEBUG] [mixin/]: Processing inject() for PlatformAgent[MixinPlatformAgentDefault:SecureJarResource(mixinextras)]
[062月2026 20:50:03.337] [main/DEBUG] [mixin/]: Processing inject() for PlatformAgent[MixinPlatformAgentDefault:SecureJarResource(MixinExtras)]
[062月2026 20:50:03.341] [main/INFO] [cpw.mods.modlauncher.LaunchServiceHandler/MODLAUNCHER]: Launching target 'forgedatauserdev' with arguments [--gameDir, ., --assetsDir, D:\.gradle\caches\forge_gradle\assets, --assetIndex, 5, --mod, kaleidoscope_end, --all, --output, E:\moddig\project\Kaleidoscope-End\1.20.1\src\generated\resources, --existing, E:\moddig\project\Kaleidoscope-End\1.20.1\src\main\resources]
[062月2026 20:50:03.604] [main/DEBUG] [mixin/]: Error cleaning class output directory: .mixin.out
[062月2026 20:50:03.611] [main/DEBUG] [mixin/]: Preparing mixins for MixinEnvironment[DEFAULT]
[062月2026 20:50:03.615] [main/DEBUG] [mixin/]: Selecting config mixins.kaleidoscope_end.json
[062月2026 20:50:03.650] [main/INFO] [com.bmt.kaleidoscope_end.mixins.MainMixinPlugin/]: Initializing Kaleidoscope End Mixins
[062月2026 20:50:03.741] [main/WARN] [mixin/]: Reference map 'kaleidoscope_end.refmap.json' for mixins.kaleidoscope_end.json could not be read. If this is a development environment you can ignore this message
[062月2026 20:50:03.748] [main/DEBUG] [mixin/]: Selecting config farmersdelight.mixins.json
[062月2026 20:50:04.905] [main/INFO] [mixin/]: Remapping refMap farmersdelight.refmap.json using E:\moddig\project\Kaleidoscope-End\1.20.1\build/createSrgToMcp/output.srg
[062月2026 20:50:04.907] [main/DEBUG] [mixin/]: Selecting config lithium.mixins.json
[062月2026 20:50:05.034] [main/INFO] [Radium Config/]: Loaded configuration file for Radium: 125 options available, 0 override(s) found
[062月2026 20:50:05.047] [main/INFO] [mixin/]: Remapping refMap mixins.lithium.refmap.json using E:\moddig\project\Kaleidoscope-End\1.20.1\build/createSrgToMcp/output.srg
[062月2026 20:50:05.048] [main/DEBUG] [mixin/]: Selecting config rhino-common.mixins.json
[062月2026 20:50:05.051] [main/INFO] [mixin/]: Remapping refMap rhino-common-refmap.json using E:\moddig\project\Kaleidoscope-End\1.20.1\build/createSrgToMcp/output.srg
[062月2026 20:50:05.053] [main/DEBUG] [mixin/]: Selecting config damage_number.mixins.json
[062月2026 20:50:05.063] [main/INFO] [mixin/]: Remapping refMap damage_number.refmap.json using E:\moddig\project\Kaleidoscope-End\1.20.1\build/createSrgToMcp/output.srg
[062月2026 20:50:05.063] [main/DEBUG] [mixin/]: Selecting config moonlight-common.mixins.json
[062月2026 20:50:05.072] [main/INFO] [mixin/]: Remapping refMap moonlight-common-refmap.json using E:\moddig\project\Kaleidoscope-End\1.20.1\build/createSrgToMcp/output.srg
[062月2026 20:50:05.073] [main/DEBUG] [mixin/]: Selecting config moonlight.mixins.json
[062月2026 20:50:05.082] [main/INFO] [mixin/]: Remapping refMap moonlight-forge-refmap.json using E:\moddig\project\Kaleidoscope-End\1.20.1\build/createSrgToMcp/output.srg
[062月2026 20:50:05.082] [main/DEBUG] [mixin/]: Selecting config mixins.kaleidoscope_nether.json
[062月2026 20:50:05.084] [main/INFO] [com.bmt.kaleidoscope_nether.mixins.MainMixinPlugin/]: Initializing Kaleidoscope Nether Mixins
[062月2026 20:50:05.084] [main/INFO] [mixin/]: Remapping refMap kaleidoscope_nether.refmap.json using E:\moddig\project\Kaleidoscope-End\1.20.1\build/createSrgToMcp/output.srg
[062月2026 20:50:05.085] [main/DEBUG] [mixin/]: Selecting config mixinsquared.init.mixins.json
[062月2026 20:50:05.128] [main/DEBUG] [mixin/]: Registering new target selector for @mixinsquared:handler with com.bawnorton.mixinsquared.selector.DynamicSelectorHandler
[062月2026 20:50:05.149] [main/DEBUG] [mixin/]: Selecting config jade.mixins.json
[062月2026 20:50:05.152] [main/INFO] [mixin/]: Remapping refMap jade.refmap.json using E:\moddig\project\Kaleidoscope-End\1.20.1\build/createSrgToMcp/output.srg
[062月2026 20:50:05.153] [main/DEBUG] [mixin/]: Selecting config lionfishapi.mixins.json
[062月2026 20:50:05.160] [main/INFO] [mixin/]: Remapping refMap lionfishapi.refmap.json using E:\moddig\project\Kaleidoscope-End\1.20.1\build/createSrgToMcp/output.srg
[062月2026 20:50:05.160] [main/DEBUG] [mixin/]: Selecting config cataclysm.mixins.json
[062月2026 20:50:05.162] [main/INFO] [mixin/]: Remapping refMap cataclysm.refmap.json using E:\moddig\project\Kaleidoscope-End\1.20.1\build/createSrgToMcp/output.srg
[062月2026 20:50:05.162] [main/DEBUG] [mixin/]: Selecting config curios.mixins.json
[062月2026 20:50:05.166] [main/INFO] [mixin/]: Remapping refMap curios.refmap.json using E:\moddig\project\Kaleidoscope-End\1.20.1\build/createSrgToMcp/output.srg
[062月2026 20:50:05.166] [main/DEBUG] [mixin/]: Selecting config placebo.mixins.json
[062月2026 20:50:05.175] [main/INFO] [mixin/]: Remapping refMap placebo.refmap.json using E:\moddig\project\Kaleidoscope-End\1.20.1\build/createSrgToMcp/output.srg
[062月2026 20:50:05.176] [main/DEBUG] [mixin/]: Selecting config citadel.mixins.json
[062月2026 20:50:05.178] [main/INFO] [mixin/]: Remapping refMap citadel.refmap.json using E:\moddig\project\Kaleidoscope-End\1.20.1\build/createSrgToMcp/output.srg
[062月2026 20:50:05.178] [main/DEBUG] [mixin/]: Selecting config attributeslib.mixins.json
[062月2026 20:50:05.182] [main/INFO] [mixin/]: Remapping refMap attributeslib.refmap.json using E:\moddig\project\Kaleidoscope-End\1.20.1\build/createSrgToMcp/output.srg
[062月2026 20:50:05.183] [main/DEBUG] [mixin/]: Selecting config screenshotclipboard-common.mixins.json
[062月2026 20:50:05.191] [main/INFO] [mixin/]: Remapping refMap screenshot-to-clipboard-common-refmap.json using E:\moddig\project\Kaleidoscope-End\1.20.1\build/createSrgToMcp/output.srg
[062月2026 20:50:05.192] [main/DEBUG] [mixin/]: Selecting config screenshotclipboard-forge.mixins.json
[062月2026 20:50:05.194] [main/INFO] [mixin/]: Remapping refMap screenshot-to-clipboard-forge-refmap.json using E:\moddig\project\Kaleidoscope-End\1.20.1\build/createSrgToMcp/output.srg
[062月2026 20:50:05.195] [main/DEBUG] [mixin/]: Selecting config architectury.mixins.json
[062月2026 20:50:05.199] [main/INFO] [mixin/]: Remapping refMap architectury-forge-refmap.json using E:\moddig\project\Kaleidoscope-End\1.20.1\build/createSrgToMcp/output.srg
[062月2026 20:50:05.199] [main/DEBUG] [mixin/]: Selecting config architectury-common.mixins.json
[062月2026 20:50:05.226] [main/INFO] [mixin/]: Remapping refMap architectury-common-refmap.json using E:\moddig\project\Kaleidoscope-End\1.20.1\build/createSrgToMcp/output.srg
[062月2026 20:50:05.227] [main/DEBUG] [mixin/]: Selecting config kubejs-forge.mixins.json
[062月2026 20:50:05.237] [main/INFO] [mixin/]: Remapping refMap kubejs-forge-refmap.json using E:\moddig\project\Kaleidoscope-End\1.20.1\build/createSrgToMcp/output.srg
[062月2026 20:50:05.238] [main/DEBUG] [mixin/]: Selecting config kubejs-common.mixins.json
[062月2026 20:50:05.241] [main/INFO] [mixin/]: Remapping refMap kubejs-common-refmap.json using E:\moddig\project\Kaleidoscope-End\1.20.1\build/createSrgToMcp/output.srg
[062月2026 20:50:05.241] [main/DEBUG] [mixin/]: Selecting config scannable-common.mixins.json
[062月2026 20:50:05.250] [main/INFO] [mixin/]: Remapping refMap scannable-MC1.20.1-common-common-refmap.json using E:\moddig\project\Kaleidoscope-End\1.20.1\build/createSrgToMcp/output.srg
[062月2026 20:50:05.251] [main/DEBUG] [mixin/]: Selecting config scannable.mixins.json
[062月2026 20:50:05.285] [main/INFO] [mixin/]: Remapping refMap scannable-MC1.20.1-forge-forge-refmap.json using E:\moddig\project\Kaleidoscope-End\1.20.1\build/createSrgToMcp/output.srg
[062月2026 20:50:05.287] [main/DEBUG] [mixin/]: Selecting config jeed-common.mixins.json
[062月2026 20:50:05.298] [main/INFO] [mixin/]: Remapping refMap jeed-common-refmap.json using E:\moddig\project\Kaleidoscope-End\1.20.1\build/createSrgToMcp/output.srg
[062月2026 20:50:05.299] [main/DEBUG] [mixin/]: Selecting config jeed.mixins.json
[062月2026 20:50:05.306] [main/DEBUG] [mixin/]: Selecting config kaleidoscope_cookery.mixins.json
[062月2026 20:50:05.310] [main/INFO] [mixin/]: Remapping refMap kaleidoscope_cookery.refmap.json using E:\moddig\project\Kaleidoscope-End\1.20.1\build/createSrgToMcp/output.srg
[062月2026 20:50:05.311] [main/DEBUG] [mixin/]: Selecting config dummmmmmy-common.mixins.json
[062月2026 20:50:05.318] [main/INFO] [mixin/]: Remapping refMap dummmmmmy-common-refmap.json using E:\moddig\project\Kaleidoscope-End\1.20.1\build/createSrgToMcp/output.srg
[062月2026 20:50:05.328] [main/DEBUG] [mixin/]: Selecting config dummmmmmy.mixins.json
[062月2026 20:50:05.332] [main/DEBUG] [mixin/]: Selecting config embeddium.mixins.json
[062月2026 20:50:05.392] [main/INFO] [Embeddium/]: Loaded configuration file for Embeddium: 75 options available, 0 override(s) found
[062月2026 20:50:05.397] [main/INFO] [Embeddium-GraphicsAdapterProbe/]: Searching for graphics cards...
[062月2026 20:50:05.841] [main/DEBUG] [oshi.util.FileUtil/]: No oshi.properties file found from ClassLoader cpw.mods.modlauncher.TransformingClassLoader@336d28a1
[062月2026 20:50:08.272] [main/INFO] [Embeddium-GraphicsAdapterProbe/]: Found graphics card: GraphicsAdapterInfo[vendor=INTEL, name=Intel(R) UHD Graphics 630, version=DriverVersion=26.20.100.7870]
[062月2026 20:50:08.273] [main/INFO] [Embeddium-GraphicsAdapterProbe/]: Found graphics card: GraphicsAdapterInfo[vendor=NVIDIA, name=NVIDIA GeForce GTX 1050, version=DriverVersion=32.0.15.6109]
[062月2026 20:50:08.291] [main/WARN] [Embeddium-Workarounds/]: Embeddium has applied one or more workarounds to prevent crashes or other issues on your system: [NVIDIA_THREADED_OPTIMIZATIONS]
[062月2026 20:50:08.291] [main/WARN] [Embeddium-Workarounds/]: This is not necessarily an issue, but it may result in certain features or optimizations being disabled. You can sometimes fix these issues by upgrading your graphics driver.
[062月2026 20:50:08.339] [main/INFO] [mixin/]: Remapping refMap embeddium-refmap.json using E:\moddig\project\Kaleidoscope-End\1.20.1\build/createSrgToMcp/output.srg
[062月2026 20:50:08.341] [main/DEBUG] [mixin/]: Selecting config mixinextras.init.mixins.json
[062月2026 20:50:08.606] [main/DEBUG] [MixinExtras|Service/]: com.llamalad7.mixinextras.service.MixinExtrasServiceImpl(version=0.5.1) is taking over from null
[062月2026 20:50:08.818] [main/DEBUG] [mixin/]: Registering new injector for @Inject with org.spongepowered.asm.mixin.injection.struct.CallbackInjectionInfo
[062月2026 20:50:08.823] [main/DEBUG] [mixin/]: Registering new injector for @ModifyArg with org.spongepowered.asm.mixin.injection.struct.ModifyArgInjectionInfo
[062月2026 20:50:08.834] [main/DEBUG] [mixin/]: Registering new injector for @ModifyArgs with org.spongepowered.asm.mixin.injection.struct.ModifyArgsInjectionInfo
[062月2026 20:50:08.874] [main/DEBUG] [mixin/]: Registering new injector for @Redirect with org.spongepowered.asm.mixin.injection.struct.RedirectInjectionInfo
[062月2026 20:50:08.883] [main/DEBUG] [mixin/]: Registering new injector for @ModifyVariable with org.spongepowered.asm.mixin.injection.struct.ModifyVariableInjectionInfo
[062月2026 20:50:08.910] [main/DEBUG] [mixin/]: Registering new injector for @ModifyConstant with org.spongepowered.asm.mixin.injection.struct.ModifyConstantInjectionInfo
[062月2026 20:50:09.013] [main/DEBUG] [mixin/]: Preparing mixins.kaleidoscope_end.json (10)
[062月2026 20:50:09.700] [main/DEBUG] [mixin/]: Preparing farmersdelight.mixins.json (10)
[062月2026 20:50:09.799] [main/DEBUG] [mixin/]: Preparing lithium.mixins.json (220)
[062月2026 20:50:11.932] [main/DEBUG] [net.minecraftforge.coremod.transformer.CoreModBaseTransformer/COREMOD]: Transforming net/minecraft/world/entity/raid/Raid
[062月2026 20:50:14.241] [main/DEBUG] [net.minecraftforge.coremod.transformer.CoreModBaseTransformer/COREMOD]: Transforming net/minecraft/world/level/biome/Biome
[062月2026 20:50:14.359] [main/DEBUG] [mixin/]: Preparing rhino-common.mixins.json (8)
[062月2026 20:50:14.406] [main/DEBUG] [mixin/]: Preparing damage_number.mixins.json (2)
[062月2026 20:50:14.410] [main/DEBUG] [mixin/]: Preparing moonlight-common.mixins.json (39)
[062月2026 20:50:14.699] [main/DEBUG] [net.minecraftforge.coremod.transformer.CoreModBaseTransformer/COREMOD]: Transforming net/minecraft/world/entity/npc/Villager
[062月2026 20:50:15.346] [main/DEBUG] [mixin/]: Preparing moonlight.mixins.json (13)
[062月2026 20:50:15.441] [main/DEBUG] [mixin/]: Preparing mixins.kaleidoscope_nether.json (4)
[062月2026 20:50:15.450] [main/DEBUG] [mixin/]: Preparing mixinsquared.init.mixins.json (0)
[062月2026 20:50:15.451] [main/DEBUG] [mixin/]: Preparing jade.mixins.json (2)
[062月2026 20:50:15.477] [main/DEBUG] [mixin/]: Preparing lionfishapi.mixins.json (2)
[062月2026 20:50:15.485] [main/DEBUG] [mixin/]: Preparing cataclysm.mixins.json (23)
[062月2026 20:50:15.573] [main/DEBUG] [net.minecraftforge.coremod.transformer.CoreModBaseTransformer/COREMOD]: Transforming net/minecraft/world/level/levelgen/structure/templatesystem/StructureTemplate
[062月2026 20:50:16.287] [main/DEBUG] [mixin/]: Preparing curios.mixins.json (13)
[062月2026 20:50:16.449] [main/DEBUG] [mixin/]: Preparing placebo.mixins.json (6)
[062月2026 20:50:16.524] [main/DEBUG] [net.minecraftforge.coremod.transformer.CoreModBaseTransformer/COREMOD]: Transforming net/minecraft/world/item/ItemStack
[062月2026 20:50:16.614] [main/DEBUG] [net.minecraftforge.coremod.transformer.CoreModBaseTransformer/COREMOD]: Transforming getEnchantmentLevel with desc (Lnet/minecraft/world/item/enchantment/Enchantment;)I
[062月2026 20:50:16.729] [main/INFO] [net.minecraftforge.coremod.CoreMod.placebo/COREMODLOG]: Patching IForgeItemStack#getEnchantmentLevel
[062月2026 20:50:16.822] [main/DEBUG] [net.minecraftforge.coremod.transformer.CoreModBaseTransformer/COREMOD]: Transforming getAllEnchantments with desc ()Ljava/util/Map;
[062月2026 20:50:16.863] [main/INFO] [net.minecraftforge.coremod.CoreMod.placebo/COREMODLOG]: Patching IForgeItemStack#getEnchantmentLevel
[062月2026 20:50:16.933] [main/DEBUG] [mixin/]: Preparing citadel.mixins.json (16)
[062月2026 20:50:17.031] [main/DEBUG] [mixin/]: Preparing attributeslib.mixins.json (17)
[062月2026 20:50:17.093] [main/DEBUG] [mixin/]: Preparing screenshotclipboard-common.mixins.json (2)
[062月2026 20:50:17.111] [main/DEBUG] [mixin/]: Preparing screenshotclipboard-forge.mixins.json (1)
[062月2026 20:50:17.123] [main/DEBUG] [mixin/]: Preparing architectury.mixins.json (9)
[062月2026 20:50:17.178] [main/DEBUG] [mixin/]: Preparing architectury-common.mixins.json (10)
[062月2026 20:50:17.186] [main/DEBUG] [net.minecraftforge.coremod.transformer.CoreModBaseTransformer/COREMOD]: Transforming net/minecraft/world/item/BucketItem
[062月2026 20:50:17.207] [main/DEBUG] [net.minecraftforge.coremod.transformer.CoreModBaseTransformer/COREMOD]: Transforming net/minecraft/world/entity/EntityType
[062月2026 20:50:17.480] [main/DEBUG] [net.minecraftforge.coremod.transformer.CoreModBaseTransformer/COREMOD]: Transforming net/minecraft/world/level/block/LiquidBlock
[062月2026 20:50:17.498] [main/DEBUG] [mixin/]: Preparing kubejs-forge.mixins.json (7)
[062月2026 20:50:17.544] [main/DEBUG] [mixin/]: Preparing kubejs-common.mixins.json (55)
[062月2026 20:50:17.686] [main/DEBUG] [mixin/]: @Mixin target net/minecraft/world/item/crafting/Ingredient$TagValue is public in kubejs-common.mixins.json:IngredientTagValueMixin and should be specified in value
[062月2026 20:50:17.900] [main/WARN] [mixin/]: Error loading class: mezz/modnametooltip/TooltipEventHandler (java.lang.ClassNotFoundException: mezz.modnametooltip.TooltipEventHandler)
[062月2026 20:50:17.901] [main/DEBUG] [mixin/]: Skipping virtual target mezz/modnametooltip/TooltipEventHandler for kubejs-common.mixins.json:mod.ModNameTooltipMixin
[062月2026 20:50:17.914] [main/WARN] [mixin/]: Error loading class: me/shedaniel/rei/impl/client/ClientHelperImpl (java.lang.ClassNotFoundException: me.shedaniel.rei.impl.client.ClientHelperImpl)
[062月2026 20:50:17.915] [main/DEBUG] [mixin/]: Skipping virtual target me/shedaniel/rei/impl/client/ClientHelperImpl for kubejs-common.mixins.json:mod.REITooltipMixin
[062月2026 20:50:17.916] [main/DEBUG] [mixin/]: Preparing scannable-common.mixins.json (1)
[062月2026 20:50:17.917] [main/DEBUG] [mixin/]: Preparing scannable.mixins.json (1)
[062月2026 20:50:17.921] [main/DEBUG] [mixin/]: Preparing jeed-common.mixins.json (2)
[062月2026 20:50:17.927] [main/DEBUG] [net.minecraftforge.coremod.transformer.CoreModBaseTransformer/COREMOD]: Transforming renderEffects with desc (Lnet/minecraft/client/gui/GuiGraphics;II)V
[062月2026 20:50:17.967] [main/INFO] [net.minecraftforge.coremod.CoreMod.attributeslib/COREMODLOG]: Patching EffectRenderingInventoryScreen#renderEffects
[062月2026 20:50:17.984] [main/DEBUG] [mixin/]: Preparing jeed.mixins.json (0)
[062月2026 20:50:17.984] [main/DEBUG] [mixin/]: Preparing kaleidoscope_cookery.mixins.json (6)
[062月2026 20:50:17.993] [main/DEBUG] [mixin/]: Preparing dummmmmmy-common.mixins.json (5)
[062月2026 20:50:18.000] [main/DEBUG] [mixin/]: Preparing dummmmmmy.mixins.json (0)
[062月2026 20:50:18.001] [main/DEBUG] [mixin/]: Preparing embeddium.mixins.json (0)
[062月2026 20:50:18.001] [main/DEBUG] [mixin/]: Preparing mixinextras.init.mixins.json (0)
[062月2026 20:50:18.097] [main/DEBUG] [mixin/]: Inner class me/jellysquid/mods/lithium/mixin/ai/poi/SerializingRegionBasedStorageMixin$1 in me/jellysquid/mods/lithium/mixin/ai/poi/SerializingRegionBasedStorageMixin on net/minecraft/world/level/chunk/storage/SectionStorage gets unique name net/minecraft/world/level/chunk/storage/SectionStorage$Anonymous$02a3b9756c0e48149266bf87db51a227
[062月2026 20:50:18.149] [main/DEBUG] [mixin/]: Inner class me/jellysquid/mods/lithium/mixin/chunk/palette/PalettedContainerMixin$2 in me/jellysquid/mods/lithium/mixin/chunk/palette/PalettedContainerMixin on net/minecraft/world/level/chunk/PalettedContainer$Strategy gets unique name net/minecraft/world/level/chunk/PalettedContainer$Strategy$Anonymous$9eb07d7fbc5144f4996cbec938211c57
[062月2026 20:50:18.150] [main/DEBUG] [mixin/]: Inner class me/jellysquid/mods/lithium/mixin/chunk/palette/PalettedContainerMixin$1 in me/jellysquid/mods/lithium/mixin/chunk/palette/PalettedContainerMixin on net/minecraft/world/level/chunk/PalettedContainer$Strategy gets unique name net/minecraft/world/level/chunk/PalettedContainer$Strategy$Anonymous$42473e9d6eb649598805ecccab786fc4
[062月2026 20:50:18.387] [main/DEBUG] [mixin/]: Inner class net/mehvahdjukaar/moonlight/core/mixins/forge/ItemMixin$1 in net/mehvahdjukaar/moonlight/core/mixins/forge/ItemMixin on net/minecraft/world/item/Item gets unique name net/minecraft/world/item/Item$Anonymous$3d0910fd12374c0d828b779e30a7d5c6
[062月2026 20:50:18.558] [main/DEBUG] [mixin/]: Inner class dev/latvian/mods/kubejs/core/mixin/common/GameRulesMixin$1 in dev/latvian/mods/kubejs/core/mixin/common/GameRulesMixin on net/minecraft/world/level/GameRules gets unique name net/minecraft/world/level/GameRules$Anonymous$378ad7a854f144eeb16b9c31da4d6b7a
[062月2026 20:50:19.295] [main/DEBUG] [mixin/]: Prepared 420 mixins in 15.681 sec (37.3ms avg) (0ms load, 0ms transform, 0ms plugin)
[062月2026 20:50:20.015] [main/DEBUG] [io.netty.util.internal.logging.InternalLoggerFactory/]: Using SLF4J as the default logging framework
[062月2026 20:50:20.023] [main/DEBUG] [io.netty.util.ResourceLeakDetector/]: -Dio.netty.leakDetection.level: simple
[062月2026 20:50:20.023] [main/DEBUG] [io.netty.util.ResourceLeakDetector/]: -Dio.netty.leakDetection.targetRecords: 4
[062月2026 20:50:20.076] [main/INFO] [MixinExtras|Service/]: Initializing MixinExtras via com.llamalad7.mixinextras.service.MixinExtrasServiceImpl(version=0.5.1).
[062月2026 20:50:20.081] [main/DEBUG] [mixin/]: Registering new injector for @SugarWrapper with com.llamalad7.mixinextras.sugar.impl.SugarWrapperInjectionInfo
[062月2026 20:50:20.082] [main/DEBUG] [mixin/]: Registering new injector for @FactoryRedirectWrapper with com.llamalad7.mixinextras.wrapper.factory.FactoryRedirectWrapperInjectionInfo
[062月2026 20:50:20.083] [main/DEBUG] [mixin/]: Registering new injector for @ExpressionInjectorWrapper with com.llamalad7.mixinextras.expression.impl.wrapper.ExpressionInjectorWrapperInjectionInfo
[062月2026 20:50:20.139] [main/DEBUG] [mixin/]: Mixing components.MutableComponentMixin from kubejs-common.mixins.json into net.minecraft.network.chat.MutableComponent
[062月2026 20:50:20.239] [main/DEBUG] [mixin/]: Mixing TextColorMixin from rhino-common.mixins.json into net.minecraft.network.chat.TextColor
[062月2026 20:50:20.434] [main/DEBUG] [mixin/]: Mixing ChatFormattingMixin from rhino-common.mixins.json into net.minecraft.ChatFormatting
[062月2026 20:50:20.720] [main/DEBUG] [mixin/]: Mixing ResourceLocationMixin from rhino-common.mixins.json into net.minecraft.resources.ResourceLocation
[062月2026 20:50:20.839] [main/INFO] [net.minecraftforge.data.loading.DatagenModLoader/]: Initializing Data Gatherer for mods [kaleidoscope_end]
[062月2026 20:50:20.913] [main/DEBUG] [mixin/]: Mixing ResourceKeyMixin from rhino-common.mixins.json into net.minecraft.resources.ResourceKey
[062月2026 20:50:21.032] [main/DEBUG] [mixin/]: Mixing UtilMixin from kubejs-common.mixins.json into net.minecraft.Util
[062月2026 20:50:21.299] [main/DEBUG] [mixin/]: Mixing math.sine_lut.MixinMathHelper from lithium.mixins.json into net.minecraft.util.Mth
[062月2026 20:50:21.406] [main/DEBUG] [mixin/]: lithium.mixins.json:math.sine_lut.MixinMathHelper: Class version 61 required is higher than the class version supported by the current version of Mixin (JAVA_16 supports class version 60)
[062月2026 20:50:21.733] [main/DEBUG] [mixin/]: Mixing inject.MixinGameEvent from architectury-common.mixins.json into net.minecraft.world.level.gameevent.GameEvent
[062月2026 20:50:21.875] [main/DEBUG] [mixin/]: Mixing ai.pathing.MixinBlock from lithium.mixins.json into net.minecraft.world.level.block.Block
[062月2026 20:50:21.876] [main/DEBUG] [mixin/]: lithium.mixins.json:ai.pathing.MixinBlock: Class version 61 required is higher than the class version supported by the current version of Mixin (JAVA_16 supports class version 60)
[062月2026 20:50:21.882] [main/DEBUG] [mixin/]: Mixing shapes.blockstate_cache.BlockMixin from lithium.mixins.json into net.minecraft.world.level.block.Block
[062月2026 20:50:21.883] [main/DEBUG] [mixin/]: lithium.mixins.json:shapes.blockstate_cache.BlockMixin: Class version 61 required is higher than the class version supported by the current version of Mixin (JAVA_16 supports class version 60)
[062月2026 20:50:21.885] [main/DEBUG] [mixin/]: Renaming synthetic method lambda$static$0(Lnet/minecraft/world/phys/shapes/VoxelShape;)Z to md9cde08$lambda$static$0$0 in lithium.mixins.json:shapes.blockstate_cache.BlockMixin
[062月2026 20:50:21.902] [main/DEBUG] [mixin/]: Mixing inject.MixinBlock from architectury-common.mixins.json into net.minecraft.world.level.block.Block
[062月2026 20:50:21.902] [main/DEBUG] [mixin/]: Mixing BlockMixin from kubejs-common.mixins.json into net.minecraft.world.level.block.Block
[062月2026 20:50:22.035] [main/DEBUG] [mixin/]: Mixing BlockBehaviourMixin from kubejs-common.mixins.json into net.minecraft.world.level.block.state.BlockBehaviour
[062月2026 20:50:22.245] [main/DEBUG] [mixin/]: Mixing math.fast_blockpos.BlockPosMixin from lithium.mixins.json into net.minecraft.core.BlockPos
[062月2026 20:50:22.254] [main/DEBUG] [mixin/]: lithium.mixins.json:math.fast_blockpos.BlockPosMixin: Class version 61 required is higher than the class version supported by the current version of Mixin (JAVA_16 supports class version 60)
[062月2026 20:50:22.435] [main/DEBUG] [mixin/]: Mixing alloc.chunk_random.WorldMixin from lithium.mixins.json into net.minecraft.world.level.Level
[062月2026 20:50:22.436] [main/DEBUG] [mixin/]: lithium.mixins.json:alloc.chunk_random.WorldMixin: Class version 61 required is higher than the class version supported by the current version of Mixin (JAVA_16 supports class version 60)
[062月2026 20:50:22.447] [main/DEBUG] [mixin/]: Mixing entity.collisions.intersection.WorldMixin from lithium.mixins.json into net.minecraft.world.level.Level
[062月2026 20:50:22.450] [main/DEBUG] [mixin/]: lithium.mixins.json:entity.collisions.intersection.WorldMixin: Class version 61 required is higher than the class version supported by the current version of Mixin (JAVA_16 supports class version 60)
[062月2026 20:50:22.512] [main/DEBUG] [mixin/]: Mixing util.block_entity_retrieval.WorldMixin from lithium.mixins.json into net.minecraft.world.level.Level
[062月2026 20:50:22.514] [main/DEBUG] [mixin/]: lithium.mixins.json:util.block_entity_retrieval.WorldMixin: Class version 61 required is higher than the class version supported by the current version of Mixin (JAVA_16 supports class version 60)
[062月2026 20:50:22.546] [main/DEBUG] [mixin/]: Mixing util.block_tracking.block_listening.WorldMixin from lithium.mixins.json into net.minecraft.world.level.Level
[062月2026 20:50:22.547] [main/DEBUG] [mixin/]: lithium.mixins.json:util.block_tracking.block_listening.WorldMixin: Class version 61 required is higher than the class version supported by the current version of Mixin (JAVA_16 supports class version 60)
[062月2026 20:50:22.558] [main/DEBUG] [mixin/]: Mixing world.chunk_access.WorldMixin from lithium.mixins.json into net.minecraft.world.level.Level
[062月2026 20:50:22.558] [main/DEBUG] [mixin/]: lithium.mixins.json:world.chunk_access.WorldMixin: Class version 61 required is higher than the class version supported by the current version of Mixin (JAVA_16 supports class version 60)
[062月2026 20:50:22.566] [main/DEBUG] [mixin/]: Mixing world.inline_block_access.WorldMixin from lithium.mixins.json into net.minecraft.world.level.Level
[062月2026 20:50:22.567] [main/DEBUG] [mixin/]: lithium.mixins.json:world.inline_block_access.WorldMixin: Class version 61 required is higher than the class version supported by the current version of Mixin (JAVA_16 supports class version 60)
[062月2026 20:50:22.588] [main/DEBUG] [mixin/]: Mixing world.inline_height.WorldMixin from lithium.mixins.json into net.minecraft.world.level.Level
[062月2026 20:50:22.589] [main/DEBUG] [mixin/]: lithium.mixins.json:world.inline_height.WorldMixin: Class version 61 required is higher than the class version supported by the current version of Mixin (JAVA_16 supports class version 60)
[062月2026 20:50:22.601] [main/DEBUG] [mixin/]: Mixing LevelMixin from citadel.mixins.json into net.minecraft.world.level.Level
[062月2026 20:50:22.607] [main/DEBUG] [mixin/]: Mixing LevelMixin from kubejs-common.mixins.json into net.minecraft.world.level.Level
[062月2026 20:50:22.851] [main/DEBUG] [mixin/]: Mixing util.chunk_access.WorldViewMixin from lithium.mixins.json into net.minecraft.world.level.LevelReader
[062月2026 20:50:22.852] [main/DEBUG] [mixin/]: lithium.mixins.json:util.chunk_access.WorldViewMixin: Class version 61 required is higher than the class version supported by the current version of Mixin (JAVA_16 supports class version 60)
[062月2026 20:50:22.969] [main/DEBUG] [mixin/]: Mixing alloc.chunk_random.ServerWorldMixin from lithium.mixins.json into net.minecraft.server.level.ServerLevel
[062月2026 20:50:22.971] [main/DEBUG] [mixin/]: lithium.mixins.json:alloc.chunk_random.ServerWorldMixin: Class version 61 required is higher than the class version supported by the current version of Mixin (JAVA_16 supports class version 60)
[062月2026 20:50:22.976] [main/DEBUG] [mixin/]: Mixing chunk.entity_class_groups.ServerWorldAccessor from lithium.mixins.json into net.minecraft.server.level.ServerLevel
[062月2026 20:50:22.977] [main/DEBUG] [mixin/]: lithium.mixins.json:chunk.entity_class_groups.ServerWorldAccessor: Class version 61 required is higher than the class version supported by the current version of Mixin (JAVA_16 supports class version 60)
[062月2026 20:50:22.985] [main/DEBUG] [mixin/]: Mixing entity.inactive_navigations.ServerWorldMixin from lithium.mixins.json into net.minecraft.server.level.ServerLevel
[062月2026 20:50:22.987] [main/DEBUG] [mixin/]: lithium.mixins.json:entity.inactive_navigations.ServerWorldMixin: Class version 61 required is higher than the class version supported by the current version of Mixin (JAVA_16 supports class version 60)
[062月2026 20:50:23.049] [main/DEBUG] [mixin/]: Mixing profiler.ServerWorldMixin from lithium.mixins.json into net.minecraft.server.level.ServerLevel
[062月2026 20:50:23.050] [main/DEBUG] [mixin/]: lithium.mixins.json:profiler.ServerWorldMixin: Class version 61 required is higher than the class version supported by the current version of Mixin (JAVA_16 supports class version 60)
[062月2026 20:50:23.051] [main/DEBUG] [mixin/]: Mixing util.entity_movement_tracking.ServerWorldAccessor from lithium.mixins.json into net.minecraft.server.level.ServerLevel
[062月2026 20:50:23.052] [main/DEBUG] [mixin/]: lithium.mixins.json:util.entity_movement_tracking.ServerWorldAccessor: Class version 61 required is higher than the class version supported by the current version of Mixin (JAVA_16 supports class version 60)
[062月2026 20:50:23.070] [main/DEBUG] [mixin/]: Mixing ServerLevelMixin from moonlight-common.mixins.json into net.minecraft.server.level.ServerLevel
[062月2026 20:50:23.084] [main/DEBUG] [mixin/]: Mixing ServerLevelMixin from citadel.mixins.json into net.minecraft.server.level.ServerLevel
[062月2026 20:50:23.094] [main/DEBUG] [mixin/]: Mixing ServerLevelMixin from kubejs-common.mixins.json into net.minecraft.server.level.ServerLevel
[062月2026 20:50:23.441] [main/DEBUG] [mixin/]: Unexpected: Registered method getEntityManager()Lnet/minecraft/world/level/entity/PersistentEntitySectionManager; in net.minecraft.server.level.ServerLevel was not merged
[062月2026 20:50:23.632] [main/DEBUG] [mixin/]: Mixing ai.pathing.AbstractBlockStateMixin from lithium.mixins.json into net.minecraft.world.level.block.state.BlockBehaviour$BlockStateBase
[062月2026 20:50:23.632] [main/DEBUG] [mixin/]: lithium.mixins.json:ai.pathing.AbstractBlockStateMixin: Class version 61 required is higher than the class version supported by the current version of Mixin (JAVA_16 supports class version 60)
[062月2026 20:50:23.647] [main/DEBUG] [mixin/]: Mixing util.block_tracking.AbstractBlockStateMixin from lithium.mixins.json into net.minecraft.world.level.block.state.BlockBehaviour$BlockStateBase
[062月2026 20:50:23.648] [main/DEBUG] [mixin/]: lithium.mixins.json:util.block_tracking.AbstractBlockStateMixin: Class version 61 required is higher than the class version supported by the current version of Mixin (JAVA_16 supports class version 60)
[062月2026 20:50:23.659] [main/DEBUG] [mixin/]: Mixing BlockStateBaseMixin from kubejs-common.mixins.json into net.minecraft.world.level.block.state.BlockBehaviour$BlockStateBase
[062月2026 20:50:23.780] [main/DEBUG] [mixin/]: Mixing alloc.blockstate.StateMixin from lithium.mixins.json into net.minecraft.world.level.block.state.StateHolder
[062月2026 20:50:23.781] [main/DEBUG] [mixin/]: lithium.mixins.json:alloc.blockstate.StateMixin: Class version 61 required is higher than the class version supported by the current version of Mixin (JAVA_16 supports class version 60)
[062月2026 20:50:23.890] [main/DEBUG] [mixin/]: Mixing entity.collisions.fluid.EntityMixin from lithium.mixins.json into net.minecraft.world.entity.Entity
[062月2026 20:50:23.890] [main/DEBUG] [mixin/]: lithium.mixins.json:entity.collisions.fluid.EntityMixin: Class version 61 required is higher than the class version supported by the current version of Mixin (JAVA_16 supports class version 60)
[062月2026 20:50:23.923] [main/DEBUG] [mixin/]: Mixing kaleidoscope_end.EntityMixin from mixins.kaleidoscope_end.json into net.minecraft.world.entity.Entity
[062月2026 20:50:23.932] [main/DEBUG] [mixin/]: Mixing alloc.deep_passengers.EntityMixin from lithium.mixins.json into net.minecraft.world.entity.Entity
[062月2026 20:50:23.933] [main/DEBUG] [mixin/]: lithium.mixins.json:alloc.deep_passengers.EntityMixin: Class version 61 required is higher than the class version supported by the current version of Mixin (JAVA_16 supports class version 60)
[062月2026 20:50:23.942] [main/DEBUG] [mixin/]: Mixing collections.fluid_submersion.EntityMixin from lithium.mixins.json into net.minecraft.world.entity.Entity
[062月2026 20:50:23.942] [main/DEBUG] [mixin/]: lithium.mixins.json:collections.fluid_submersion.EntityMixin: Class version 61 required is higher than the class version supported by the current version of Mixin (JAVA_16 supports class version 60)
[062月2026 20:50:23.944] [main/DEBUG] [mixin/]: Mixing entity.collisions.movement.EntityMixin from lithium.mixins.json into net.minecraft.world.entity.Entity
[062月2026 20:50:23.944] [main/DEBUG] [mixin/]: lithium.mixins.json:entity.collisions.movement.EntityMixin: Class version 61 required is higher than the class version supported by the current version of Mixin (JAVA_16 supports class version 60)
[062月2026 20:50:23.967] [main/DEBUG] [mixin/]: Mixing entity.collisions.unpushable_cramming.EntityMixin from lithium.mixins.json into net.minecraft.world.entity.Entity
[062月2026 20:50:23.968] [main/DEBUG] [mixin/]: lithium.mixins.json:entity.collisions.unpushable_cramming.EntityMixin: Class version 61 required is higher than the class version supported by the current version of Mixin (JAVA_16 supports class version 60)
[062月2026 20:50:23.970] [main/DEBUG] [mixin/]: Mixing EntityMixin from lionfishapi.mixins.json into net.minecraft.world.entity.Entity
[062月2026 20:50:23.988] [main/DEBUG] [mixin/]: Mixing AccessorEntity from curios.mixins.json into net.minecraft.world.entity.Entity
[062月2026 20:50:23.999] [main/DEBUG] [mixin/]: Mixing EntityMixin from attributeslib.mixins.json into net.minecraft.world.entity.Entity
[062月2026 20:50:24.001] [main/DEBUG] [mixin/]: Mixing EntityMixin from kubejs-forge.mixins.json into net.minecraft.world.entity.Entity
[062月2026 20:50:24.010] [main/DEBUG] [mixin/]: Mixing EntityMixin from kubejs-common.mixins.json into net.minecraft.world.entity.Entity
[062月2026 20:50:24.569] [main/DEBUG] [mixin/]: Mixing IForgeEntityMixin from attributeslib.mixins.json into net.minecraftforge.common.extensions.IForgeEntity
[062月2026 20:50:24.598] [main/DEBUG] [mixin/]: Mixing kaleidoscope_end.LivingEntityMixin from mixins.kaleidoscope_end.json into net.minecraft.world.entity.LivingEntity
[062月2026 20:50:24.607] [main/DEBUG] [mixin/]: Mixing alloc.enum_values.living_entity.LivingEntityMixin from lithium.mixins.json into net.minecraft.world.entity.LivingEntity
[062月2026 20:50:24.609] [main/DEBUG] [mixin/]: lithium.mixins.json:alloc.enum_values.living_entity.LivingEntityMixin: Class version 61 required is higher than the class version supported by the current version of Mixin (JAVA_16 supports class version 60)
[062月2026 20:50:24.620] [main/DEBUG] [mixin/]: Mixing entity.collisions.unpushable_cramming.LivingEntityMixin from lithium.mixins.json into net.minecraft.world.entity.LivingEntity
[062月2026 20:50:24.621] [main/DEBUG] [mixin/]: lithium.mixins.json:entity.collisions.unpushable_cramming.LivingEntityMixin: Class version 61 required is higher than the class version supported by the current version of Mixin (JAVA_16 supports class version 60)
[062月2026 20:50:24.629] [main/DEBUG] [mixin/]: Mixing entity.fast_elytra_check.LivingEntityMixin from lithium.mixins.json into net.minecraft.world.entity.LivingEntity
[062月2026 20:50:24.630] [main/DEBUG] [mixin/]: lithium.mixins.json:entity.fast_elytra_check.LivingEntityMixin: Class version 61 required is higher than the class version supported by the current version of Mixin (JAVA_16 supports class version 60)
[062月2026 20:50:24.630] [main/DEBUG] [mixin/]: Mixing entity.fast_hand_swing.LivingEntityMixin from lithium.mixins.json into net.minecraft.world.entity.LivingEntity
[062月2026 20:50:24.630] [main/DEBUG] [mixin/]: lithium.mixins.json:entity.fast_hand_swing.LivingEntityMixin: Class version 61 required is higher than the class version supported by the current version of Mixin (JAVA_16 supports class version 60)
[062月2026 20:50:24.632] [main/DEBUG] [mixin/]: Mixing entity.fast_powder_snow_check.LivingEntityMixin from lithium.mixins.json into net.minecraft.world.entity.LivingEntity
[062月2026 20:50:24.633] [main/DEBUG] [mixin/]: lithium.mixins.json:entity.fast_powder_snow_check.LivingEntityMixin: Class version 61 required is higher than the class version supported by the current version of Mixin (JAVA_16 supports class version 60)
[062月2026 20:50:24.636] [main/DEBUG] [mixin/]: Mixing entity.skip_equipment_change_check.LivingEntityMixin from lithium.mixins.json into net.minecraft.world.entity.LivingEntity
[062月2026 20:50:24.639] [main/DEBUG] [mixin/]: lithium.mixins.json:entity.skip_equipment_change_check.LivingEntityMixin: Class version 61 required is higher than the class version supported by the current version of Mixin (JAVA_16 supports class version 60)
[062月2026 20:50:24.645] [main/DEBUG] [mixin/]: Renaming synthetic method lambda$static$0(Lnet/minecraft/world/item/ItemStack;)Z to md9cde08$lambda$static$0$0 in lithium.mixins.json:entity.skip_equipment_change_check.LivingEntityMixin
[062月2026 20:50:24.663] [main/DEBUG] [mixin/]: Mixing EntityDamageMixin from damage_number.mixins.json into net.minecraft.world.entity.LivingEntity
[062月2026 20:50:24.684] [main/DEBUG] [mixin/]: Mixing LivingEntityMixin from cataclysm.mixins.json into net.minecraft.world.entity.LivingEntity
[062月2026 20:50:24.685] [main/DEBUG] [mixin/]: Mixing MixinLivingEntity from curios.mixins.json into net.minecraft.world.entity.LivingEntity
[062月2026 20:50:24.687] [main/DEBUG] [mixin/]: Mixing LivingEntityMixin from citadel.mixins.json into net.minecraft.world.entity.LivingEntity
[062月2026 20:50:24.697] [main/DEBUG] [mixin/]: Mixing LivingEntityMixin from attributeslib.mixins.json into net.minecraft.world.entity.LivingEntity
[062月2026 20:50:24.713] [main/DEBUG] [net.minecraftforge.coremod.transformer.CoreModBaseTransformer/COREMOD]: Transforming net/minecraft/world/effect/MobEffectInstance
[062月2026 20:50:24.732] [main/DEBUG] [mixin/]: Mixing LivingEntityMixin from kubejs-common.mixins.json into net.minecraft.world.entity.LivingEntity
[062月2026 20:50:24.736] [main/DEBUG] [mixin/]: Mixing LivingEntityMixin from kaleidoscope_cookery.mixins.json into net.minecraft.world.entity.LivingEntity
[062月2026 20:50:24.744] [main/DEBUG] [mixin/]: Mixing LivingEntityMixin from dummmmmmy-common.mixins.json into net.minecraft.world.entity.LivingEntity
[062月2026 20:50:25.689] [main/DEBUG] [mixin/]: Mixing ItemMixin from cataclysm.mixins.json into net.minecraft.world.entity.item.ItemEntity
[062月2026 20:50:25.691] [main/DEBUG] [mixin/]: Mixing ItemEntityMixin from kubejs-common.mixins.json into net.minecraft.world.entity.item.ItemEntity
[062月2026 20:50:25.744] [main/DEBUG] [mixin/]: Mixing kaleidoscope_end.PlayerMixin from mixins.kaleidoscope_end.json into net.minecraft.world.entity.player.Player
[062月2026 20:50:25.747] [main/DEBUG] [mixin/]: Mixing PlayerDamageMixin from damage_number.mixins.json into net.minecraft.world.entity.player.Player
[062月2026 20:50:25.749] [main/DEBUG] [mixin/]: Mixing PlayerMixin from attributeslib.mixins.json into net.minecraft.world.entity.player.Player
[062月2026 20:50:25.755] [main/DEBUG] [mixin/]: Mixing PlayerMixin from dummmmmmy-common.mixins.json into net.minecraft.world.entity.player.Player
[062月2026 20:50:25.757] [main/DEBUG] [mixin/]: Mixing PlayerMixin from kubejs-common.mixins.json into net.minecraft.world.entity.player.Player
[062月2026 20:50:26.112] [main/DEBUG] [mixin/]: Mixing inject.MixinFluid from architectury-common.mixins.json into net.minecraft.world.level.material.Fluid
[062月2026 20:50:26.160] [main/DEBUG] [mixin/]: Mixing ItemMixin from moonlight-common.mixins.json into net.minecraft.world.item.Item
[062月2026 20:50:26.177] [main/DEBUG] [mixin/]: Mixing ItemMixin from moonlight.mixins.json into net.minecraft.world.item.Item
[062月2026 20:50:26.185] [main/DEBUG] [mixin/]: Mixing inject.MixinItem from architectury-common.mixins.json into net.minecraft.world.item.Item
[062月2026 20:50:26.202] [main/DEBUG] [mixin/]: Mixing ItemMixin from kubejs-common.mixins.json into net.minecraft.world.item.Item
[062月2026 20:50:26.506] [main/DEBUG] [net.minecraftforge.coremod.transformer.CoreModBaseTransformer/COREMOD]: Transforming getEnchantmentLevel with desc (Lnet/minecraft/world/item/enchantment/Enchantment;)I
[062月2026 20:50:26.519] [main/INFO] [net.minecraftforge.coremod.CoreMod.placebo/COREMODLOG]: Patching IForgeItemStack#getEnchantmentLevel
[062月2026 20:50:26.525] [main/DEBUG] [net.minecraftforge.coremod.transformer.CoreModBaseTransformer/COREMOD]: Transforming getAllEnchantments with desc ()Ljava/util/Map;
[062月2026 20:50:26.527] [main/INFO] [net.minecraftforge.coremod.CoreMod.placebo/COREMODLOG]: Patching IForgeItemStack#getEnchantmentLevel
[062月2026 20:50:26.769] [main/DEBUG] [mixin/]: Mixing IForgeItemMixin from attributeslib.mixins.json into net.minecraftforge.common.extensions.IForgeItem
[062月2026 20:50:26.793] [main/DEBUG] [net.minecraftforge.coremod.transformer.CoreModBaseTransformer/COREMOD]: Transforming net/minecraft/world/entity/EntityType
[062月2026 20:50:27.102] [main/DEBUG] [mixin/]: Mixing inject.MixinEntityType from architectury-common.mixins.json into net.minecraft.world.entity.EntityType
[062月2026 20:50:27.137] [main/DEBUG] [mixin/]: Mixing ai.poi.PointOfInterestTypesMixin from lithium.mixins.json into net.minecraftforge.registries.GameData$PointOfInterestTypeCallbacks
[062月2026 20:50:27.138] [main/DEBUG] [mixin/]: lithium.mixins.json:ai.poi.PointOfInterestTypesMixin: Class version 61 required is higher than the class version supported by the current version of Mixin (JAVA_16 supports class version 60)
[062月2026 20:50:27.204] [main/DEBUG] [mixin/]: Mixing kaleidoscope_end.BlockEntityTypeMixin from mixins.kaleidoscope_end.json into net.minecraft.world.level.block.entity.BlockEntityType
[062月2026 20:50:27.254] [main/DEBUG] [mixin/]: Mixing AttributeMixin from attributeslib.mixins.json into net.minecraft.world.entity.ai.attributes.Attribute
[062月2026 20:50:27.292] [main/DEBUG] [mixin/]: Mixing PoiMixin from moonlight-common.mixins.json into net.minecraft.world.entity.ai.village.poi.PoiType
[062月2026 20:50:27.445] [main/DEBUG] [mixin/]: Mixing KeepRichSoilGiantTreeMixin from farmersdelight.mixins.json into net.minecraft.world.level.levelgen.feature.Feature
[062月2026 20:50:27.448] [main/DEBUG] [mixin/]: Renaming synthetic method lambda$keepRichSoil$0(Lnet/minecraft/world/level/block/state/BlockState;)Z to md9cde08$lambda$keepRichSoil$0$0 in farmersdelight.mixins.json:KeepRichSoilGiantTreeMixin
[062月2026 20:50:27.786] [main/DEBUG] [mixin/]: Mixing CreativeModeTabMixin from kubejs-common.mixins.json into net.minecraft.world.item.CreativeModeTab
[062月2026 20:50:27.803] [main/DEBUG] [mixin/]: Mixing FireBlockMixin from moonlight.mixins.json into net.minecraft.world.level.block.FireBlock
[062月2026 20:50:28.318] [main/DEBUG] [mixin/]: Mixing math.fast_blockpos.DirectionMixin from lithium.mixins.json into net.minecraft.core.Direction
[062月2026 20:50:28.325] [main/DEBUG] [mixin/]: lithium.mixins.json:math.fast_blockpos.DirectionMixin: Class version 61 required is higher than the class version supported by the current version of Mixin (JAVA_16 supports class version 60)
[062月2026 20:50:28.332] [main/DEBUG] [mixin/]: Mixing math.fast_util.DirectionMixin from lithium.mixins.json into net.minecraft.core.Direction
[062月2026 20:50:28.334] [main/DEBUG] [mixin/]: lithium.mixins.json:math.fast_util.DirectionMixin: Class version 61 required is higher than the class version supported by the current version of Mixin (JAVA_16 supports class version 60)
[062月2026 20:50:28.336] [main/DEBUG] [mixin/]: Mixing features.render.immediate.DirectionMixin from embeddium.mixins.json into net.minecraft.core.Direction
[062月2026 20:50:28.338] [main/DEBUG] [mixin/]: Mixing DirectionMixin from rhino-common.mixins.json into net.minecraft.core.Direction
[062月2026 20:50:28.749] [main/DEBUG] [mixin/]: Mixing block.moving_block_shapes.VoxelShapeMixin from lithium.mixins.json into net.minecraft.world.phys.shapes.VoxelShape
[062月2026 20:50:28.750] [main/DEBUG] [mixin/]: lithium.mixins.json:block.moving_block_shapes.VoxelShapeMixin: Class version 61 required is higher than the class version supported by the current version of Mixin (JAVA_16 supports class version 60)
[062月2026 20:50:28.778] [main/DEBUG] [mixin/]: Mixing shapes.specialized_shapes.VoxelShapeMixin from lithium.mixins.json into net.minecraft.world.phys.shapes.VoxelShape
[062月2026 20:50:28.780] [main/DEBUG] [mixin/]: lithium.mixins.json:shapes.specialized_shapes.VoxelShapeMixin: Class version 61 required is higher than the class version supported by the current version of Mixin (JAVA_16 supports class version 60)
[062月2026 20:50:28.914] [main/DEBUG] [mixin/]: Mixing shapes.optimized_matching.VoxelShapesMixin from lithium.mixins.json into net.minecraft.world.phys.shapes.Shapes
[062月2026 20:50:28.915] [main/DEBUG] [mixin/]: lithium.mixins.json:shapes.optimized_matching.VoxelShapesMixin: Class version 61 required is higher than the class version supported by the current version of Mixin (JAVA_16 supports class version 60)
[062月2026 20:50:28.917] [main/DEBUG] [mixin/]: Mixing shapes.shape_merging.VoxelShapesMixin from lithium.mixins.json into net.minecraft.world.phys.shapes.Shapes
[062月2026 20:50:28.918] [main/DEBUG] [mixin/]: lithium.mixins.json:shapes.shape_merging.VoxelShapesMixin: Class version 61 required is higher than the class version supported by the current version of Mixin (JAVA_16 supports class version 60)
[062月2026 20:50:28.921] [main/DEBUG] [mixin/]: Mixing shapes.specialized_shapes.VoxelShapesMixin from lithium.mixins.json into net.minecraft.world.phys.shapes.Shapes
[062月2026 20:50:28.932] [main/DEBUG] [mixin/]: lithium.mixins.json:shapes.specialized_shapes.VoxelShapesMixin: Class version 61 required is higher than the class version supported by the current version of Mixin (JAVA_16 supports class version 60)
[062月2026 20:50:29.436] [main/DEBUG] [mixin/]: Mixing shapes.precompute_shape_arrays.SimpleVoxelShapeMixin from lithium.mixins.json into net.minecraft.world.phys.shapes.CubeVoxelShape
[062月2026 20:50:29.438] [main/DEBUG] [mixin/]: lithium.mixins.json:shapes.precompute_shape_arrays.SimpleVoxelShapeMixin: Class version 61 required is higher than the class version supported by the current version of Mixin (JAVA_16 supports class version 60)
[062月2026 20:50:29.518] [main/DEBUG] [mixin/]: Mixing shapes.precompute_shape_arrays.FractionalDoubleListMixin from lithium.mixins.json into net.minecraft.world.phys.shapes.CubePointRange
[062月2026 20:50:29.521] [main/DEBUG] [mixin/]: lithium.mixins.json:shapes.precompute_shape_arrays.FractionalDoubleListMixin: Class version 61 required is higher than the class version supported by the current version of Mixin (JAVA_16 supports class version 60)
[062月2026 20:50:29.758] [main/DEBUG] [mixin/]: Mixing NoteBlockInstrumentMixin from cataclysm.mixins.json into net.minecraft.world.level.block.state.properties.NoteBlockInstrument
[062月2026 20:50:29.792] [main/DEBUG] [mixin/]: Renaming @Invoker method newInstrument(Ljava/lang/String;ILjava/lang/String;Lnet/minecraft/core/Holder;Lnet/minecraft/world/level/block/state/properties/NoteBlockInstrument$Type;)Lnet/minecraft/world/level/block/state/properties/NoteBlockInstrument; to newInstrument_$md$9cde08$0 in cataclysm.mixins.json:NoteBlockInstrumentMixin
[062月2026 20:50:31.467] [main/DEBUG] [mixin/]: Mixing DyeColorMixin from rhino-common.mixins.json into net.minecraft.world.item.DyeColor
[062月2026 20:50:32.150] [main/DEBUG] [net.minecraftforge.coremod.transformer.CoreModBaseTransformer/COREMOD]: Transforming net/minecraft/world/level/block/LiquidBlock
[062月2026 20:50:32.153] [main/DEBUG] [mixin/]: Mixing inject.MixinLiquidBlock from architectury-common.mixins.json into net.minecraft.world.level.block.LiquidBlock
[062月2026 20:50:32.320] [main/DEBUG] [mixin/]: Mixing features.options.render_layers.LeavesBlockMixin from embeddium.mixins.json into net.minecraft.world.level.block.LeavesBlock
[062月2026 20:50:32.510] [main/DEBUG] [mixin/]: Mixing CuttingBoardDispenserMixin from farmersdelight.mixins.json into net.minecraft.world.level.block.DispenserBlock
[062月2026 20:50:32.756] [main/DEBUG] [mixin/]: Mixing accessor.DispenserBlockAccessor from moonlight-common.mixins.json into net.minecraft.world.level.block.DispenserBlock
[062月2026 20:50:32.759] [main/DEBUG] [mixin/]: Renaming @Accessor method getDispenserRegistry()Ljava/util/Map; to getDispenserRegistry_$md$9cde08$0 in moonlight-common.mixins.json:accessor.DispenserBlockAccessor
[062月2026 20:50:32.910] [main/DEBUG] [mixin/]: Mixing NoteBlockMixin from cataclysm.mixins.json into net.minecraft.world.level.block.NoteBlock
[062月2026 20:50:33.080] [main/DEBUG] [mixin/]: Mixing alloc.enum_values.piston_block.PistonBlockMixin from lithium.mixins.json into net.minecraft.world.level.block.piston.PistonBaseBlock
[062月2026 20:50:33.094] [main/DEBUG] [mixin/]: lithium.mixins.json:alloc.enum_values.piston_block.PistonBlockMixin: Class version 61 required is higher than the class version supported by the current version of Mixin (JAVA_16 supports class version 60)
[062月2026 20:50:33.358] [main/DEBUG] [net.minecraftforge.coremod.transformer.CoreModBaseTransformer/COREMOD]: Transforming net/minecraft/world/level/block/StairBlock
[062月2026 20:50:33.412] [main/DEBUG] [mixin/]: Mixing alloc.enum_values.redstone_wire.RedstoneWireBlockMixin from lithium.mixins.json into net.minecraft.world.level.block.RedStoneWireBlock
[062月2026 20:50:33.412] [main/DEBUG] [mixin/]: lithium.mixins.json:alloc.enum_values.redstone_wire.RedstoneWireBlockMixin: Class version 61 required is higher than the class version supported by the current version of Mixin (JAVA_16 supports class version 60)
[062月2026 20:50:33.412] [main/DEBUG] [mixin/]: Mixing block.redstone_wire.RedstoneWireBlockMixin from lithium.mixins.json into net.minecraft.world.level.block.RedStoneWireBlock
[062月2026 20:50:33.413] [main/DEBUG] [mixin/]: lithium.mixins.json:block.redstone_wire.RedstoneWireBlockMixin: Class version 61 required is higher than the class version supported by the current version of Mixin (JAVA_16 supports class version 60)
[062月2026 20:50:33.727] [main/DEBUG] [mixin/]: Mixing KeepRichSoilUntrampledMixin from farmersdelight.mixins.json into net.minecraft.world.level.block.FarmBlock
[062月2026 20:50:34.877] [main/DEBUG] [net.minecraftforge.coremod.transformer.CoreModBaseTransformer/COREMOD]: Transforming net/minecraft/world/level/block/FlowerPotBlock
[062月2026 20:50:34.975] [main/DEBUG] [mixin/]: Mixing AnvilBlockMixin from placebo.mixins.json into net.minecraft.world.level.block.AnvilBlock
[062月2026 20:50:35.096] [main/DEBUG] [mixin/]: Mixing util.inventory_comparator_tracking.ComparatorBlockMixin from lithium.mixins.json into net.minecraft.world.level.block.ComparatorBlock
[062月2026 20:50:35.108] [main/DEBUG] [mixin/]: lithium.mixins.json:util.inventory_comparator_tracking.ComparatorBlockMixin: Class version 61 required is higher than the class version supported by the current version of Mixin (JAVA_16 supports class version 60)
[062月2026 20:50:35.968] [main/DEBUG] [mixin/]: Mixing CampfireBaleMixin from farmersdelight.mixins.json into net.minecraft.world.level.block.CampfireBlock
[062月2026 20:50:36.178] [main/DEBUG] [mixin/]: Mixing MixinPowderSnowBlock from curios.mixins.json into net.minecraft.world.level.block.PowderSnowBlock
[062月2026 20:50:36.179] [main/DEBUG] [mixin/]: Mixing PowderSnowBlockMixin from kaleidoscope_cookery.mixins.json into net.minecraft.world.level.block.PowderSnowBlock
[062月2026 20:50:36.683] [main/DEBUG] [mixin/]: Mixing block.flatten_states.FluidStateMixin from lithium.mixins.json into net.minecraft.world.level.material.FluidState
[062月2026 20:50:36.685] [main/DEBUG] [mixin/]: lithium.mixins.json:block.flatten_states.FluidStateMixin: Class version 61 required is higher than the class version supported by the current version of Mixin (JAVA_16 supports class version 60)
[062月2026 20:50:36.887] [main/DEBUG] [mixin/]: Mixing entity.inactive_navigations.MobEntityMixin from lithium.mixins.json into net.minecraft.world.entity.Mob
[062月2026 20:50:36.888] [main/DEBUG] [mixin/]: lithium.mixins.json:entity.inactive_navigations.MobEntityMixin: Class version 61 required is higher than the class version supported by the current version of Mixin (JAVA_16 supports class version 60)
[062月2026 20:50:36.897] [main/DEBUG] [mixin/]: Mixing entity.skip_equipment_change_check.MobEntityMixin from lithium.mixins.json into net.minecraft.world.entity.Mob
[062月2026 20:50:36.897] [main/DEBUG] [mixin/]: lithium.mixins.json:entity.skip_equipment_change_check.MobEntityMixin: Class version 61 required is higher than the class version supported by the current version of Mixin (JAVA_16 supports class version 60)
[062月2026 20:50:36.899] [main/DEBUG] [mixin/]: Mixing EntityMixin from moonlight-common.mixins.json into net.minecraft.world.entity.Mob
[062月2026 20:50:37.136] [main/DEBUG] [net.minecraftforge.coremod.transformer.CoreModBaseTransformer/COREMOD]: Transforming net/minecraft/world/item/ItemStack
[062月2026 20:50:37.142] [main/DEBUG] [mixin/]: Mixing ItemStackMixin from placebo.mixins.json into net.minecraft.world.item.ItemStack
[062月2026 20:50:37.150] [main/DEBUG] [mixin/]: Renaming synthetic method lambda$getOrCreate$0(Ljava/util/function/Function;Ljava/util/function/ToIntFunction;Lnet/minecraft/resources/ResourceLocation;)Ldev/shadowsoffire/placebo/util/CachedObject; to md9cde08$lambda$getOrCreate$0$0 in placebo.mixins.json:ItemStackMixin
[062月2026 20:50:37.175] [main/DEBUG] [mixin/]: Mixing ItemStackMixin from attributeslib.mixins.json into net.minecraft.world.item.ItemStack
[062月2026 20:50:37.176] [main/DEBUG] [mixin/]: Mixing ItemStackMixin from kubejs-common.mixins.json into net.minecraft.world.item.ItemStack
[062月2026 20:50:37.280] [main/DEBUG] [net.minecraftforge.coremod.transformer.CoreModBaseTransformer/COREMOD]: Transforming getEnchantmentLevel with desc (Lnet/minecraft/world/item/enchantment/Enchantment;)I
[062月2026 20:50:37.281] [main/INFO] [net.minecraftforge.coremod.CoreMod.placebo/COREMODLOG]: Patching IForgeItemStack#getEnchantmentLevel
[062月2026 20:50:37.281] [main/DEBUG] [net.minecraftforge.coremod.transformer.CoreModBaseTransformer/COREMOD]: Transforming getAllEnchantments with desc ()Ljava/util/Map;
[062月2026 20:50:37.283] [main/INFO] [net.minecraftforge.coremod.CoreMod.placebo/COREMODLOG]: Patching IForgeItemStack#getEnchantmentLevel
[062月2026 20:50:37.297] [main/DEBUG] [mixin/]: Mixing FixBlockPlaceContextMixin from moonlight-common.mixins.json into net.minecraft.world.item.context.BlockPlaceContext
[062月2026 20:50:37.347] [main/DEBUG] [mixin/]: Mixing util.inventory_change_listening.BlockEntityMixin from lithium.mixins.json into net.minecraft.world.level.block.entity.BlockEntity
[062月2026 20:50:37.348] [main/DEBUG] [mixin/]: lithium.mixins.json:util.inventory_change_listening.BlockEntityMixin: Class version 61 required is higher than the class version supported by the current version of Mixin (JAVA_16 supports class version 60)
[062月2026 20:50:37.356] [main/DEBUG] [mixin/]: Mixing util.inventory_comparator_tracking.BlockEntityMixin from lithium.mixins.json into net.minecraft.world.level.block.entity.BlockEntity
[062月2026 20:50:37.358] [main/DEBUG] [mixin/]: lithium.mixins.json:util.inventory_comparator_tracking.BlockEntityMixin: Class version 61 required is higher than the class version supported by the current version of Mixin (JAVA_16 supports class version 60)
[062月2026 20:50:37.479] [main/DEBUG] [mixin/]: Mixing world.explosions.ExplosionMixin from lithium.mixins.json into net.minecraft.world.level.Explosion
[062月2026 20:50:37.479] [main/DEBUG] [mixin/]: lithium.mixins.json:world.explosions.ExplosionMixin: Class version 61 required is higher than the class version supported by the current version of Mixin (JAVA_16 supports class version 60)
[062月2026 20:50:37.795] [main/DEBUG] [mixin/]: Mixing MixinFallingBlockEntity from architectury.mixins.json into net.minecraft.world.entity.item.FallingBlockEntity
[062月2026 20:50:37.803] [main/DEBUG] [mixin/]: Mixing FallingBlockEntityMixin from kaleidoscope_cookery.mixins.json into net.minecraft.world.entity.item.FallingBlockEntity
[062月2026 20:50:38.173] [main/DEBUG] [mixin/]: Mixing ContainerMixin from kubejs-common.mixins.json into net.minecraft.world.Container
[062月2026 20:50:38.209] [main/DEBUG] [mixin/]: Mixing util.inventory_change_listening.StackListReplacementTracking$InventoryChangeTrackingDispenserBlockEntity from lithium.mixins.json into net.minecraft.world.level.block.entity.DispenserBlockEntity
[062月2026 20:50:38.210] [main/DEBUG] [mixin/]: lithium.mixins.json:util.inventory_change_listening.StackListReplacementTracking$InventoryChangeTrackingDispenserBlockEntity: Class version 61 required is higher than the class version supported by the current version of Mixin (JAVA_16 supports class version 60)
[062月2026 20:50:38.211] [main/DEBUG] [mixin/]: Mixing accessor.DispenserBlockEntityAccessor from moonlight-common.mixins.json into net.minecraft.world.level.block.entity.DispenserBlockEntity
[062月2026 20:50:38.247] [main/DEBUG] [mixin/]: Mixing util.inventory_change_listening.LockableContainerBlockEntityMixin from lithium.mixins.json into net.minecraft.world.level.block.entity.BaseContainerBlockEntity
[062月2026 20:50:38.248] [main/DEBUG] [mixin/]: lithium.mixins.json:util.inventory_change_listening.LockableContainerBlockEntityMixin: Class version 61 required is higher than the class version supported by the current version of Mixin (JAVA_16 supports class version 60)
[062月2026 20:50:38.250] [main/DEBUG] [mixin/]: Renaming synthetic method lambda$emitFirstComparatorAdded$0(Lme/jellysquid/mods/lithium/common/block/entity/inventory_change_tracking/InventoryChangeListener;)Z to md9cde08$lambda$emitFirstComparatorAdded$0$0 in lithium.mixins.json:util.inventory_change_listening.LockableContainerBlockEntityMixin
[062月2026 20:50:38.256] [main/DEBUG] [mixin/]: Mixing util.inventory_change_listening.StackListReplacementTracking$StackListReplacementTrackingLockableContainerBlockEntity from lithium.mixins.json into net.minecraft.world.level.block.entity.BaseContainerBlockEntity
[062月2026 20:50:38.257] [main/DEBUG] [mixin/]: lithium.mixins.json:util.inventory_change_listening.StackListReplacementTracking$StackListReplacementTrackingLockableContainerBlockEntity: Class version 61 required is higher than the class version supported by the current version of Mixin (JAVA_16 supports class version 60)
[062月2026 20:50:38.774] [main/DEBUG] [mixin/]: Mixing math.fast_util.AxisCycleDirectionMixin$ForwardMixin from lithium.mixins.json into net.minecraft.core.AxisCycle$2
[062月2026 20:50:38.774] [main/DEBUG] [mixin/]: lithium.mixins.json:math.fast_util.AxisCycleDirectionMixin$ForwardMixin: Class version 61 required is higher than the class version supported by the current version of Mixin (JAVA_16 supports class version 60)
[062月2026 20:50:38.776] [main/DEBUG] [mixin/]: Mixing math.fast_util.AxisCycleDirectionMixin$BackwardMixin from lithium.mixins.json into net.minecraft.core.AxisCycle$3
[062月2026 20:50:38.776] [main/DEBUG] [mixin/]: lithium.mixins.json:math.fast_util.AxisCycleDirectionMixin$BackwardMixin: Class version 61 required is higher than the class version supported by the current version of Mixin (JAVA_16 supports class version 60)
[062月2026 20:50:38.832] [main/DEBUG] [mixin/]: Mixing entity.collisions.unpushable_cramming.AbstractMinecartEntityMixin from lithium.mixins.json into net.minecraft.world.entity.vehicle.AbstractMinecart
[062月2026 20:50:38.833] [main/DEBUG] [mixin/]: lithium.mixins.json:entity.collisions.unpushable_cramming.AbstractMinecartEntityMixin: Class version 61 required is higher than the class version supported by the current version of Mixin (JAVA_16 supports class version 60)
[062月2026 20:50:38.833] [main/DEBUG] [mixin/]: Mixing entity.replace_entitytype_predicates.AbstractMinecartEntityMixin from lithium.mixins.json into net.minecraft.world.entity.vehicle.AbstractMinecart
[062月2026 20:50:38.833] [main/DEBUG] [mixin/]: lithium.mixins.json:entity.replace_entitytype_predicates.AbstractMinecartEntityMixin: Class version 61 required is higher than the class version supported by the current version of Mixin (JAVA_16 supports class version 60)
[062月2026 20:50:38.834] [main/DEBUG] [mixin/]: Renaming synthetic method lambda$getOtherAbstractMinecarts$0(Lnet/minecraft/world/entity/Entity;Lnet/minecraft/world/entity/vehicle/AbstractMinecart;)Z to md9cde08$lambda$getOtherAbstractMinecarts$0$0 in lithium.mixins.json:entity.replace_entitytype_predicates.AbstractMinecartEntityMixin
[062月2026 20:50:38.893] [main/DEBUG] [mixin/]: Mixing math.fast_util.BoxMixin from lithium.mixins.json into net.minecraft.world.phys.AABB
[062月2026 20:50:38.893] [main/DEBUG] [mixin/]: lithium.mixins.json:math.fast_util.BoxMixin: Class version 61 required is higher than the class version supported by the current version of Mixin (JAVA_16 supports class version 60)
[062月2026 20:50:38.949] [main/DEBUG] [mixin/]: Mixing block.moving_block_shapes.PistonBlockEntityMixin from lithium.mixins.json into net.minecraft.world.level.block.piston.PistonMovingBlockEntity
[062月2026 20:50:38.950] [main/DEBUG] [mixin/]: lithium.mixins.json:block.moving_block_shapes.PistonBlockEntityMixin: Class version 61 required is higher than the class version supported by the current version of Mixin (JAVA_16 supports class version 60)
[062月2026 20:50:38.959] [main/DEBUG] [mixin/]: Mixing PistonBlockEntityMixin from moonlight-common.mixins.json into net.minecraft.world.level.block.piston.PistonMovingBlockEntity
[062月2026 20:50:39.075] [main/DEBUG] [mixin/]: Mixing KeepRichSoilTreeMixin from farmersdelight.mixins.json into net.minecraft.world.level.levelgen.feature.trunkplacers.TrunkPlacer
[062月2026 20:50:39.076] [main/DEBUG] [mixin/]: Renaming synthetic method lambda$cancelSetDirtIfRichSoil$0(Lnet/minecraft/world/level/block/state/BlockState;)Z to md9cde08$lambda$cancelSetDirtIfRichSoil$0$0 in farmersdelight.mixins.json:KeepRichSoilTreeMixin
[062月2026 20:50:39.540] [main/DEBUG] [mixin/]: Mixing util.inventory_change_listening.ChestBlockEntityMixin from lithium.mixins.json into net.minecraft.world.level.block.entity.ChestBlockEntity
[062月2026 20:50:39.540] [main/DEBUG] [mixin/]: lithium.mixins.json:util.inventory_change_listening.ChestBlockEntityMixin: Class version 61 required is higher than the class version supported by the current version of Mixin (JAVA_16 supports class version 60)
[062月2026 20:50:39.540] [main/DEBUG] [mixin/]: Mixing util.inventory_change_listening.StackListReplacementTracking$InventoryChangeTrackingChestBlockEntity from lithium.mixins.json into net.minecraft.world.level.block.entity.ChestBlockEntity
[062月2026 20:50:39.541] [main/DEBUG] [mixin/]: lithium.mixins.json:util.inventory_change_listening.StackListReplacementTracking$InventoryChangeTrackingChestBlockEntity: Class version 61 required is higher than the class version supported by the current version of Mixin (JAVA_16 supports class version 60)
[062月2026 20:50:39.796] [main/DEBUG] [mixin/]: Mixing AbstractContainerMenuInvoker from placebo.mixins.json into net.minecraft.world.inventory.AbstractContainerMenu
[062月2026 20:50:39.835] [main/DEBUG] [mixin/]: Mixing MixinInventory from curios.mixins.json into net.minecraft.world.entity.player.Inventory
[062月2026 20:50:39.835] [main/DEBUG] [mixin/]: Mixing InventoryMixin from moonlight-common.mixins.json into net.minecraft.world.entity.player.Inventory
[062月2026 20:50:39.918] [main/DEBUG] [mixin/]: Mixing util.inventory_change_listening.StackListReplacementTracking$InventoryChangeTrackingAbstractFurnaceBlockEntity from lithium.mixins.json into net.minecraft.world.level.block.entity.AbstractFurnaceBlockEntity
[062月2026 20:50:39.918] [main/DEBUG] [mixin/]: lithium.mixins.json:util.inventory_change_listening.StackListReplacementTracking$InventoryChangeTrackingAbstractFurnaceBlockEntity: Class version 61 required is higher than the class version supported by the current version of Mixin (JAVA_16 supports class version 60)
[062月2026 20:50:40.687] [main/DEBUG] [mixin/]: Mixing kaleidoscope_end.EnchantmentMenuMixin from mixins.kaleidoscope_end.json into net.minecraft.world.inventory.EnchantmentMenu
[062月2026 20:50:40.689] [main/DEBUG] [mixin/]: Renaming synthetic method lambda$modifyEnchantments$1(Lnet/minecraft/world/item/ItemStack;ILjava/util/List;Lnet/minecraft/core/HolderSet$Named;)V to md9cde08$lambda$modifyEnchantments$1$0 in mixins.kaleidoscope_end.json:kaleidoscope_end.EnchantmentMenuMixin
[062月2026 20:50:40.689] [main/DEBUG] [mixin/]: Renaming synthetic method lambda$modifyEnchantments$0(Lnet/minecraft/world/item/ItemStack;Lnet/minecraft/core/Holder;)Z to md9cde08$lambda$modifyEnchantments$0$1 in mixins.kaleidoscope_end.json:kaleidoscope_end.EnchantmentMenuMixin
[062月2026 20:50:40.732] [main/DEBUG] [mixin/]: Mixing util.inventory_change_listening.StackListReplacementTracking$InventoryChangeTrackingBrewingStandBlockEntity from lithium.mixins.json into net.minecraft.world.level.block.entity.BrewingStandBlockEntity
[062月2026 20:50:40.732] [main/DEBUG] [mixin/]: lithium.mixins.json:util.inventory_change_listening.StackListReplacementTracking$InventoryChangeTrackingBrewingStandBlockEntity: Class version 61 required is higher than the class version supported by the current version of Mixin (JAVA_16 supports class version 60)
[062月2026 20:50:41.032] [main/DEBUG] [mixin/]: Mixing DamageSourceMixin from kubejs-common.mixins.json into net.minecraft.world.damagesource.DamageSource
[062月2026 20:50:41.109] [main/DEBUG] [mixin/]: Mixing entity.replace_entitytype_predicates.ItemFrameEntityMixin from lithium.mixins.json into net.minecraft.world.entity.decoration.ItemFrame
[062月2026 20:50:41.109] [main/DEBUG] [mixin/]: lithium.mixins.json:entity.replace_entitytype_predicates.ItemFrameEntityMixin: Class version 61 required is higher than the class version supported by the current version of Mixin (JAVA_16 supports class version 60)
[062月2026 20:50:41.109] [main/DEBUG] [mixin/]: Renaming synthetic method lambda$getAbstractDecorationEntities$0(Lnet/minecraft/world/entity/Entity;Lnet/minecraft/world/entity/decoration/HangingEntity;)Z to md9cde08$lambda$getAbstractDecorationEntities$0$0 in lithium.mixins.json:entity.replace_entitytype_predicates.ItemFrameEntityMixin
[062月2026 20:50:41.110] [main/DEBUG] [mixin/]: Mixing ItemFrameEntityMixin from kubejs-common.mixins.json into net.minecraft.world.entity.decoration.ItemFrame
[062月2026 20:50:41.167] [main/DEBUG] [mixin/]: Mixing entity.replace_entitytype_predicates.AbstractDecorationEntityMixin from lithium.mixins.json into net.minecraft.world.entity.decoration.HangingEntity
[062月2026 20:50:41.171] [main/DEBUG] [mixin/]: lithium.mixins.json:entity.replace_entitytype_predicates.AbstractDecorationEntityMixin: Class version 61 required is higher than the class version supported by the current version of Mixin (JAVA_16 supports class version 60)
[062月2026 20:50:41.172] [main/DEBUG] [mixin/]: Renaming synthetic method lambda$getAbstractDecorationEntities$0(Lnet/minecraft/world/entity/Entity;Lnet/minecraft/world/entity/decoration/HangingEntity;)Z to md9cde08$lambda$getAbstractDecorationEntities$0$0 in lithium.mixins.json:entity.replace_entitytype_predicates.AbstractDecorationEntityMixin
[062月2026 20:50:41.227] [main/DEBUG] [mixin/]: Mixing entity.hopper_minecart.HopperBlockEntityMixin from lithium.mixins.json into net.minecraft.world.level.block.entity.HopperBlockEntity
[062月2026 20:50:41.230] [main/DEBUG] [mixin/]: lithium.mixins.json:entity.hopper_minecart.HopperBlockEntityMixin: Class version 61 required is higher than the class version supported by the current version of Mixin (JAVA_16 supports class version 60)
[062月2026 20:50:41.243] [main/DEBUG] [mixin/]: Mixing util.inventory_change_listening.StackListReplacementTracking$InventoryChangeTrackingHopperBlockEntity from lithium.mixins.json into net.minecraft.world.level.block.entity.HopperBlockEntity
[062月2026 20:50:41.244] [main/DEBUG] [mixin/]: lithium.mixins.json:util.inventory_change_listening.StackListReplacementTracking$InventoryChangeTrackingHopperBlockEntity: Class version 61 required is higher than the class version supported by the current version of Mixin (JAVA_16 supports class version 60)
[062月2026 20:50:41.920] [main/DEBUG] [mixin/]: Mixing util.inventory_change_listening.StackListReplacementTracking$InventoryChangeTrackingShulkerBoxBlockEntity from lithium.mixins.json into net.minecraft.world.level.block.entity.ShulkerBoxBlockEntity
[062月2026 20:50:41.922] [main/DEBUG] [mixin/]: lithium.mixins.json:util.inventory_change_listening.StackListReplacementTracking$InventoryChangeTrackingShulkerBoxBlockEntity: Class version 61 required is higher than the class version supported by the current version of Mixin (JAVA_16 supports class version 60)
[062月2026 20:50:43.342] [main/DEBUG] [mixin/]: Mixing util.inventory_change_listening.StackListReplacementTracking$InventoryChangeTrackingBarrelBlockEntity from lithium.mixins.json into net.minecraft.world.level.block.entity.BarrelBlockEntity
[062月2026 20:50:43.343] [main/DEBUG] [mixin/]: lithium.mixins.json:util.inventory_change_listening.StackListReplacementTracking$InventoryChangeTrackingBarrelBlockEntity: Class version 61 required is higher than the class version supported by the current version of Mixin (JAVA_16 supports class version 60)
[062月2026 20:50:43.434] [main/DEBUG] [mixin/]: Mixing SmithingMenuMixin from citadel.mixins.json into net.minecraft.world.inventory.SmithingMenu
[062月2026 20:50:43.685] [main/DEBUG] [mixin/]: Mixing ChunkGeneratorMixin from citadel.mixins.json into net.minecraft.world.level.chunk.ChunkGenerator
[062月2026 20:50:43.893] [main/DEBUG] [mixin/]: Mixing alloc.composter.ComposterMixin$ComposterBlockComposterInventoryMixin from lithium.mixins.json into net.minecraft.world.level.block.ComposterBlock$InputContainer
[062月2026 20:50:43.895] [main/DEBUG] [mixin/]: lithium.mixins.json:alloc.composter.ComposterMixin$ComposterBlockComposterInventoryMixin: Class version 61 required is higher than the class version supported by the current version of Mixin (JAVA_16 supports class version 60)
[062月2026 20:50:43.906] [main/DEBUG] [mixin/]: Mixing alloc.composter.ComposterMixin$ComposterBlockDummyInventoryMixin from lithium.mixins.json into net.minecraft.world.level.block.ComposterBlock$EmptyContainer
[062月2026 20:50:43.907] [main/DEBUG] [mixin/]: lithium.mixins.json:alloc.composter.ComposterMixin$ComposterBlockDummyInventoryMixin: Class version 61 required is higher than the class version supported by the current version of Mixin (JAVA_16 supports class version 60)
[062月2026 20:50:44.573] [main/DEBUG] [mixin/]: Mixing ServerPlayerMixin from moonlight-common.mixins.json into net.minecraft.server.level.ServerPlayer
[062月2026 20:50:44.577] [main/DEBUG] [mixin/]: Mixing ServerPlayerMixin from kubejs-common.mixins.json into net.minecraft.server.level.ServerPlayer
[062月2026 20:50:44.695] [main/DEBUG] [mixin/]: Mixing LightningEntityMixin from moonlight-common.mixins.json into net.minecraft.world.entity.LightningBolt
[062月2026 20:50:44.700] [main/DEBUG] [mixin/]: Mixing MixinLightningBolt from architectury-common.mixins.json into net.minecraft.world.entity.LightningBolt
[062月2026 20:50:45.053] [main/DEBUG] [net.minecraftforge.coremod.transformer.CoreModBaseTransformer/COREMOD]: Transforming net/minecraft/world/entity/animal/frog/Tadpole
[062月2026 20:50:45.137] [main/DEBUG] [mixin/]: Mixing BlockItemMixin from moonlight-common.mixins.json into net.minecraft.world.item.BlockItem
[062月2026 20:50:45.139] [main/DEBUG] [mixin/]: Mixing kaleidoscope_nether.BlockItemMixin from mixins.kaleidoscope_nether.json into net.minecraft.world.item.BlockItem
[062月2026 20:50:45.241] [main/DEBUG] [mixin/]: Mixing tools.ArmorItemMixin from kubejs-common.mixins.json into net.minecraft.world.item.ArmorItem
[062月2026 20:50:45.348] [main/DEBUG] [mixin/]: Mixing tools.SwordItemMixin from kubejs-common.mixins.json into net.minecraft.world.item.SwordItem
[062月2026 20:50:45.377] [main/DEBUG] [mixin/]: Mixing SwordItemMixin from dummmmmmy-common.mixins.json into net.minecraft.world.item.SwordItem
[062月2026 20:50:45.458] [main/DEBUG] [mixin/]: Mixing tools.DiggerItemMixin from kubejs-common.mixins.json into net.minecraft.world.item.DiggerItem
[062月2026 20:50:45.477] [main/DEBUG] [mixin/]: Mixing ToolItemMixin from dummmmmmy-common.mixins.json into net.minecraft.world.item.DiggerItem
[062月2026 20:50:45.588] [main/DEBUG] [mixin/]: Mixing SoupItemMixin from farmersdelight.mixins.json into net.minecraft.world.item.BowlFoodItem
[062月2026 20:50:45.714] [main/DEBUG] [net.minecraftforge.coremod.transformer.CoreModBaseTransformer/COREMOD]: Transforming net/minecraft/world/item/BucketItem
[062月2026 20:50:45.719] [main/DEBUG] [mixin/]: Mixing inject.MixinBucketItem from architectury-common.mixins.json into net.minecraft.world.item.BucketItem
[062月2026 20:50:45.773] [main/DEBUG] [mixin/]: Mixing MobBucketItemAccessor from kaleidoscope_cookery.mixins.json into net.minecraft.world.item.MobBucketItem
[062月2026 20:50:45.789] [main/DEBUG] [mixin/]: Mixing MobBucketItemMixin from kaleidoscope_cookery.mixins.json into net.minecraft.world.item.MobBucketItem
[062月2026 20:50:46.013] [main/DEBUG] [mixin/]: Mixing MapItemMixin from moonlight-common.mixins.json into net.minecraft.world.item.MapItem
[062月2026 20:50:46.035] [main/DEBUG] [mixin/]: Renaming synthetic method lambda$update$1(Lnet/minecraft/world/level/saveddata/maps/MapItemSavedData;Lnet/minecraft/world/entity/Entity;Ljava/util/concurrent/atomic/AtomicBoolean;Lnet/minecraft/resources/ResourceLocation;Lnet/mehvahdjukaar/moonlight/api/map/CustomMapData;)V to md9cde08$lambda$update$1$0 in moonlight-common.mixins.json:MapItemMixin
[062月2026 20:50:46.035] [main/DEBUG] [mixin/]: Renaming synthetic method lambda$appendHoverText$0(Lnet/minecraft/world/level/saveddata/maps/MapItemSavedData;Lnet/minecraft/world/item/ItemStack;Ljava/util/List;Lnet/minecraft/resources/ResourceLocation;Lnet/mehvahdjukaar/moonlight/api/map/CustomMapData;)V to md9cde08$lambda$appendHoverText$0$1 in moonlight-common.mixins.json:MapItemMixin
[062月2026 20:50:46.107] [main/DEBUG] [mixin/]: Mixing ShearItemMixin from moonlight-common.mixins.json into net.minecraft.world.item.ShearsItem
[062月2026 20:50:46.109] [main/DEBUG] [mixin/]: Mixing MixinShearsItem from curios.mixins.json into net.minecraft.world.item.ShearsItem
[062月2026 20:50:46.323] [main/DEBUG] [mixin/]: Mixing ArmorStandFIxMixin from dummmmmmy-common.mixins.json into net.minecraft.world.item.ArmorStandItem
[062月2026 20:50:46.487] [main/DEBUG] [mixin/]: Mixing tools.TridentItemMixin from kubejs-common.mixins.json into net.minecraft.world.item.TridentItem
[062月2026 20:50:46.550] [main/DEBUG] [mixin/]: Mixing inject.MixinItemProperties from architectury-common.mixins.json into net.minecraft.world.item.Item$Properties
[062月2026 20:50:46.755] [main/DEBUG] [mixin/]: Mixing world.inline_block_access.WorldChunkMixin from lithium.mixins.json into net.minecraft.world.level.chunk.LevelChunk
[062月2026 20:50:46.756] [main/DEBUG] [mixin/]: lithium.mixins.json:world.inline_block_access.WorldChunkMixin: Class version 61 required is higher than the class version supported by the current version of Mixin (JAVA_16 supports class version 60)
[062月2026 20:50:46.765] [main/DEBUG] [mixin/]: Mixing collections.block_entity_tickers.WorldChunkMixin from lithium.mixins.json into net.minecraft.world.level.chunk.LevelChunk
[062月2026 20:50:46.767] [main/DEBUG] [mixin/]: lithium.mixins.json:collections.block_entity_tickers.WorldChunkMixin: Class version 61 required is higher than the class version supported by the current version of Mixin (JAVA_16 supports class version 60)
[062月2026 20:50:46.778] [main/DEBUG] [mixin/]: Mixing world.combined_heightmap_update.WorldChunkMixin from lithium.mixins.json into net.minecraft.world.level.chunk.LevelChunk
[062月2026 20:50:46.779] [main/DEBUG] [mixin/]: lithium.mixins.json:world.combined_heightmap_update.WorldChunkMixin: Class version 61 required is higher than the class version supported by the current version of Mixin (JAVA_16 supports class version 60)
[062月2026 20:50:46.781] [main/DEBUG] [mixin/]: Mixing world.inline_height.WorldChunkMixin from lithium.mixins.json into net.minecraft.world.level.chunk.LevelChunk
[062月2026 20:50:46.782] [main/DEBUG] [mixin/]: lithium.mixins.json:world.inline_height.WorldChunkMixin: Class version 61 required is higher than the class version supported by the current version of Mixin (JAVA_16 supports class version 60)
[062月2026 20:50:46.784] [main/DEBUG] [mixin/]: Mixing LevelChunkMixin from moonlight-common.mixins.json into net.minecraft.world.level.chunk.LevelChunk
[062月2026 20:50:47.042] [main/DEBUG] [mixin/]: Mixing entity.inactive_navigations.EntityNavigationMixin from lithium.mixins.json into net.minecraft.world.entity.ai.navigation.PathNavigation
[062月2026 20:50:47.044] [main/DEBUG] [mixin/]: lithium.mixins.json:entity.inactive_navigations.EntityNavigationMixin: Class version 61 required is higher than the class version supported by the current version of Mixin (JAVA_16 supports class version 60)
[062月2026 20:50:49.505] [main/DEBUG] [mixin/]: Mixing alloc.nbt.NbtCompoundMixin from lithium.mixins.json into net.minecraft.nbt.CompoundTag
[062月2026 20:50:49.513] [main/DEBUG] [mixin/]: lithium.mixins.json:alloc.nbt.NbtCompoundMixin: Class version 61 required is higher than the class version supported by the current version of Mixin (JAVA_16 supports class version 60)
[062月2026 20:50:49.727] [main/DEBUG] [mixin/]: Mixing alloc.nbt.NbtCompoundMixin$Type from lithium.mixins.json into net.minecraft.nbt.CompoundTag$1
[062月2026 20:50:49.727] [main/DEBUG] [mixin/]: lithium.mixins.json:alloc.nbt.NbtCompoundMixin$Type: Class version 61 required is higher than the class version supported by the current version of Mixin (JAVA_16 supports class version 60)
[062月2026 20:50:49.776] [main/DEBUG] [mixin/]: Mixing StringTagMixin from rhino-common.mixins.json into net.minecraft.nbt.StringTag
[062月2026 20:50:53.672] [main/DEBUG] [mixin/]: Mixing entity.replace_entitytype_predicates.ArmorStandEntityMixin from lithium.mixins.json into net.minecraft.world.entity.decoration.ArmorStand
[062月2026 20:50:53.675] [main/DEBUG] [mixin/]: lithium.mixins.json:entity.replace_entitytype_predicates.ArmorStandEntityMixin: Class version 61 required is higher than the class version supported by the current version of Mixin (JAVA_16 supports class version 60)
[062月2026 20:50:53.676] [main/DEBUG] [mixin/]: Renaming synthetic method lambda$getMinecartsDirectly$0(Lnet/minecraft/world/entity/Entity;Lnet/minecraft/world/entity/Entity;)Z to md9cde08$lambda$getMinecartsDirectly$0$0 in lithium.mixins.json:entity.replace_entitytype_predicates.ArmorStandEntityMixin
[062月2026 20:50:53.679] [main/DEBUG] [mixin/]: Mixing entity.skip_equipment_change_check.ArmorStandEntityMixin from lithium.mixins.json into net.minecraft.world.entity.decoration.ArmorStand
[062月2026 20:50:53.719] [main/DEBUG] [mixin/]: lithium.mixins.json:entity.skip_equipment_change_check.ArmorStandEntityMixin: Class version 61 required is higher than the class version supported by the current version of Mixin (JAVA_16 supports class version 60)
[062月2026 20:50:54.236] [main/DEBUG] [mixin/]: Mixing kaleidoscope_nether.ArrowAccessor from mixins.kaleidoscope_nether.json into net.minecraft.world.entity.projectile.Arrow
[062月2026 20:50:54.552] [main/DEBUG] [mixin/]: Mixing BeeGoalMixin from moonlight-common.mixins.json into net.minecraft.world.entity.animal.Bee$BeeGrowCropGoal
[062月2026 20:50:54.783] [main/DEBUG] [mixin/]: Mixing NearestAttackableTargetGoalMixin from attributeslib.mixins.json into net.minecraft.world.entity.ai.goal.target.NearestAttackableTargetGoal
[062月2026 20:50:55.075] [main/DEBUG] [mixin/]: Mixing entity.collisions.unpushable_cramming.BoatEntityMixin from lithium.mixins.json into net.minecraft.world.entity.vehicle.Boat
[062月2026 20:50:55.075] [main/DEBUG] [mixin/]: lithium.mixins.json:entity.collisions.unpushable_cramming.BoatEntityMixin: Class version 61 required is higher than the class version supported by the current version of Mixin (JAVA_16 supports class version 60)
[062月2026 20:50:56.196] [main/DEBUG] [net.minecraftforge.coremod.transformer.CoreModBaseTransformer/COREMOD]: Transforming net/minecraft/world/entity/monster/Spider
[062月2026 20:50:57.790] [main/DEBUG] [mixin/]: Mixing entity.inactive_navigations.DrownedEntityMixin from lithium.mixins.json into net.minecraft.world.entity.monster.Drowned
[062月2026 20:50:57.878] [main/DEBUG] [net.minecraftforge.coremod.transformer.CoreModBaseTransformer/COREMOD]: Transforming net/minecraft/world/entity/monster/Zombie
[062月2026 20:50:59.005] [main/DEBUG] [mixin/]: lithium.mixins.json:entity.inactive_navigations.DrownedEntityMixin: Class version 61 required is higher than the class version supported by the current version of Mixin (JAVA_16 supports class version 60)
[062月2026 20:50:59.117] [main/DEBUG] [net.minecraftforge.coremod.transformer.CoreModBaseTransformer/COREMOD]: Transforming net/minecraft/world/entity/monster/Zombie
[062月2026 20:50:59.694] [main/DEBUG] [net.minecraftforge.coremod.transformer.CoreModBaseTransformer/COREMOD]: Transforming net/minecraft/world/entity/monster/ZombieVillager
[062月2026 20:51:00.041] [main/DEBUG] [mixin/]: Mixing entity.inactive_navigations.DrownedEntityLeaveWaterGoalMixin from lithium.mixins.json into net.minecraft.world.entity.monster.Drowned$DrownedGoToBeachGoal
[062月2026 20:51:00.087] [main/DEBUG] [mixin/]: lithium.mixins.json:entity.inactive_navigations.DrownedEntityLeaveWaterGoalMixin: Class version 61 required is higher than the class version supported by the current version of Mixin (JAVA_16 supports class version 60)
[062月2026 20:51:00.199] [main/DEBUG] [mixin/]: Mixing ThrownTridentMixin from attributeslib.mixins.json into net.minecraft.world.entity.projectile.ThrownTrident
[062月2026 20:51:01.132] [main/DEBUG] [mixin/]: Mixing ai.raid.RaiderEntityMixin from lithium.mixins.json into net.minecraft.world.entity.raid.Raider
[062月2026 20:51:01.143] [main/DEBUG] [mixin/]: lithium.mixins.json:ai.raid.RaiderEntityMixin: Class version 61 required is higher than the class version supported by the current version of Mixin (JAVA_16 supports class version 60)
[062月2026 20:51:01.143] [main/DEBUG] [mixin/]: Renaming synthetic method lambda$static$0(Lnet/minecraft/world/entity/item/ItemEntity;)Z to md9cde08$lambda$static$0$0 in lithium.mixins.json:ai.raid.RaiderEntityMixin
[062月2026 20:51:02.543] [main/DEBUG] [mixin/]: Mixing ai.raid.PickupBannerAsLeaderGoalMixin from lithium.mixins.json into net.minecraft.world.entity.raid.Raider$ObtainRaidLeaderBannerGoal
[062月2026 20:51:02.562] [main/DEBUG] [mixin/]: lithium.mixins.json:ai.raid.PickupBannerAsLeaderGoalMixin: Class version 61 required is higher than the class version supported by the current version of Mixin (JAVA_16 supports class version 60)
[062月2026 20:51:02.754] [main/DEBUG] [mixin/]: Mixing ai.poi.tasks.RaiderEntityAttackHomeGoalMixin from lithium.mixins.json into net.minecraft.world.entity.raid.Raider$RaiderMoveThroughVillageGoal
[062月2026 20:51:02.762] [main/DEBUG] [mixin/]: lithium.mixins.json:ai.poi.tasks.RaiderEntityAttackHomeGoalMixin: Class version 61 required is higher than the class version supported by the current version of Mixin (JAVA_16 supports class version 60)
[062月2026 20:51:03.034] [main/DEBUG] [net.minecraftforge.coremod.transformer.CoreModBaseTransformer/COREMOD]: Transforming net/minecraft/world/entity/monster/Evoker$EvokerSummonSpellGoal
[062月2026 20:51:03.401] [main/DEBUG] [mixin/]: Mixing FireworkRocketEntityMixin from kubejs-common.mixins.json into net.minecraft.world.entity.projectile.FireworkRocketEntity
[062月2026 20:51:04.162] [main/DEBUG] [mixin/]: Mixing entity.replace_entitytype_predicates.IronGolemWanderAroundGoalMixin from lithium.mixins.json into net.minecraft.world.entity.ai.goal.GolemRandomStrollInVillageGoal
[062月2026 20:51:04.166] [main/DEBUG] [mixin/]: lithium.mixins.json:entity.replace_entitytype_predicates.IronGolemWanderAroundGoalMixin: Class version 61 required is higher than the class version supported by the current version of Mixin (JAVA_16 supports class version 60)
[062月2026 20:51:04.293] [main/DEBUG] [mixin/]: Mixing entity.replace_entitytype_predicates.FormCaravanGoalMixin from lithium.mixins.json into net.minecraft.world.entity.ai.goal.LlamaFollowCaravanGoal
[062月2026 20:51:04.293] [main/DEBUG] [mixin/]: lithium.mixins.json:entity.replace_entitytype_predicates.FormCaravanGoalMixin: Class version 61 required is higher than the class version supported by the current version of Mixin (JAVA_16 supports class version 60)
[062月2026 20:51:04.294] [main/DEBUG] [mixin/]: Renaming synthetic method lambda$getLlamasForCaravan$0(Lnet/minecraft/world/entity/Entity;Lnet/minecraft/world/entity/animal/horse/Llama;)Z to md9cde08$lambda$getLlamasForCaravan$0$0 in lithium.mixins.json:entity.replace_entitytype_predicates.FormCaravanGoalMixin
[062月2026 20:51:05.257] [main/DEBUG] [mixin/]: Mixing ThrownPotionMixin from moonlight-common.mixins.json into net.minecraft.world.entity.projectile.ThrownPotion
[062月2026 20:51:06.285] [main/DEBUG] [mixin/]: Mixing RabbitsEatCabbageMixin from farmersdelight.mixins.json into net.minecraft.world.entity.animal.Rabbit
[062月2026 20:51:06.562] [main/DEBUG] [mixin/]: Mixing CraftingContainerMixin from kubejs-common.mixins.json into net.minecraft.world.inventory.CraftingContainer
[062月2026 20:51:07.274] [main/DEBUG] [net.minecraftforge.coremod.transformer.CoreModBaseTransformer/COREMOD]: Transforming net/minecraft/world/entity/animal/horse/SkeletonTrapGoal
[062月2026 20:51:07.456] [main/DEBUG] [net.minecraftforge.coremod.transformer.CoreModBaseTransformer/COREMOD]: Transforming net/minecraft/world/entity/monster/Strider
[062月2026 20:51:08.849] [main/DEBUG] [mixin/]: Mixing entity.data_tracker.use_arrays.DataTrackerMixin from lithium.mixins.json into net.minecraft.network.syncher.SynchedEntityData
[062月2026 20:51:08.850] [main/DEBUG] [mixin/]: lithium.mixins.json:entity.data_tracker.use_arrays.DataTrackerMixin: Class version 61 required is higher than the class version supported by the current version of Mixin (JAVA_16 supports class version 60)
[062月2026 20:51:08.963] [main/DEBUG] [mixin/]: Mixing entity.data_tracker.no_locks.DataTrackerMixin from lithium.mixins.json into net.minecraft.network.syncher.SynchedEntityData
[062月2026 20:51:08.965] [main/DEBUG] [mixin/]: lithium.mixins.json:entity.data_tracker.no_locks.DataTrackerMixin: Class version 61 required is higher than the class version supported by the current version of Mixin (JAVA_16 supports class version 60)
[062月2026 20:51:09.399] [main/DEBUG] [mixin/]: Mixing ai.sensor.secondary_poi.SecondaryPointsOfInterestSensorMixin from lithium.mixins.json into net.minecraft.world.entity.ai.sensing.SecondaryPoiSensor
[062月2026 20:51:09.402] [main/DEBUG] [mixin/]: lithium.mixins.json:ai.sensor.secondary_poi.SecondaryPointsOfInterestSensorMixin: Class version 61 required is higher than the class version supported by the current version of Mixin (JAVA_16 supports class version 60)
[062月2026 20:51:09.559] [main/DEBUG] [mixin/]: Mixing util.world_border_listener.WorldBorderMixin from lithium.mixins.json into net.minecraft.world.level.border.WorldBorder
[062月2026 20:51:09.560] [main/DEBUG] [mixin/]: lithium.mixins.json:util.world_border_listener.WorldBorderMixin: Class version 61 required is higher than the class version supported by the current version of Mixin (JAVA_16 supports class version 60)
[062月2026 20:51:10.951] [main/DEBUG] [net.minecraftforge.coremod.transformer.CoreModBaseTransformer/COREMOD]: Transforming net/minecraft/world/entity/npc/Villager
[062月2026 20:51:11.605] [main/DEBUG] [mixin/]: Mixing VillagerMixin from moonlight-common.mixins.json into net.minecraft.world.entity.npc.Villager
[062月2026 20:51:11.637] [main/DEBUG] [mixin/]: Mixing VillagerMixin from kaleidoscope_cookery.mixins.json into net.minecraft.world.entity.npc.Villager
[062月2026 20:51:12.017] [main/DEBUG] [mixin/]: Mixing entity.collisions.unpushable_cramming.EntityPredicatesMixin from lithium.mixins.json into net.minecraft.world.entity.EntitySelector
[062月2026 20:51:12.018] [main/DEBUG] [mixin/]: lithium.mixins.json:entity.collisions.unpushable_cramming.EntityPredicatesMixin: Class version 61 required is higher than the class version supported by the current version of Mixin (JAVA_16 supports class version 60)
[062月2026 20:51:12.062] [main/DEBUG] [mixin/]: Mixing IngredientMixin from kubejs-common.mixins.json into net.minecraft.world.item.crafting.Ingredient
[062月2026 20:51:12.102] [main/DEBUG] [mixin/]: Mixing inject.MixinFoodPropertiesBuilder from architectury-common.mixins.json into net.minecraft.world.food.FoodProperties$Builder
[062月2026 20:51:12.138] [main/DEBUG] [net.minecraftforge.coremod.transformer.CoreModBaseTransformer/COREMOD]: Transforming net/minecraft/world/effect/MobEffectInstance
[062月2026 20:51:12.405] [main/DEBUG] [mixin/]: Mixing NumericTagMixin from rhino-common.mixins.json into net.minecraft.nbt.NumericTag
[062月2026 20:51:12.651] [main/DEBUG] [mixin/]: Mixing IItemHandlerMixin from kubejs-forge.mixins.json into net.minecraftforge.items.IItemHandler
[062月2026 20:51:12.718] [main/DEBUG] [mixin/]: Mixing accessor.StructureProcessorAccessor from cataclysm.mixins.json into net.minecraft.world.level.levelgen.structure.templatesystem.StructureProcessor
[062月2026 20:51:12.815] [main/DEBUG] [mixin/]: Mixing world.combined_heightmap_update.HeightmapAccessor from lithium.mixins.json into net.minecraft.world.level.levelgen.Heightmap
[062月2026 20:51:12.816] [main/DEBUG] [mixin/]: lithium.mixins.json:world.combined_heightmap_update.HeightmapAccessor: Class version 61 required is higher than the class version supported by the current version of Mixin (JAVA_16 supports class version 60)
[062月2026 20:51:12.941] [main/DEBUG] [mixin/]: Mixing RecipeMixin from kubejs-common.mixins.json into net.minecraft.world.item.crafting.Recipe
[062月2026 20:51:12.952] [main/DEBUG] [mixin/]: Mixing GrindstoneMenuSlotMixin from moonlight-common.mixins.json into net.minecraft.world.inventory.GrindstoneMenu$4
[062月2026 20:51:13.006] [main/DEBUG] [mixin/]: Mixing MapExtendingRecipeMixin from moonlight-common.mixins.json into net.minecraft.world.item.crafting.MapExtendingRecipe
[062月2026 20:51:14.846] [main/DEBUG] [mixin/]: Mixing MixinApplyBonusCount from curios.mixins.json into net.minecraft.world.level.storage.loot.functions.ApplyBonusCount
[062月2026 20:51:15.240] [main/DEBUG] [mixin/]: Mixing collections.mob_spawning.PoolMixin from lithium.mixins.json into net.minecraft.util.random.WeightedRandomList
[062月2026 20:51:15.240] [main/DEBUG] [mixin/]: lithium.mixins.json:collections.mob_spawning.PoolMixin: Class version 61 required is higher than the class version supported by the current version of Mixin (JAVA_16 supports class version 60)
[062月2026 20:51:16.441] [main/DEBUG] [mixin/]: Mixing NoMultifaceGrowthFeatureInStructuresMixin from cataclysm.mixins.json into net.minecraft.world.level.levelgen.feature.MultifaceGrowthFeature
[062月2026 20:51:16.566] [main/DEBUG] [net.minecraftforge.coremod.transformer.CoreModBaseTransformer/COREMOD]: Transforming net/minecraft/world/level/levelgen/structure/Structure
[062月2026 20:51:16.739] [main/DEBUG] [mixin/]: Mixing NoMagmaBlockInStructuresMixin from cataclysm.mixins.json into net.minecraft.world.level.levelgen.feature.UnderwaterMagmaFeature
[062月2026 20:51:16.855] [main/DEBUG] [mixin/]: Mixing NoLakesInStructuresMixin from cataclysm.mixins.json into net.minecraft.world.level.levelgen.feature.LakeFeature
[062月2026 20:51:16.903] [main/DEBUG] [mixin/]: Mixing NoOreInStructuresMixin from cataclysm.mixins.json into net.minecraft.world.level.levelgen.feature.OreFeature
[062月2026 20:51:17.089] [main/DEBUG] [mixin/]: Mixing NoBasaltColumnsInStructuresMixin from cataclysm.mixins.json into net.minecraft.world.level.levelgen.feature.BasaltColumnsFeature
[062月2026 20:51:17.155] [main/DEBUG] [mixin/]: Mixing NoDeltasInStructuresMixin from cataclysm.mixins.json into net.minecraft.world.level.levelgen.feature.DeltaFeature
[062月2026 20:51:17.321] [main/DEBUG] [mixin/]: Mixing NoGeodeInStructuresMixin from cataclysm.mixins.json into net.minecraft.world.level.levelgen.feature.GeodeFeature
[062月2026 20:51:18.878] [main/DEBUG] [net.minecraftforge.coremod.transformer.CoreModBaseTransformer/COREMOD]: Transforming net/minecraft/world/level/levelgen/structure/Structure
[062月2026 20:51:19.175] [main/DEBUG] [net.minecraftforge.coremod.transformer.CoreModBaseTransformer/COREMOD]: Transforming net/minecraft/world/level/levelgen/structure/structures/OceanRuinPieces$OceanRuinPiece
[062月2026 20:51:19.245] [main/DEBUG] [net.minecraftforge.coremod.transformer.CoreModBaseTransformer/COREMOD]: Transforming net/minecraft/world/level/levelgen/structure/structures/SwampHutPiece
[062月2026 20:51:19.359] [main/DEBUG] [net.minecraftforge.coremod.transformer.CoreModBaseTransformer/COREMOD]: Transforming net/minecraft/world/level/levelgen/structure/structures/OceanMonumentPieces$OceanMonumentPiece
[062月2026 20:51:19.422] [main/DEBUG] [net.minecraftforge.coremod.transformer.CoreModBaseTransformer/COREMOD]: Transforming net/minecraft/world/level/levelgen/structure/structures/WoodlandMansionPieces$WoodlandMansionPiece
[062月2026 20:51:19.461] [main/DEBUG] [mixin/]: Mixing collections.mob_spawning.SpawnSettingsMixin from lithium.mixins.json into net.minecraft.world.level.biome.MobSpawnSettings
[062月2026 20:51:19.462] [main/DEBUG] [mixin/]: lithium.mixins.json:collections.mob_spawning.SpawnSettingsMixin: Class version 61 required is higher than the class version supported by the current version of Mixin (JAVA_16 supports class version 60)
[062月2026 20:51:19.612] [main/DEBUG] [mixin/]: Mixing accessor.StructureTemplatePoolAccessor from cataclysm.mixins.json into net.minecraft.world.level.levelgen.structure.pools.StructureTemplatePool
[062月2026 20:51:20.263] [main/DEBUG] [net.minecraftforge.coremod.transformer.CoreModBaseTransformer/COREMOD]: Transforming net/minecraft/world/level/biome/Biome
[062月2026 20:51:20.272] [main/DEBUG] [mixin/]: Mixing features.world.biome.BiomeMixin from embeddium.mixins.json into net.minecraft.world.level.biome.Biome
[062月2026 20:51:21.095] [main/DEBUG] [mixin/]: Mixing world.chunk_ticking.spread_ice.BiomeMixin from lithium.mixins.json into net.minecraft.world.level.biome.Biome
[062月2026 20:51:21.096] [main/DEBUG] [mixin/]: lithium.mixins.json:world.chunk_ticking.spread_ice.BiomeMixin: Class version 61 required is higher than the class version supported by the current version of Mixin (JAVA_16 supports class version 60)
[062月2026 20:51:21.111] [main/DEBUG] [mixin/]: Mixing world.temperature_cache.BiomeMixin from lithium.mixins.json into net.minecraft.world.level.biome.Biome
[062月2026 20:51:21.126] [main/DEBUG] [mixin/]: lithium.mixins.json:world.temperature_cache.BiomeMixin: Class version 61 required is higher than the class version supported by the current version of Mixin (JAVA_16 supports class version 60)
[062月2026 20:51:22.142] [main/DEBUG] [mixin/]: Mixing NoiseGeneratorSettingsMixin from citadel.mixins.json into net.minecraft.world.level.levelgen.NoiseGeneratorSettings
[062月2026 20:51:23.184] [main/DEBUG] [mixin/]: Mixing accessor.SinglePoolElementAccessor from cataclysm.mixins.json into net.minecraft.world.level.levelgen.structure.pools.SinglePoolElement
[062月2026 20:51:23.370] [main/DEBUG] [mixin/]: Mixing accessor.ListPoolElementAccessor from cataclysm.mixins.json into net.minecraft.world.level.levelgen.structure.pools.ListPoolElement
[062月2026 20:51:23.530] [main/DEBUG] [mixin/]: Mixing accessor.FeaturePoolElementAccessor from cataclysm.mixins.json into net.minecraft.world.level.levelgen.structure.pools.FeaturePoolElement
[062月2026 20:51:24.249] [main/DEBUG] [net.minecraftforge.registries.GameData/REGISTRIES]: Creating vanilla freeze snapshot
[062月2026 20:51:24.267] [main/DEBUG] [net.minecraftforge.registries.ForgeRegistry/REGISTRIES]: Registry minecraft:block Sync: VANILLA -> ACTIVE
[062月2026 20:51:24.450] [main/DEBUG] [net.minecraftforge.registries.ForgeRegistry/REGISTRIES]: Registry minecraft:fluid Sync: VANILLA -> ACTIVE
[062月2026 20:51:24.450] [main/DEBUG] [net.minecraftforge.registries.ForgeRegistry/REGISTRIES]: Registry minecraft:item Sync: VANILLA -> ACTIVE
[062月2026 20:51:24.671] [main/DEBUG] [net.minecraftforge.registries.ForgeRegistry/REGISTRIES]: Registry minecraft:mob_effect Sync: VANILLA -> ACTIVE
[062月2026 20:51:24.674] [main/DEBUG] [net.minecraftforge.registries.ForgeRegistry/REGISTRIES]: Registry minecraft:sound_event Sync: VANILLA -> ACTIVE
[062月2026 20:51:24.791] [main/DEBUG] [net.minecraftforge.registries.ForgeRegistry/REGISTRIES]: Registry minecraft:potion Sync: VANILLA -> ACTIVE
[062月2026 20:51:24.793] [main/DEBUG] [net.minecraftforge.registries.ForgeRegistry/REGISTRIES]: Registry minecraft:enchantment Sync: VANILLA -> ACTIVE
[062月2026 20:51:24.793] [main/DEBUG] [net.minecraftforge.registries.ForgeRegistry/REGISTRIES]: Registry minecraft:entity_type Sync: VANILLA -> ACTIVE
[062月2026 20:51:24.794] [main/DEBUG] [net.minecraftforge.registries.ForgeRegistry/REGISTRIES]: Registry minecraft:block_entity_type Sync: VANILLA -> ACTIVE
[062月2026 20:51:24.795] [main/DEBUG] [net.minecraftforge.registries.ForgeRegistry/REGISTRIES]: Registry minecraft:particle_type Sync: VANILLA -> ACTIVE
[062月2026 20:51:24.840] [main/DEBUG] [net.minecraftforge.registries.ForgeRegistry/REGISTRIES]: Registry minecraft:menu Sync: VANILLA -> ACTIVE
[062月2026 20:51:24.842] [main/DEBUG] [net.minecraftforge.registries.ForgeRegistry/REGISTRIES]: Registry minecraft:painting_variant Sync: VANILLA -> ACTIVE
[062月2026 20:51:24.843] [main/DEBUG] [net.minecraftforge.registries.ForgeRegistry/REGISTRIES]: Registry minecraft:recipe_type Sync: VANILLA -> ACTIVE
[062月2026 20:51:24.845] [main/DEBUG] [net.minecraftforge.registries.ForgeRegistry/REGISTRIES]: Registry minecraft:recipe_serializer Sync: VANILLA -> ACTIVE
[062月2026 20:51:24.845] [main/DEBUG] [net.minecraftforge.registries.ForgeRegistry/REGISTRIES]: Registry minecraft:attribute Sync: VANILLA -> ACTIVE
[062月2026 20:51:24.846] [main/DEBUG] [net.minecraftforge.registries.ForgeRegistry/REGISTRIES]: Registry minecraft:stat_type Sync: VANILLA -> ACTIVE
[062月2026 20:51:24.847] [main/DEBUG] [net.minecraftforge.registries.ForgeRegistry/REGISTRIES]: Registry minecraft:command_argument_type Sync: VANILLA -> ACTIVE
[062月2026 20:51:24.849] [main/DEBUG] [net.minecraftforge.registries.ForgeRegistry/REGISTRIES]: Registry minecraft:villager_profession Sync: VANILLA -> ACTIVE
[062月2026 20:51:24.854] [main/DEBUG] [net.minecraftforge.registries.ForgeRegistry/REGISTRIES]: Registry minecraft:point_of_interest_type Sync: VANILLA -> ACTIVE
[062月2026 20:51:24.914] [main/DEBUG] [net.minecraftforge.registries.ForgeRegistry/REGISTRIES]: Registry minecraft:memory_module_type Sync: VANILLA -> ACTIVE
[062月2026 20:51:24.922] [main/DEBUG] [net.minecraftforge.registries.ForgeRegistry/REGISTRIES]: Registry minecraft:sensor_type Sync: VANILLA -> ACTIVE
[062月2026 20:51:24.924] [main/DEBUG] [net.minecraftforge.registries.ForgeRegistry/REGISTRIES]: Registry minecraft:schedule Sync: VANILLA -> ACTIVE
[062月2026 20:51:24.925] [main/DEBUG] [net.minecraftforge.registries.ForgeRegistry/REGISTRIES]: Registry minecraft:activity Sync: VANILLA -> ACTIVE
[062月2026 20:51:24.927] [main/DEBUG] [net.minecraftforge.registries.ForgeRegistry/REGISTRIES]: Registry minecraft:worldgen/carver Sync: VANILLA -> ACTIVE
[062月2026 20:51:24.927] [main/DEBUG] [net.minecraftforge.registries.ForgeRegistry/REGISTRIES]: Registry minecraft:worldgen/feature Sync: VANILLA -> ACTIVE
[062月2026 20:51:24.927] [main/DEBUG] [net.minecraftforge.registries.ForgeRegistry/REGISTRIES]: Registry minecraft:chunk_status Sync: VANILLA -> ACTIVE
[062月2026 20:51:24.927] [main/DEBUG] [net.minecraftforge.registries.ForgeRegistry/REGISTRIES]: Registry minecraft:worldgen/block_state_provider_type Sync: VANILLA -> ACTIVE
[062月2026 20:51:24.928] [main/DEBUG] [net.minecraftforge.registries.ForgeRegistry/REGISTRIES]: Registry minecraft:worldgen/foliage_placer_type Sync: VANILLA -> ACTIVE
[062月2026 20:51:24.928] [main/DEBUG] [net.minecraftforge.registries.ForgeRegistry/REGISTRIES]: Registry minecraft:worldgen/tree_decorator_type Sync: VANILLA -> ACTIVE
[062月2026 20:51:24.929] [main/DEBUG] [net.minecraftforge.registries.ForgeRegistry/REGISTRIES]: Registry minecraft:worldgen/biome Sync: VANILLA -> ACTIVE
[062月2026 20:51:24.967] [main/DEBUG] [net.minecraftforge.registries.GameData/REGISTRIES]: Vanilla freeze snapshot created
[062月2026 20:51:25.195] [main/DEBUG] [io.netty.util.internal.PlatformDependent0/]: -Dio.netty.noUnsafe: false
[062月2026 20:51:25.197] [main/DEBUG] [io.netty.util.internal.PlatformDependent0/]: Java version: 17
[062月2026 20:51:25.250] [main/DEBUG] [io.netty.util.internal.PlatformDependent0/]: sun.misc.Unsafe.theUnsafe: available
[062月2026 20:51:25.261] [main/DEBUG] [io.netty.util.internal.PlatformDependent0/]: sun.misc.Unsafe.copyMemory: available
[062月2026 20:51:25.264] [main/DEBUG] [io.netty.util.internal.PlatformDependent0/]: sun.misc.Unsafe.storeFence: available
[062月2026 20:51:25.268] [main/DEBUG] [io.netty.util.internal.PlatformDependent0/]: java.nio.Buffer.address: available
[062月2026 20:51:25.278] [main/DEBUG] [io.netty.util.internal.PlatformDependent0/]: direct buffer constructor: unavailable
java.lang.UnsupportedOperationException: Reflective setAccessible(true) disabled
	at io.netty.util.internal.ReflectionUtil.trySetAccessible(ReflectionUtil.java:31) ~[netty-common-4.1.82.Final.jar:4.1.82.Final]
	at io.netty.util.internal.PlatformDependent0$5.run(PlatformDependent0.java:288) ~[netty-common-4.1.82.Final.jar:4.1.82.Final]
	at java.security.AccessController.doPrivileged(AccessController.java:318) ~[?:?]
	at io.netty.util.internal.PlatformDependent0.<clinit>(PlatformDependent0.java:282) ~[netty-common-4.1.82.Final.jar:4.1.82.Final]
	at io.netty.util.internal.PlatformDependent.isAndroid(PlatformDependent.java:333) ~[netty-common-4.1.82.Final.jar:4.1.82.Final]
	at io.netty.util.internal.PlatformDependent.<clinit>(PlatformDependent.java:88) ~[netty-common-4.1.82.Final.jar:4.1.82.Final]
	at io.netty.util.ConstantPool.<init>(ConstantPool.java:34) ~[netty-common-4.1.82.Final.jar:4.1.82.Final]
	at io.netty.util.AttributeKey$1.<init>(AttributeKey.java:27) ~[netty-common-4.1.82.Final.jar:4.1.82.Final]
	at io.netty.util.AttributeKey.<clinit>(AttributeKey.java:27) ~[netty-common-4.1.82.Final.jar:4.1.82.Final]
	at net.minecraftforge.network.NetworkConstants.<clinit>(NetworkConstants.java:34) ~[forge-1.20.1-47.4.0_mapped_official_1.20.1-recomp.jar:?]
	at net.minecraftforge.network.NetworkHooks.init(NetworkHooks.java:52) ~[forge-1.20.1-47.4.0_mapped_official_1.20.1-recomp.jar:?]
	at net.minecraft.server.Bootstrap.bootStrap(Bootstrap.java:62) ~[forge-1.20.1-47.4.0_mapped_official_1.20.1-recomp.jar:?]
	at net.minecraftforge.data.loading.DatagenModLoader.begin(DatagenModLoader.java:42) ~[forge-1.20.1-47.4.0_mapped_official_1.20.1-recomp.jar:?]
	at net.minecraft.data.Main.main(Main.java:90) ~[forge-1.20.1-47.4.0_mapped_official_1.20.1-recomp.jar:?]
	at jdk.internal.reflect.NativeMethodAccessorImpl.invoke0(Native Method) ~[?:?]
	at jdk.internal.reflect.NativeMethodAccessorImpl.invoke(NativeMethodAccessorImpl.java:77) ~[?:?]
	at jdk.internal.reflect.DelegatingMethodAccessorImpl.invoke(DelegatingMethodAccessorImpl.java:43) ~[?:?]
	at java.lang.reflect.Method.invoke(Method.java:569) ~[?:?]
	at net.minecraftforge.fml.loading.targets.CommonLaunchHandler.runTarget(CommonLaunchHandler.java:111) ~[fmlloader-1.20.1-47.4.0.jar:?]
	at net.minecraftforge.fml.loading.targets.CommonLaunchHandler.dataService(CommonLaunchHandler.java:107) ~[fmlloader-1.20.1-47.4.0.jar:?]
	at net.minecraftforge.fml.loading.targets.ForgeDataUserdevLaunchHandler.devService(ForgeDataUserdevLaunchHandler.java:22) ~[fmlloader-1.20.1-47.4.0.jar:?]
	at net.minecraftforge.fml.loading.targets.CommonDevLaunchHandler.lambda$makeService$7(CommonDevLaunchHandler.java:135) ~[fmlloader-1.20.1-47.4.0.jar:?]
	at cpw.mods.modlauncher.LaunchServiceHandlerDecorator.launch(LaunchServiceHandlerDecorator.java:30) ~[modlauncher-10.0.9.jar:?]
	at cpw.mods.modlauncher.LaunchServiceHandler.launch(LaunchServiceHandler.java:53) ~[modlauncher-10.0.9.jar:?]
	at cpw.mods.modlauncher.LaunchServiceHandler.launch(LaunchServiceHandler.java:71) ~[modlauncher-10.0.9.jar:?]
	at cpw.mods.modlauncher.Launcher.run(Launcher.java:108) ~[modlauncher-10.0.9.jar:?]
	at cpw.mods.modlauncher.Launcher.main(Launcher.java:78) ~[modlauncher-10.0.9.jar:?]
	at cpw.mods.modlauncher.BootstrapLaunchConsumer.accept(BootstrapLaunchConsumer.java:26) ~[modlauncher-10.0.9.jar:?]
	at cpw.mods.modlauncher.BootstrapLaunchConsumer.accept(BootstrapLaunchConsumer.java:23) ~[modlauncher-10.0.9.jar:?]
	at cpw.mods.bootstraplauncher.BootstrapLauncher.main(BootstrapLauncher.java:141) ~[bootstraplauncher-1.1.2.jar:?]
[062月2026 20:51:25.597] [main/DEBUG] [io.netty.util.internal.PlatformDependent0/]: java.nio.Bits.unaligned: available, true
[062月2026 20:51:25.606] [main/DEBUG] [io.netty.util.internal.PlatformDependent0/]: jdk.internal.misc.Unsafe.allocateUninitializedArray(int): unavailable
java.lang.IllegalAccessException: class io.netty.util.internal.PlatformDependent0$7 (in module io.netty.common) cannot access class jdk.internal.misc.Unsafe (in module java.base) because module java.base does not export jdk.internal.misc to module io.netty.common
	at jdk.internal.reflect.Reflection.newIllegalAccessException(Reflection.java:392) ~[?:?]
	at java.lang.reflect.AccessibleObject.checkAccess(AccessibleObject.java:674) ~[?:?]
	at java.lang.reflect.Method.invoke(Method.java:561) ~[?:?]
	at io.netty.util.internal.PlatformDependent0$7.run(PlatformDependent0.java:410) ~[netty-common-4.1.82.Final.jar:4.1.82.Final]
	at java.security.AccessController.doPrivileged(AccessController.java:318) ~[?:?]
	at io.netty.util.internal.PlatformDependent0.<clinit>(PlatformDependent0.java:401) ~[netty-common-4.1.82.Final.jar:4.1.82.Final]
	at io.netty.util.internal.PlatformDependent.isAndroid(PlatformDependent.java:333) ~[netty-common-4.1.82.Final.jar:4.1.82.Final]
	at io.netty.util.internal.PlatformDependent.<clinit>(PlatformDependent.java:88) ~[netty-common-4.1.82.Final.jar:4.1.82.Final]
	at io.netty.util.ConstantPool.<init>(ConstantPool.java:34) ~[netty-common-4.1.82.Final.jar:4.1.82.Final]
	at io.netty.util.AttributeKey$1.<init>(AttributeKey.java:27) ~[netty-common-4.1.82.Final.jar:4.1.82.Final]
	at io.netty.util.AttributeKey.<clinit>(AttributeKey.java:27) ~[netty-common-4.1.82.Final.jar:4.1.82.Final]
	at net.minecraftforge.network.NetworkConstants.<clinit>(NetworkConstants.java:34) ~[forge-1.20.1-47.4.0_mapped_official_1.20.1-recomp.jar:?]
	at net.minecraftforge.network.NetworkHooks.init(NetworkHooks.java:52) ~[forge-1.20.1-47.4.0_mapped_official_1.20.1-recomp.jar:?]
	at net.minecraft.server.Bootstrap.bootStrap(Bootstrap.java:62) ~[forge-1.20.1-47.4.0_mapped_official_1.20.1-recomp.jar:?]
	at net.minecraftforge.data.loading.DatagenModLoader.begin(DatagenModLoader.java:42) ~[forge-1.20.1-47.4.0_mapped_official_1.20.1-recomp.jar:?]
	at net.minecraft.data.Main.main(Main.java:90) ~[forge-1.20.1-47.4.0_mapped_official_1.20.1-recomp.jar:?]
	at jdk.internal.reflect.NativeMethodAccessorImpl.invoke0(Native Method) ~[?:?]
	at jdk.internal.reflect.NativeMethodAccessorImpl.invoke(NativeMethodAccessorImpl.java:77) ~[?:?]
	at jdk.internal.reflect.DelegatingMethodAccessorImpl.invoke(DelegatingMethodAccessorImpl.java:43) ~[?:?]
	at java.lang.reflect.Method.invoke(Method.java:569) ~[?:?]
	at net.minecraftforge.fml.loading.targets.CommonLaunchHandler.runTarget(CommonLaunchHandler.java:111) ~[fmlloader-1.20.1-47.4.0.jar:?]
	at net.minecraftforge.fml.loading.targets.CommonLaunchHandler.dataService(CommonLaunchHandler.java:107) ~[fmlloader-1.20.1-47.4.0.jar:?]
	at net.minecraftforge.fml.loading.targets.ForgeDataUserdevLaunchHandler.devService(ForgeDataUserdevLaunchHandler.java:22) ~[fmlloader-1.20.1-47.4.0.jar:?]
	at net.minecraftforge.fml.loading.targets.CommonDevLaunchHandler.lambda$makeService$7(CommonDevLaunchHandler.java:135) ~[fmlloader-1.20.1-47.4.0.jar:?]
	at cpw.mods.modlauncher.LaunchServiceHandlerDecorator.launch(LaunchServiceHandlerDecorator.java:30) ~[modlauncher-10.0.9.jar:?]
	at cpw.mods.modlauncher.LaunchServiceHandler.launch(LaunchServiceHandler.java:53) ~[modlauncher-10.0.9.jar:?]
	at cpw.mods.modlauncher.LaunchServiceHandler.launch(LaunchServiceHandler.java:71) ~[modlauncher-10.0.9.jar:?]
	at cpw.mods.modlauncher.Launcher.run(Launcher.java:108) ~[modlauncher-10.0.9.jar:?]
	at cpw.mods.modlauncher.Launcher.main(Launcher.java:78) ~[modlauncher-10.0.9.jar:?]
	at cpw.mods.modlauncher.BootstrapLaunchConsumer.accept(BootstrapLaunchConsumer.java:26) ~[modlauncher-10.0.9.jar:?]
	at cpw.mods.modlauncher.BootstrapLaunchConsumer.accept(BootstrapLaunchConsumer.java:23) ~[modlauncher-10.0.9.jar:?]
	at cpw.mods.bootstraplauncher.BootstrapLauncher.main(BootstrapLauncher.java:141) ~[bootstraplauncher-1.1.2.jar:?]
[062月2026 20:51:25.624] [main/DEBUG] [io.netty.util.internal.PlatformDependent0/]: java.nio.DirectByteBuffer.<init>(long, int): unavailable
[062月2026 20:51:25.624] [main/DEBUG] [io.netty.util.internal.PlatformDependent/]: sun.misc.Unsafe: available
[062月2026 20:51:25.689] [main/DEBUG] [io.netty.util.internal.PlatformDependent/]: maxDirectMemory: 2116026368 bytes (maybe)
[062月2026 20:51:25.691] [main/DEBUG] [io.netty.util.internal.PlatformDependent/]: -Dio.netty.tmpdir: C:\Users\lenovo\AppData\Local\Temp (java.io.tmpdir)
[062月2026 20:51:25.691] [main/DEBUG] [io.netty.util.internal.PlatformDependent/]: -Dio.netty.bitMode: 64 (sun.arch.data.model)
[062月2026 20:51:25.692] [main/DEBUG] [io.netty.util.internal.PlatformDependent/]: Platform: Windows
[062月2026 20:51:25.698] [main/DEBUG] [io.netty.util.internal.PlatformDependent/]: -Dio.netty.maxDirectMemory: -1 bytes
[062月2026 20:51:25.699] [main/DEBUG] [io.netty.util.internal.PlatformDependent/]: -Dio.netty.uninitializedArrayAllocationThreshold: -1
[062月2026 20:51:25.707] [main/DEBUG] [io.netty.util.internal.CleanerJava9/]: java.nio.ByteBuffer.cleaner(): available
[062月2026 20:51:25.707] [main/DEBUG] [io.netty.util.internal.PlatformDependent/]: -Dio.netty.noPreferDirect: false
[062月2026 20:51:26.369] [main/DEBUG] [net.minecraftforge.network.NetworkHooks/]: Loading Network data for FML net version: FML3
[062月2026 20:51:26.562] [main/DEBUG] [net.minecraftforge.fml.ModWorkManager/LOADING]: Using 8 threads for parallel mod-loading
[062月2026 20:51:26.626] [main/DEBUG] [net.minecraftforge.fml.javafmlmod.FMLJavaModLanguageProvider/LOADING]: Loading FMLModContainer from classloader cpw.mods.modlauncher.TransformingClassLoader@336d28a1 - got cpw.mods.cl.ModuleClassLoader@3e5beab5
[062月2026 20:51:26.634] [main/DEBUG] [net.minecraftforge.fml.javafmlmod.FMLModContainer/LOADING]: Creating FMLModContainer instance for vectorwing.farmersdelight.FarmersDelight
[062月2026 20:51:26.753] [main/DEBUG] [net.minecraftforge.fml.javafmlmod.FMLJavaModLanguageProvider/LOADING]: Loading FMLModContainer from classloader cpw.mods.modlauncher.TransformingClassLoader@336d28a1 - got cpw.mods.cl.ModuleClassLoader@3e5beab5
[062月2026 20:51:26.756] [main/DEBUG] [net.minecraftforge.fml.javafmlmod.FMLModContainer/LOADING]: Creating FMLModContainer instance for me.jellysquid.mods.lithium.common.LithiumMod
[062月2026 20:51:26.756] [main/DEBUG] [net.minecraftforge.fml.javafmlmod.FMLJavaModLanguageProvider/LOADING]: Loading FMLModContainer from classloader cpw.mods.modlauncher.TransformingClassLoader@336d28a1 - got cpw.mods.cl.ModuleClassLoader@3e5beab5
[062月2026 20:51:26.756] [main/DEBUG] [net.minecraftforge.fml.javafmlmod.FMLModContainer/LOADING]: Creating FMLModContainer instance for dev.latvian.mods.rhino.mod.forge.RhinoModForge
[062月2026 20:51:26.758] [main/DEBUG] [net.minecraftforge.fml.javafmlmod.FMLJavaModLanguageProvider/LOADING]: Loading FMLModContainer from classloader cpw.mods.modlauncher.TransformingClassLoader@336d28a1 - got cpw.mods.cl.ModuleClassLoader@3e5beab5
[062月2026 20:51:26.759] [main/DEBUG] [net.minecraftforge.fml.javafmlmod.FMLModContainer/LOADING]: Creating FMLModContainer instance for cc.xypp.damage_number.DamageNumber
[062月2026 20:51:26.760] [main/DEBUG] [net.minecraftforge.fml.javafmlmod.FMLJavaModLanguageProvider/LOADING]: Loading FMLModContainer from classloader cpw.mods.modlauncher.TransformingClassLoader@336d28a1 - got cpw.mods.cl.ModuleClassLoader@3e5beab5
[062月2026 20:51:26.761] [main/DEBUG] [net.minecraftforge.fml.javafmlmod.FMLModContainer/LOADING]: Creating FMLModContainer instance for net.mehvahdjukaar.moonlight.forge.MoonlightForge
[062月2026 20:51:26.762] [main/DEBUG] [net.minecraftforge.fml.javafmlmod.FMLJavaModLanguageProvider/LOADING]: Loading FMLModContainer from classloader cpw.mods.modlauncher.TransformingClassLoader@336d28a1 - got cpw.mods.cl.ModuleClassLoader@3e5beab5
[062月2026 20:51:26.763] [main/DEBUG] [net.minecraftforge.fml.javafmlmod.FMLModContainer/LOADING]: Creating FMLModContainer instance for com.bmt.kaleidoscope_nether.KaleidoscopeNether
[062月2026 20:51:26.770] [main/DEBUG] [net.minecraftforge.fml.javafmlmod.FMLJavaModLanguageProvider/LOADING]: Loading FMLModContainer from classloader cpw.mods.modlauncher.TransformingClassLoader@336d28a1 - got cpw.mods.cl.ModuleClassLoader@3e5beab5
[062月2026 20:51:26.771] [main/DEBUG] [net.minecraftforge.fml.javafmlmod.FMLModContainer/LOADING]: Creating FMLModContainer instance for com.bawnorton.mixinsquared.platform.forge.MixinSquaredMod
[062月2026 20:51:26.776] [main/DEBUG] [net.minecraftforge.fml.javafmlmod.FMLJavaModLanguageProvider/LOADING]: Loading FMLModContainer from classloader cpw.mods.modlauncher.TransformingClassLoader@336d28a1 - got cpw.mods.cl.ModuleClassLoader@3e5beab5
[062月2026 20:51:26.777] [main/DEBUG] [net.minecraftforge.fml.javafmlmod.FMLModContainer/LOADING]: Creating FMLModContainer instance for snownee.jade.util.CommonProxy
[062月2026 20:51:26.870] [main/DEBUG] [net.minecraftforge.fml.javafmlmod.FMLJavaModLanguageProvider/LOADING]: Loading FMLModContainer from classloader cpw.mods.modlauncher.TransformingClassLoader@336d28a1 - got cpw.mods.cl.ModuleClassLoader@3e5beab5
[062月2026 20:51:26.870] [main/DEBUG] [net.minecraftforge.fml.javafmlmod.FMLModContainer/LOADING]: Creating FMLModContainer instance for mezz.jei.forge.JustEnoughItems
[062月2026 20:51:26.874] [main/DEBUG] [net.minecraftforge.fml.javafmlmod.FMLJavaModLanguageProvider/LOADING]: Loading FMLModContainer from classloader cpw.mods.modlauncher.TransformingClassLoader@336d28a1 - got cpw.mods.cl.ModuleClassLoader@3e5beab5
[062月2026 20:51:26.876] [main/DEBUG] [net.minecraftforge.fml.javafmlmod.FMLModContainer/LOADING]: Creating FMLModContainer instance for com.github.L_Ender.lionfishapi.LionfishAPI
[062月2026 20:51:26.883] [main/DEBUG] [net.minecraftforge.fml.javafmlmod.FMLJavaModLanguageProvider/LOADING]: Loading FMLModContainer from classloader cpw.mods.modlauncher.TransformingClassLoader@336d28a1 - got cpw.mods.cl.ModuleClassLoader@3e5beab5
[062月2026 20:51:26.883] [main/DEBUG] [net.minecraftforge.fml.javafmlmod.FMLModContainer/LOADING]: Creating FMLModContainer instance for com.github.L_Ender.cataclysm.Cataclysm
[062月2026 20:51:26.892] [main/DEBUG] [net.minecraftforge.fml.javafmlmod.FMLJavaModLanguageProvider/LOADING]: Loading FMLModContainer from classloader cpw.mods.modlauncher.TransformingClassLoader@336d28a1 - got cpw.mods.cl.ModuleClassLoader@3e5beab5
[062月2026 20:51:26.893] [main/DEBUG] [net.minecraftforge.fml.javafmlmod.FMLModContainer/LOADING]: Creating FMLModContainer instance for top.theillusivec4.curios.Curios
[062月2026 20:51:26.901] [main/DEBUG] [net.minecraftforge.fml.javafmlmod.FMLJavaModLanguageProvider/LOADING]: Loading FMLModContainer from classloader cpw.mods.modlauncher.TransformingClassLoader@336d28a1 - got cpw.mods.cl.ModuleClassLoader@3e5beab5
[062月2026 20:51:26.903] [main/DEBUG] [net.minecraftforge.fml.javafmlmod.FMLModContainer/LOADING]: Creating FMLModContainer instance for dev.shadowsoffire.placebo.Placebo
[062月2026 20:51:26.958] [main/DEBUG] [net.minecraftforge.fml.javafmlmod.FMLJavaModLanguageProvider/LOADING]: Loading FMLModContainer from classloader cpw.mods.modlauncher.TransformingClassLoader@336d28a1 - got cpw.mods.cl.ModuleClassLoader@3e5beab5
[062月2026 20:51:26.959] [main/DEBUG] [net.minecraftforge.fml.javafmlmod.FMLModContainer/LOADING]: Creating FMLModContainer instance for com.github.alexthe666.citadel.Citadel
[062月2026 20:51:26.967] [main/DEBUG] [net.minecraftforge.fml.javafmlmod.FMLJavaModLanguageProvider/LOADING]: Loading FMLModContainer from classloader cpw.mods.modlauncher.TransformingClassLoader@336d28a1 - got cpw.mods.cl.ModuleClassLoader@3e5beab5
[062月2026 20:51:26.968] [main/DEBUG] [net.minecraftforge.fml.javafmlmod.FMLModContainer/LOADING]: Creating FMLModContainer instance for com.github.alexthe666.alexsmobs.AlexsMobs
[062月2026 20:51:26.989] [main/DEBUG] [net.minecraftforge.fml.javafmlmod.FMLJavaModLanguageProvider/LOADING]: Loading FMLModContainer from classloader cpw.mods.modlauncher.TransformingClassLoader@336d28a1 - got cpw.mods.cl.ModuleClassLoader@3e5beab5
[062月2026 20:51:26.992] [main/DEBUG] [net.minecraftforge.fml.javafmlmod.FMLModContainer/LOADING]: Creating FMLModContainer instance for dev.shadowsoffire.attributeslib.AttributesLib
[062月2026 20:51:27.003] [main/DEBUG] [net.minecraftforge.fml.javafmlmod.FMLJavaModLanguageProvider/LOADING]: Loading FMLModContainer from classloader cpw.mods.modlauncher.TransformingClassLoader@336d28a1 - got cpw.mods.cl.ModuleClassLoader@3e5beab5
[062月2026 20:51:27.005] [main/DEBUG] [net.minecraftforge.fml.javafmlmod.FMLModContainer/LOADING]: Creating FMLModContainer instance for dlovin.inventoryhud.InventoryHUD
[062月2026 20:51:27.021] [main/DEBUG] [net.minecraftforge.fml.javafmlmod.FMLJavaModLanguageProvider/LOADING]: Loading FMLModContainer from classloader cpw.mods.modlauncher.TransformingClassLoader@336d28a1 - got cpw.mods.cl.ModuleClassLoader@3e5beab5
[062月2026 20:51:27.022] [main/DEBUG] [net.minecraftforge.fml.javafmlmod.FMLModContainer/LOADING]: Creating FMLModContainer instance for com.bmt.kaleidoscope_end.KaleidoscopeEnd
[062月2026 20:51:27.032] [main/DEBUG] [net.minecraftforge.fml.javafmlmod.FMLJavaModLanguageProvider/LOADING]: Loading FMLModContainer from classloader cpw.mods.modlauncher.TransformingClassLoader@336d28a1 - got cpw.mods.cl.ModuleClassLoader@3e5beab5
[062月2026 20:51:27.034] [main/DEBUG] [net.minecraftforge.fml.javafmlmod.FMLModContainer/LOADING]: Creating FMLModContainer instance for link.infra.screenshotclipboard.ScreenshotToClipboardForge
[062月2026 20:51:27.044] [main/DEBUG] [net.minecraftforge.fml.javafmlmod.FMLJavaModLanguageProvider/LOADING]: Loading FMLModContainer from classloader cpw.mods.modlauncher.TransformingClassLoader@336d28a1 - got cpw.mods.cl.ModuleClassLoader@3e5beab5
[062月2026 20:51:27.044] [main/DEBUG] [net.minecraftforge.fml.javafmlmod.FMLModContainer/LOADING]: Creating FMLModContainer instance for dev.architectury.forge.ArchitecturyForge
[062月2026 20:51:27.049] [main/DEBUG] [net.minecraftforge.fml.javafmlmod.FMLJavaModLanguageProvider/LOADING]: Loading FMLModContainer from classloader cpw.mods.modlauncher.TransformingClassLoader@336d28a1 - got cpw.mods.cl.ModuleClassLoader@3e5beab5
[062月2026 20:51:27.050] [main/DEBUG] [net.minecraftforge.fml.javafmlmod.FMLModContainer/LOADING]: Creating FMLModContainer instance for dev.latvian.mods.kubejs.forge.KubeJSForge
[062月2026 20:51:27.060] [main/DEBUG] [net.minecraftforge.fml.javafmlmod.FMLJavaModLanguageProvider/LOADING]: Loading FMLModContainer from classloader cpw.mods.modlauncher.TransformingClassLoader@336d28a1 - got cpw.mods.cl.ModuleClassLoader@3e5beab5
[062月2026 20:51:27.060] [main/DEBUG] [net.minecraftforge.fml.javafmlmod.FMLModContainer/LOADING]: Creating FMLModContainer instance for li.cil.scannable.common.forge.CommonSetupForge
[062月2026 20:51:27.063] [main/DEBUG] [net.minecraftforge.fml.javafmlmod.FMLJavaModLanguageProvider/LOADING]: Loading FMLModContainer from classloader cpw.mods.modlauncher.TransformingClassLoader@336d28a1 - got cpw.mods.cl.ModuleClassLoader@3e5beab5
[062月2026 20:51:27.087] [main/DEBUG] [net.minecraftforge.fml.javafmlmod.FMLModContainer/LOADING]: Creating FMLModContainer instance for net.mehvahdjukaar.jeed.forge.JeedImpl
[062月2026 20:51:27.095] [main/DEBUG] [net.minecraftforge.fml.javafmlmod.FMLJavaModLanguageProvider/LOADING]: Loading FMLModContainer from classloader cpw.mods.modlauncher.TransformingClassLoader@336d28a1 - got cpw.mods.cl.ModuleClassLoader@3e5beab5
[062月2026 20:51:27.103] [main/DEBUG] [net.minecraftforge.fml.javafmlmod.FMLModContainer/LOADING]: Creating FMLModContainer instance for com.github.ysbbbbbb.kaleidoscopedoll.KaleidoscopeDoll
[062月2026 20:51:27.110] [main/DEBUG] [net.minecraftforge.fml.javafmlmod.FMLJavaModLanguageProvider/LOADING]: Loading FMLModContainer from classloader cpw.mods.modlauncher.TransformingClassLoader@336d28a1 - got cpw.mods.cl.ModuleClassLoader@3e5beab5
[062月2026 20:51:27.111] [main/DEBUG] [net.minecraftforge.fml.javafmlmod.FMLModContainer/LOADING]: Creating FMLModContainer instance for com.github.ysbbbbbb.kaleidoscopecookery.KaleidoscopeCookery
[062月2026 20:51:27.114] [main/DEBUG] [net.minecraftforge.fml.javafmlmod.FMLJavaModLanguageProvider/LOADING]: Loading FMLModContainer from classloader cpw.mods.modlauncher.TransformingClassLoader@336d28a1 - got cpw.mods.cl.ModuleClassLoader@3e5beab5
[062月2026 20:51:27.117] [main/DEBUG] [net.minecraftforge.fml.javafmlmod.FMLModContainer/LOADING]: Creating FMLModContainer instance for net.minecraftforge.common.ForgeMod
[062月2026 20:51:27.129] [main/DEBUG] [net.minecraftforge.fml.javafmlmod.FMLJavaModLanguageProvider/LOADING]: Loading FMLModContainer from classloader cpw.mods.modlauncher.TransformingClassLoader@336d28a1 - got cpw.mods.cl.ModuleClassLoader@3e5beab5
[062月2026 20:51:27.131] [main/DEBUG] [net.minecraftforge.fml.javafmlmod.FMLModContainer/LOADING]: Creating FMLModContainer instance for squeek.appleskin.AppleSkin
[062月2026 20:51:27.138] [main/DEBUG] [net.minecraftforge.fml.javafmlmod.FMLJavaModLanguageProvider/LOADING]: Loading FMLModContainer from classloader cpw.mods.modlauncher.TransformingClassLoader@336d28a1 - got cpw.mods.cl.ModuleClassLoader@3e5beab5
[062月2026 20:51:27.139] [main/DEBUG] [net.minecraftforge.fml.javafmlmod.FMLModContainer/LOADING]: Creating FMLModContainer instance for net.mehvahdjukaar.dummmmmmy.forge.DummmmmmyForge
[062月2026 20:51:27.142] [main/DEBUG] [net.minecraftforge.fml.javafmlmod.FMLJavaModLanguageProvider/LOADING]: Loading FMLModContainer from classloader cpw.mods.modlauncher.TransformingClassLoader@336d28a1 - got cpw.mods.cl.ModuleClassLoader@3e5beab5
[062月2026 20:51:27.142] [main/DEBUG] [net.minecraftforge.fml.javafmlmod.FMLModContainer/LOADING]: Creating FMLModContainer instance for me.jellysquid.mods.sodium.client.SodiumClientMod
[062月2026 20:51:27.152] [main/DEBUG] [net.minecraftforge.fml.javafmlmod.FMLJavaModLanguageProvider/LOADING]: Loading FMLModContainer from classloader cpw.mods.modlauncher.TransformingClassLoader@336d28a1 - got cpw.mods.cl.ModuleClassLoader@3e5beab5
[062月2026 20:51:27.153] [main/DEBUG] [net.minecraftforge.fml.javafmlmod.FMLModContainer/LOADING]: Creating FMLModContainer instance for me.jellysquid.mods.sodium.client.RubidiumStub
[062月2026 20:51:27.368] [modloading-worker-0/DEBUG] [mixin/]: Mixing IngredientsWithChildrenMixin from kubejs-forge.mixins.json into net.minecraftforge.common.crafting.CompoundIngredient
[062月2026 20:51:27.411] [modloading-worker-0/DEBUG] [net.minecraftforge.fml.javafmlmod.AutomaticEventSubscriber/LOADING]: Attempting to inject @EventBusSubscriber classes into the eventbus for radium
[062月2026 20:51:27.540] [modloading-worker-0/DEBUG] [net.minecraftforge.fml.config.ConfigTracker/CONFIG]: Config file damage_number-common.toml for damage_number tracking
[062月2026 20:51:27.541] [modloading-worker-0/DEBUG] [net.minecraftforge.fml.javafmlmod.AutomaticEventSubscriber/LOADING]: Attempting to inject @EventBusSubscriber classes into the eventbus for damage_number
[062月2026 20:51:27.542] [modloading-worker-0/DEBUG] [net.minecraftforge.fml.config.ConfigTracker/CONFIG]: Config file farmersdelight-common.toml for farmersdelight tracking
[062月2026 20:51:27.543] [modloading-worker-0/DEBUG] [net.minecraftforge.fml.config.ConfigTracker/CONFIG]: Config file farmersdelight-client.toml for farmersdelight tracking
[062月2026 20:51:27.556] [modloading-worker-0/DEBUG] [net.minecraftforge.fml.javafmlmod.AutomaticEventSubscriber/LOADING]: Auto-subscribing cc.xypp.damage_number.server.ServerEvent$FORGE to FORGE
[062月2026 20:51:27.594] [modloading-worker-0/DEBUG] [mixin/]: Mixing MixinLevelEvent from architectury.mixins.json into net.minecraftforge.event.level.LevelEvent
[062月2026 20:51:27.678] [modloading-worker-0/DEBUG] [net.minecraftforge.fml.javafmlmod.AutomaticEventSubscriber/LOADING]: Attempting to inject @EventBusSubscriber classes into the eventbus for rhino
[062月2026 20:51:27.726] [modloading-worker-0/DEBUG] [net.minecraftforge.fml.javafmlmod.AutomaticEventSubscriber/LOADING]: Auto-subscribing cc.xypp.damage_number.client.ClientEvent$MC to MOD
[062月2026 20:51:27.752] [modloading-worker-0/DEBUG] [mixin/]: Mixing OptionsMixin from kubejs-common.mixins.json into net.minecraft.client.Options
[062月2026 20:51:27.896] [modloading-worker-0/DEBUG] [net.minecraftforge.fml.config.ConfigTracker/CONFIG]: Config file moonlight-common.toml for moonlight tracking
[062月2026 20:51:27.906] [modloading-worker-0/DEBUG] [net.minecraftforge.fml.javafmlmod.AutomaticEventSubscriber/LOADING]: Auto-subscribing cc.xypp.damage_number.client.ClientEvent$FM to FORGE
[062月2026 20:51:27.921] [modloading-worker-0/DEBUG] [mixin/]: Mixing ScreenMixin from kubejs-common.mixins.json into net.minecraft.client.gui.screens.Screen
[062月2026 20:51:28.117] [modloading-worker-0/DEBUG] [net.minecraftforge.fml.javafmlmod.AutomaticEventSubscriber/LOADING]: Auto-subscribing cc.xypp.damage_number.DamageTypeConfig to MOD
[062月2026 20:51:28.152] [modloading-worker-0/DEBUG] [net.minecraftforge.fml.javafmlmod.AutomaticEventSubscriber/LOADING]: Auto-subscribing cc.xypp.damage_number.Config to MOD
[062月2026 20:51:28.155] [modloading-worker-0/DEBUG] [net.minecraftforge.fml.javafmlmod.AutomaticEventSubscriber/LOADING]: Attempting to inject @EventBusSubscriber classes into the eventbus for mixinsquared
[062月2026 20:51:29.761] [modloading-worker-0/DEBUG] [mixin/]: Mixing kaleidoscope_end.LocalPlayerMixin from mixins.kaleidoscope_end.json into net.minecraft.client.player.LocalPlayer
[062月2026 20:51:29.767] [modloading-worker-0/DEBUG] [mixin/]: Mixing CanvasSignEditScreenMixin from farmersdelight.mixins.json into net.minecraft.client.player.LocalPlayer
[062月2026 20:51:29.783] [modloading-worker-0/DEBUG] [mixin/]: Mixing LocalPlayerMixin from kubejs-common.mixins.json into net.minecraft.client.player.LocalPlayer
[062月2026 20:51:29.902] [modloading-worker-0/DEBUG] [net.minecraftforge.fml.config.ConfigTracker/CONFIG]: Config file jei-server.toml for jei tracking
[062月2026 20:51:29.947] [modloading-worker-0/DEBUG] [mixin/]: Mixing MinecraftServerMixin from moonlight.mixins.json into net.minecraft.server.MinecraftServer
[062月2026 20:51:29.973] [modloading-worker-0/DEBUG] [mixin/]: Mixing MinecraftServerMixin from citadel.mixins.json into net.minecraft.server.MinecraftServer
[062月2026 20:51:29.981] [modloading-worker-0/DEBUG] [mixin/]: Mixing MinecraftServerMixin from kubejs-common.mixins.json into net.minecraft.server.MinecraftServer
[062月2026 20:51:30.004] [modloading-worker-0/DEBUG] [mixin/]: Renaming synthetic method lambda$kjs$endResourceReload$1()V to md9cde08$lambda$kjs$endResourceReload$1$0 in kubejs-common.mixins.json:MinecraftServerMixin
[062月2026 20:51:30.006] [modloading-worker-0/DEBUG] [mixin/]: Renaming synthetic method lambda$kjs$init$0()V to md9cde08$lambda$kjs$init$0$1 in kubejs-common.mixins.json:MinecraftServerMixin
[062月2026 20:51:30.037] [modloading-worker-0/DEBUG] [mixin/]: Mixing inject_resources.MinecraftServerMixin from kubejs-common.mixins.json into net.minecraft.server.MinecraftServer
[062月2026 20:51:30.346] [modloading-worker-0/DEBUG] [net.minecraftforge.coremod.transformer.CoreModBaseTransformer/COREMOD]: Transforming net/minecraft/world/level/levelgen/PhantomSpawner
[062月2026 20:51:30.388] [modloading-worker-0/DEBUG] [net.minecraftforge.coremod.transformer.CoreModBaseTransformer/COREMOD]: Transforming net/minecraft/world/level/levelgen/PatrolSpawner
[062月2026 20:51:30.397] [modloading-worker-0/DEBUG] [net.minecraftforge.coremod.transformer.CoreModBaseTransformer/COREMOD]: Transforming net/minecraft/world/entity/npc/CatSpawner
[062月2026 20:51:30.465] [modloading-worker-0/DEBUG] [net.minecraftforge.coremod.transformer.CoreModBaseTransformer/COREMOD]: Transforming net/minecraft/world/entity/ai/village/VillageSiege
[062月2026 20:51:30.788] [modloading-worker-0/DEBUG] [mixin/]: Mixing client.AbstractClientPlayerMixin from citadel.mixins.json into net.minecraft.client.player.AbstractClientPlayer
[062月2026 20:51:30.827] [modloading-worker-0/DEBUG] [mixin/]: Mixing AbstractClientPlayerMixin from kubejs-common.mixins.json into net.minecraft.client.player.AbstractClientPlayer
[062月2026 20:51:30.939] [modloading-worker-0/DEBUG] [mixin/]: Mixing features.render.entity.cull.EntityRendererMixin from embeddium.mixins.json into net.minecraft.client.renderer.entity.EntityRenderer
[062月2026 20:51:31.263] [modloading-worker-0/DEBUG] [net.minecraftforge.fml.javafmlmod.AutomaticEventSubscriber/LOADING]: Attempting to inject @EventBusSubscriber classes into the eventbus for lionfishapi
[062月2026 20:51:31.264] [modloading-worker-0/DEBUG] [net.minecraftforge.fml.javafmlmod.AutomaticEventSubscriber/LOADING]: Auto-subscribing com.github.L_Ender.lionfishapi.LionfishAPI to FORGE
[062月2026 20:51:31.264] [modloading-worker-0/DEBUG] [net.minecraftforge.fml.javafmlmod.AutomaticEventSubscriber/LOADING]: Auto-subscribing com.github.L_Ender.lionfishapi.CommonProxy to MOD
[062月2026 20:51:31.265] [modloading-worker-0/DEBUG] [net.minecraftforge.fml.javafmlmod.AutomaticEventSubscriber/LOADING]: Auto-subscribing com.github.L_Ender.lionfishapi.ClientProxy to FORGE
[062月2026 20:51:31.508] [modloading-worker-0/DEBUG] [mixin/]: Mixing WindowMixin from kubejs-common.mixins.json into com.mojang.blaze3d.platform.Window
[062月2026 20:51:31.509] [modloading-worker-0/DEBUG] [mixin/]: Mixing workarounds.context_creation.WindowMixin from embeddium.mixins.json into com.mojang.blaze3d.platform.Window
[062月2026 20:51:32.042] [modloading-worker-0/DEBUG] [mixin/]: Mixing features.textures.animations.tracking.DrawContextMixin from embeddium.mixins.json into net.minecraft.client.gui.GuiGraphics
[062月2026 20:51:32.198] [modloading-worker-0/DEBUG] [net.minecraftforge.fml.config.ConfigTracker/CONFIG]: Config file cataclysm.toml for cataclysm tracking
[062月2026 20:51:32.388] [modloading-worker-0/DEBUG] [net.minecraftforge.fml.javafmlmod.AutomaticEventSubscriber/LOADING]: Attempting to inject @EventBusSubscriber classes into the eventbus for placebo
[062月2026 20:51:32.389] [modloading-worker-0/DEBUG] [net.minecraftforge.fml.javafmlmod.AutomaticEventSubscriber/LOADING]: Auto-subscribing dev.shadowsoffire.placebo.util.PlaceboTaskQueue to FORGE
[062月2026 20:51:32.392] [modloading-worker-0/DEBUG] [mixin/]: Mixing ReloadableServerResourcesMixin from moonlight-common.mixins.json into net.minecraft.server.ReloadableServerResources
[062月2026 20:51:32.393] [modloading-worker-0/DEBUG] [mixin/]: Mixing ServerResourcesMixin from placebo.mixins.json into net.minecraft.server.ReloadableServerResources
[062月2026 20:51:32.395] [modloading-worker-0/DEBUG] [mixin/]: Mixing ReloadableServerResourcesMixin from kubejs-common.mixins.json into net.minecraft.server.ReloadableServerResources
[062月2026 20:51:32.548] [modloading-worker-0/DEBUG] [net.minecraftforge.fml.javafmlmod.AutomaticEventSubscriber/LOADING]: Auto-subscribing dev.shadowsoffire.placebo.patreon.PatreonPreview to FORGE
[062月2026 20:51:32.551] [modloading-worker-0/DEBUG] [net.minecraftforge.fml.javafmlmod.AutomaticEventSubscriber/LOADING]: Auto-subscribing dev.shadowsoffire.placebo.PlaceboClient to MOD
[062月2026 20:51:32.578] [modloading-worker-0/DEBUG] [net.minecraftforge.fml.config.ConfigTracker/CONFIG]: Config file curios-client.toml for curios tracking
[062月2026 20:51:32.599] [modloading-worker-0/DEBUG] [net.minecraftforge.fml.config.ConfigTracker/CONFIG]: Config file curios-common.toml for curios tracking
[062月2026 20:51:32.599] [modloading-worker-0/DEBUG] [net.minecraftforge.fml.config.ConfigTracker/CONFIG]: Config file curios-server.toml for curios tracking
[062月2026 20:51:32.599] [modloading-worker-0/DEBUG] [net.minecraftforge.fml.javafmlmod.AutomaticEventSubscriber/LOADING]: Attempting to inject @EventBusSubscriber classes into the eventbus for curios
[062月2026 20:51:32.603] [modloading-worker-0/DEBUG] [net.minecraftforge.fml.javafmlmod.AutomaticEventSubscriber/LOADING]: Auto-subscribing top.theillusivec4.curios.Curios$ClientProxy to MOD
[062月2026 20:51:32.619] [modloading-worker-0/DEBUG] [mixin/]: Mixing client.LivingEntityRendererMixin from citadel.mixins.json into net.minecraft.client.renderer.entity.LivingEntityRenderer
[062月2026 20:51:32.690] [modloading-worker-0/DEBUG] [mixin/]: Mixing ReloadableClientResourcesMixin from moonlight-common.mixins.json into net.minecraft.server.packs.resources.ReloadableResourceManager
[062月2026 20:51:32.691] [modloading-worker-0/DEBUG] [mixin/]: Renaming synthetic method lambda$moonlight$clientDynamicPackEarlyReload$0(Lcom/llamalad7/mixinextras/injector/wrapoperation/Operation;Lnet/minecraft/server/packs/resources/ResourceManager;Ljava/util/List;Ljava/util/concurrent/Executor;Ljava/util/concurrent/Executor;Ljava/util/concurrent/CompletableFuture;Z)Lnet/minecraft/server/packs/resources/ReloadInstance; to md9cde08$lambda$moonlight$clientDynamicPackEarlyReload$0$0 in moonlight-common.mixins.json:ReloadableClientResourcesMixin
[062月2026 20:51:32.751] [modloading-worker-0/DEBUG] [net.minecraftforge.fml.config.ConfigTracker/CONFIG]: Config file kaleidoscope_nether-common.toml for kaleidoscope_nether tracking
[062月2026 20:51:32.863] [modloading-worker-0/DEBUG] [net.minecraftforge.fml.javafmlmod.AutomaticEventSubscriber/LOADING]: Attempting to inject @EventBusSubscriber classes into the eventbus for jade
[062月2026 20:51:32.939] [modloading-worker-0/DEBUG] [net.minecraftforge.fml.javafmlmod.AutomaticEventSubscriber/LOADING]: Attempting to inject @EventBusSubscriber classes into the eventbus for farmersdelight
[062月2026 20:51:32.939] [modloading-worker-0/DEBUG] [net.minecraftforge.fml.javafmlmod.AutomaticEventSubscriber/LOADING]: Auto-subscribing vectorwing.farmersdelight.data.DataGenerators to MOD
[062月2026 20:51:32.986] [modloading-worker-0/DEBUG] [net.minecraftforge.fml.javafmlmod.AutomaticEventSubscriber/LOADING]: Auto-subscribing vectorwing.farmersdelight.common.item.SkilletItem$SkilletEvents to FORGE
[062月2026 20:51:32.991] [modloading-worker-0/DEBUG] [net.minecraftforge.fml.javafmlmod.AutomaticEventSubscriber/LOADING]: Auto-subscribing vectorwing.farmersdelight.common.item.KnifeItem$KnifeEvents to FORGE
[062月2026 20:51:33.129] [modloading-worker-0/DEBUG] [net.minecraftforge.fml.javafmlmod.AutomaticEventSubscriber/LOADING]: Auto-subscribing vectorwing.farmersdelight.common.item.HorseFeedItem$HorseFeedEvent to FORGE
[062月2026 20:51:33.138] [modloading-worker-0/DEBUG] [mixin/]: Mixing GameTypeMixin from attributeslib.mixins.json into net.minecraft.world.level.GameType
[062月2026 20:51:33.185] [modloading-worker-0/DEBUG] [net.minecraftforge.fml.javafmlmod.AutomaticEventSubscriber/LOADING]: Auto-subscribing vectorwing.farmersdelight.common.item.enchantment.BackstabbingEnchantment$BackstabbingEvent to FORGE
[062月2026 20:51:33.206] [modloading-worker-0/DEBUG] [net.minecraftforge.fml.javafmlmod.AutomaticEventSubscriber/LOADING]: Auto-subscribing vectorwing.farmersdelight.common.item.DogFoodItem$DogFoodEvent to FORGE
[062月2026 20:51:33.219] [modloading-worker-0/DEBUG] [net.minecraftforge.fml.javafmlmod.AutomaticEventSubscriber/LOADING]: Auto-subscribing vectorwing.farmersdelight.common.event.VillagerEvents to FORGE
[062月2026 20:51:33.241] [modloading-worker-0/DEBUG] [mixin/]: Mixing accessor.CriteriaTriggersAccessor from cataclysm.mixins.json into net.minecraft.advancements.CriteriaTriggers
[062月2026 20:51:33.243] [modloading-worker-0/DEBUG] [mixin/]: Renaming @Accessor method getValues()Ljava/util/Map; to getValues_$md$9cde08$0 in cataclysm.mixins.json:accessor.CriteriaTriggersAccessor
[062月2026 20:51:33.247] [modloading-worker-0/DEBUG] [mezz.jei.common.platform.Services/]: Loaded mezz.jei.forge.platform.PlatformHelper@2c5c8ca7 for service interface mezz.jei.common.platform.IPlatformHelper
[062月2026 20:51:33.303] [modloading-worker-0/DEBUG] [net.minecraftforge.fml.javafmlmod.AutomaticEventSubscriber/LOADING]: Auto-subscribing vectorwing.farmersdelight.common.event.SetupEvents to MOD
[062月2026 20:51:33.361] [modloading-worker-0/DEBUG] [net.minecraftforge.fml.javafmlmod.AutomaticEventSubscriber/LOADING]: Attempting to inject @EventBusSubscriber classes into the eventbus for kaleidoscope_nether
[062月2026 20:51:33.362] [modloading-worker-0/DEBUG] [net.minecraftforge.fml.javafmlmod.AutomaticEventSubscriber/LOADING]: Auto-subscribing com.bmt.kaleidoscope_nether.event.StarBlessingEffectEvents to FORGE
[062月2026 20:51:33.367] [modloading-worker-0/DEBUG] [net.minecraftforge.fml.javafmlmod.AutomaticEventSubscriber/LOADING]: Auto-subscribing vectorwing.farmersdelight.common.event.MappingEvents to FORGE
[062月2026 20:51:33.378] [modloading-worker-0/DEBUG] [mixin/]: Mixing ButtonAccessor from moonlight.mixins.json into net.minecraft.client.gui.components.Button
[062月2026 20:51:33.407] [modloading-worker-0/DEBUG] [net.minecraftforge.fml.javafmlmod.AutomaticEventSubscriber/LOADING]: Auto-subscribing com.bmt.kaleidoscope_nether.event.ModEvents to FORGE
[062月2026 20:51:33.412] [modloading-worker-0/DEBUG] [net.minecraftforge.fml.javafmlmod.AutomaticEventSubscriber/LOADING]: Auto-subscribing vectorwing.farmersdelight.common.event.CommonEvents to FORGE
[062月2026 20:51:33.640] [modloading-worker-0/DEBUG] [net.minecraftforge.fml.javafmlmod.AutomaticEventSubscriber/LOADING]: Auto-subscribing vectorwing.farmersdelight.common.block.CuttingBoardBlock$ToolCarvingEvent to FORGE
[062月2026 20:51:33.644] [modloading-worker-0/DEBUG] [net.minecraftforge.fml.javafmlmod.AutomaticEventSubscriber/LOADING]: Auto-subscribing com.bmt.kaleidoscope_nether.event.ItemTabEventHandler to MOD
[062月2026 20:51:33.653] [modloading-worker-0/DEBUG] [net.minecraftforge.fml.javafmlmod.AutomaticEventSubscriber/LOADING]: Auto-subscribing vectorwing.farmersdelight.client.event.TooltipEvents to FORGE
[062月2026 20:51:33.691] [modloading-worker-0/DEBUG] [net.minecraftforge.fml.javafmlmod.AutomaticEventSubscriber/LOADING]: Auto-subscribing com.bmt.kaleidoscope_nether.event.DamageEventHandler to FORGE
[062月2026 20:51:33.704] [modloading-worker-0/DEBUG] [net.minecraftforge.fml.javafmlmod.AutomaticEventSubscriber/LOADING]: Auto-subscribing vectorwing.farmersdelight.client.event.ClientSetupEvents to MOD
[062月2026 20:51:33.713] [modloading-worker-0/DEBUG] [net.minecraftforge.fml.javafmlmod.AutomaticEventSubscriber/LOADING]: Auto-subscribing com.bmt.kaleidoscope_nether.event.CreativeTabEventHandler to MOD
[062月2026 20:51:33.809] [modloading-worker-0/DEBUG] [net.minecraftforge.fml.javafmlmod.AutomaticEventSubscriber/LOADING]: Auto-subscribing com.bmt.kaleidoscope_nether.event.AnvilEventHandler to FORGE
[062月2026 20:51:33.925] [modloading-worker-0/DEBUG] [mixin/]: Mixing AttributeInstanceAccessor from attributeslib.mixins.json into net.minecraft.world.entity.ai.attributes.AttributeInstance
[062月2026 20:51:33.976] [modloading-worker-0/DEBUG] [net.minecraftforge.fml.javafmlmod.AutomaticEventSubscriber/LOADING]: Auto-subscribing com.bmt.kaleidoscope_nether.enchantment.LavaWalkerEnchantment to FORGE
[062月2026 20:51:33.993] [modloading-worker-0/DEBUG] [mixin/]: Mixing features.render.world.clouds.WorldRendererMixin from embeddium.mixins.json into net.minecraft.client.renderer.LevelRenderer
[062月2026 20:51:34.001] [modloading-worker-0/DEBUG] [mixin/]: Mixing client.LevelRendererMixin from citadel.mixins.json into net.minecraft.client.renderer.LevelRenderer
[062月2026 20:51:34.022] [modloading-worker-0/DEBUG] [mixin/]: Mixing client.LevelRendererMixin from scannable-common.mixins.json into net.minecraft.client.renderer.LevelRenderer
[062月2026 20:51:34.027] [modloading-worker-0/DEBUG] [mixin/]: Mixing features.options.weather.WorldRendererMixin from embeddium.mixins.json into net.minecraft.client.renderer.LevelRenderer
[062月2026 20:51:34.028] [modloading-worker-0/DEBUG] [mixin/]: Mixing features.render.gui.outlines.WorldRendererMixin from embeddium.mixins.json into net.minecraft.client.renderer.LevelRenderer
[062月2026 20:51:34.466] [modloading-worker-0/DEBUG] [mixin/]: Mixing features.render.world.sky.WorldRendererMixin from embeddium.mixins.json into net.minecraft.client.renderer.LevelRenderer
[062月2026 20:51:34.484] [modloading-worker-0/DEBUG] [mixin/]: Mixing core.render.world.WorldRendererMixin from embeddium.mixins.json into net.minecraft.client.renderer.LevelRenderer
[062月2026 20:51:35.662] [modloading-worker-0/DEBUG] [mixin/]: Mixing features.model.ModelBakeryMixin from embeddium.mixins.json into net.minecraft.client.resources.model.ModelBakery
[062月2026 20:51:35.772] [modloading-worker-0/DEBUG] [net.minecraftforge.coremod.transformer.CoreModBaseTransformer/COREMOD]: Transforming renderEffects with desc (Lnet/minecraft/client/gui/GuiGraphics;II)V
[062月2026 20:51:35.779] [modloading-worker-0/DEBUG] [mixin/]: Mixing core.render.MatrixStackMixin from embeddium.mixins.json into com.mojang.blaze3d.vertex.PoseStack
[062月2026 20:51:35.796] [modloading-worker-0/INFO] [net.minecraftforge.coremod.CoreMod.attributeslib/COREMODLOG]: Patching EffectRenderingInventoryScreen#renderEffects
[062月2026 20:51:35.830] [modloading-worker-0/DEBUG] [mixin/]: Mixing EffectsRenderingInventoryScreenMixin from jeed-common.mixins.json into net.minecraft.client.gui.screens.inventory.EffectRenderingInventoryScreen
[062月2026 20:51:35.878] [modloading-worker-0/DEBUG] [net.minecraftforge.fml.javafmlmod.AutomaticEventSubscriber/LOADING]: Auto-subscribing com.bmt.kaleidoscope_nether.effect.GlowingBuffEffect to FORGE
[062月2026 20:51:35.979] [modloading-worker-0/DEBUG] [mixin/]: Mixing client.AbstractContainerScreenMixin from attributeslib.mixins.json into net.minecraft.client.gui.screens.inventory.AbstractContainerScreen
[062月2026 20:51:36.071] [modloading-worker-0/DEBUG] [mixin/]: Mixing collections.attributes.AttributeContainerMixin from lithium.mixins.json into net.minecraft.world.entity.ai.attributes.AttributeMap
[062月2026 20:51:36.072] [modloading-worker-0/DEBUG] [mixin/]: lithium.mixins.json:collections.attributes.AttributeContainerMixin: Class version 61 required is higher than the class version supported by the current version of Mixin (JAVA_16 supports class version 60)
[062月2026 20:51:36.073] [modloading-worker-0/DEBUG] [mixin/]: Mixing AttributeMapMixin from attributeslib.mixins.json into net.minecraft.world.entity.ai.attributes.AttributeMap
[062月2026 20:51:36.074] [modloading-worker-0/DEBUG] [mixin/]: Renaming synthetic method lambda$setAttributesUpdating$0(Lnet/minecraft/world/entity/ai/attributes/Attribute;Lcom/mojang/datafixers/util/Pair;)V to md9cde08$lambda$setAttributesUpdating$0$0 in attributeslib.mixins.json:AttributeMapMixin
[062月2026 20:51:36.428] [modloading-worker-0/DEBUG] [net.minecraftforge.fml.config.ConfigTracker/CONFIG]: Config file inventoryhud-client.toml for inventoryhud tracking
[062月2026 20:51:36.478] [modloading-worker-0/DEBUG] [mixin/]: Mixing core.render.frustum.FrustumMixin from embeddium.mixins.json into net.minecraft.client.renderer.culling.Frustum
[062月2026 20:51:36.579] [modloading-worker-0/DEBUG] [mixin/]: Mixing MinecraftMixin from moonlight-common.mixins.json into net.minecraft.client.Minecraft
[062月2026 20:51:36.728] [modloading-worker-0/DEBUG] [mixin/]: Mixing MixinMinecraft from architectury.mixins.json into net.minecraft.client.Minecraft
[062月2026 20:51:36.750] [modloading-worker-0/DEBUG] [mixin/]: Mixing MinecraftClientMixin from kubejs-common.mixins.json into net.minecraft.client.Minecraft
[062月2026 20:51:36.753] [modloading-worker-0/DEBUG] [mixin/]: Renaming synthetic method lambda$kjs$endResourceReload$1()V to md9cde08$lambda$kjs$endResourceReload$1$0 in kubejs-common.mixins.json:MinecraftClientMixin
[062月2026 20:51:36.761] [modloading-worker-0/DEBUG] [mixin/]: Renaming synthetic method lambda$kjs$init$0()V to md9cde08$lambda$kjs$init$0$1 in kubejs-common.mixins.json:MinecraftClientMixin
[062月2026 20:51:36.930] [modloading-worker-0/DEBUG] [mixin/]: Mixing core.render.MinecraftAccessor from embeddium.mixins.json into net.minecraft.client.Minecraft
[062月2026 20:51:36.949] [modloading-worker-0/DEBUG] [mixin/]: Mixing core.MinecraftClientMixin from embeddium.mixins.json into net.minecraft.client.Minecraft
[062月2026 20:51:36.951] [modloading-worker-0/DEBUG] [mixin/]: Renaming synthetic method lambda$postInit$0(Lnet/minecraft/client/gui/screens/Screen;)Lnet/minecraft/client/gui/screens/Screen; to md9cde08$lambda$postInit$0$2 in embeddium.mixins.json:core.MinecraftClientMixin
[062月2026 20:51:37.754] [modloading-worker-0/DEBUG] [mixin/]: Mixing kaleidoscope_end.PlayerRendererMixin from mixins.kaleidoscope_end.json into net.minecraft.client.renderer.entity.player.PlayerRenderer
[062月2026 20:51:37.788] [modloading-worker-0/DEBUG] [net.minecraftforge.fml.javafmlmod.AutomaticEventSubscriber/LOADING]: Auto-subscribing com.bmt.kaleidoscope_nether.data.DataMain to MOD
[062月2026 20:51:37.820] [modloading-worker-0/DEBUG] [net.minecraftforge.fml.javafmlmod.AutomaticEventSubscriber/LOADING]: Auto-subscribing com.bmt.kaleidoscope_nether.config.Config to MOD
[062月2026 20:51:37.886] [modloading-worker-0/DEBUG] [net.minecraftforge.fml.javafmlmod.AutomaticEventSubscriber/LOADING]: Attempting to inject @EventBusSubscriber classes into the eventbus for attributeslib
[062月2026 20:51:38.070] [modloading-worker-0/DEBUG] [net.minecraftforge.fml.javafmlmod.AutomaticEventSubscriber/LOADING]: Attempting to inject @EventBusSubscriber classes into the eventbus for inventoryhud
[062月2026 20:51:38.072] [modloading-worker-0/DEBUG] [net.minecraftforge.fml.config.ConfigTracker/CONFIG]: Config file citadel-common.toml for citadel tracking
[062月2026 20:51:38.097] [modloading-worker-0/DEBUG] [mixin/]: Mixing NativeImagePointerAccessor from screenshotclipboard-common.mixins.json into com.mojang.blaze3d.platform.NativeImage
[062月2026 20:51:38.098] [modloading-worker-0/DEBUG] [mixin/]: screenshotclipboard-common.mixins.json:NativeImagePointerAccessor: Class version 61 required is higher than the class version supported by the current version of Mixin (JAVA_8 supports class version 52)
[062月2026 20:51:38.123] [modloading-worker-0/DEBUG] [mixin/]: Mixing features.textures.NativeImageAccessor from embeddium.mixins.json into com.mojang.blaze3d.platform.NativeImage
[062月2026 20:51:38.138] [modloading-worker-0/DEBUG] [mixin/]: Unexpected: Registered method getPointer()J in com.mojang.blaze3d.platform.NativeImage was not merged
[062月2026 20:51:38.247] [modloading-worker-0/DEBUG] [net.minecraftforge.fml.javafmlmod.AutomaticEventSubscriber/LOADING]: Attempting to inject @EventBusSubscriber classes into the eventbus for citadel
[062月2026 20:51:38.261] [modloading-worker-0/DEBUG] [net.minecraftforge.fml.javafmlmod.AutomaticEventSubscriber/LOADING]: Auto-subscribing com.github.alexthe666.citadel.ServerProxy to MOD
[062月2026 20:51:38.271] [modloading-worker-0/DEBUG] [net.minecraftforge.fml.javafmlmod.AutomaticEventSubscriber/LOADING]: Auto-subscribing com.github.alexthe666.citadel.ClientProxy to MOD
[062月2026 20:51:38.753] [modloading-worker-0/DEBUG] [mixin/]: Mixing features.render.world.ClientLevelMixin from embeddium.mixins.json into net.minecraft.client.multiplayer.ClientLevel
[062月2026 20:51:38.756] [modloading-worker-0/DEBUG] [mixin/]: Renaming synthetic method lambda$new$0(Lnet/minecraft/world/level/biome/AmbientParticleSettings;)V to md9cde08$lambda$new$0$0 in embeddium.mixins.json:features.render.world.ClientLevelMixin
[062月2026 20:51:38.845] [modloading-worker-0/DEBUG] [mixin/]: Mixing chunk.entity_class_groups.ClientWorldMixin from lithium.mixins.json into net.minecraft.client.multiplayer.ClientLevel
[062月2026 20:51:38.845] [modloading-worker-0/DEBUG] [mixin/]: lithium.mixins.json:chunk.entity_class_groups.ClientWorldMixin: Class version 61 required is higher than the class version supported by the current version of Mixin (JAVA_16 supports class version 60)
[062月2026 20:51:38.846] [modloading-worker-0/DEBUG] [mixin/]: Mixing client.ClientLevelMixin from citadel.mixins.json into net.minecraft.client.multiplayer.ClientLevel
[062月2026 20:51:38.852] [modloading-worker-0/DEBUG] [mixin/]: Mixing MixinClientLevel from architectury.mixins.json into net.minecraft.client.multiplayer.ClientLevel
[062月2026 20:51:38.854] [modloading-worker-0/DEBUG] [mixin/]: Mixing ClientLevelMixin from kubejs-common.mixins.json into net.minecraft.client.multiplayer.ClientLevel
[062月2026 20:51:38.855] [modloading-worker-0/DEBUG] [mixin/]: Mixing core.world.biome.ClientWorldMixin from embeddium.mixins.json into net.minecraft.client.multiplayer.ClientLevel
[062月2026 20:51:38.859] [modloading-worker-0/DEBUG] [mixin/]: Mixing core.world.map.ClientWorldMixin from embeddium.mixins.json into net.minecraft.client.multiplayer.ClientLevel
[062月2026 20:51:38.874] [modloading-worker-0/DEBUG] [mixin/]: Mixing features.render.world.sky.ClientWorldMixin from embeddium.mixins.json into net.minecraft.client.multiplayer.ClientLevel
[062月2026 20:51:38.875] [modloading-worker-0/DEBUG] [mixin/]: Renaming synthetic method lambda$redirectSampleColor$0(Lnet/minecraft/world/level/Level;III)I to md9cde08$lambda$redirectSampleColor$0$1 in embeddium.mixins.json:features.render.world.sky.ClientWorldMixin
[062月2026 20:51:39.300] [modloading-worker-0/DEBUG] [mixin/]: Mixing features.options.overlays.InGameHudMixin from embeddium.mixins.json into net.minecraft.client.gui.Gui
[062月2026 20:51:39.443] [modloading-worker-0/DEBUG] [mixin/]: Mixing features.render.gui.debug.ForgeGuiMixin from embeddium.mixins.json into net.minecraftforge.client.gui.overlay.ForgeGui
[062月2026 20:51:39.443] [modloading-worker-0/DEBUG] [mixin/]: Renaming synthetic method lambda$renderLinesVanilla$0(Lme/jellysquid/mods/sodium/mixin/features/render/gui/debug/DebugScreenOverlayAccessor;Lnet/minecraft/client/gui/GuiGraphics;Ljava/util/ArrayList;Ljava/util/ArrayList;)V to md9cde08$lambda$renderLinesVanilla$0$0 in embeddium.mixins.json:features.render.gui.debug.ForgeGuiMixin
[062月2026 20:51:39.669] [modloading-worker-0/DEBUG] [net.minecraftforge.fml.config.ConfigTracker/CONFIG]: Config file kaleidoscope_end-common.toml for kaleidoscope_end tracking
[062月2026 20:51:39.672] [modloading-worker-0/INFO] [KubeJS/]: Loaded common.properties
[062月2026 20:51:39.686] [modloading-worker-0/INFO] [KubeJS/]: Loaded dev.properties
[062月2026 20:51:39.848] [modloading-worker-0/INFO] [KubeJS Startup/]: Capturing errors for startup scripts enabled
[062月2026 20:51:39.888] [modloading-worker-0/INFO] [KubeJS/]: Looking for KubeJS plugins...
[062月2026 20:51:39.939] [modloading-worker-0/DEBUG] [mixin/]: Mixing accessor.RecipeManagerAccessor from farmersdelight.mixins.json into net.minecraft.world.item.crafting.RecipeManager
[062月2026 20:51:40.071] [modloading-worker-0/DEBUG] [net.minecraftforge.fml.javafmlmod.AutomaticEventSubscriber/LOADING]: Attempting to inject @EventBusSubscriber classes into the eventbus for kaleidoscope_end
[062月2026 20:51:40.072] [modloading-worker-0/DEBUG] [net.minecraftforge.fml.javafmlmod.AutomaticEventSubscriber/LOADING]: Auto-subscribing com.bmt.kaleidoscope_end.config.Config to MOD
[062月2026 20:51:40.124] [modloading-worker-0/INFO] [KubeJS/]: Found plugin source kubejs
[062月2026 20:51:40.133] [modloading-worker-0/DEBUG] [mixin/]: Mixing RecipeManagerAccessor from kubejs-forge.mixins.json into net.minecraft.world.item.crafting.RecipeManager
[062月2026 20:51:40.183] [modloading-worker-0/DEBUG] [mixin/]: Mixing RecipeManagerMixin from kubejs-common.mixins.json into net.minecraft.world.item.crafting.RecipeManager
[062月2026 20:51:40.444] [modloading-worker-0/DEBUG] [net.minecraftforge.fml.javafmlmod.AutomaticEventSubscriber/LOADING]: Auto-subscribing com.bmt.kaleidoscope_end.data.DataMain to MOD
[062月2026 20:51:40.499] [modloading-worker-0/DEBUG] [net.minecraftforge.fml.javafmlmod.AutomaticEventSubscriber/LOADING]: Auto-subscribing com.bmt.kaleidoscope_end.enchantment.VoidAssaultEnchantment to FORGE
[062月2026 20:51:40.523] [modloading-worker-0/DEBUG] [net.minecraftforge.fml.javafmlmod.AutomaticEventSubscriber/LOADING]: Auto-subscribing com.bmt.kaleidoscope_end.event.CreativeTabEventHandler to MOD
[062月2026 20:51:40.545] [modloading-worker-0/WARN] [KubeJS/]: Plugin dev.latvian.mods.kubejs.integration.forge.gamestages.GameStagesIntegration does not have required mod gamestages loaded, skipping
[062月2026 20:51:40.549] [modloading-worker-0/INFO] [KubeJS/]: Found plugin source kaleidoscope_cookery
[062月2026 20:51:40.552] [modloading-worker-0/DEBUG] [net.minecraftforge.fml.javafmlmod.AutomaticEventSubscriber/LOADING]: Auto-subscribing com.bmt.kaleidoscope_end.event.EndCaterpillarEvent to FORGE
[062月2026 20:51:40.585] [modloading-worker-0/DEBUG] [net.minecraftforge.fml.javafmlmod.AutomaticEventSubscriber/LOADING]: Auto-subscribing com.bmt.kaleidoscope_end.event.EventHandler$GAME to FORGE
[062月2026 20:51:40.586] [modloading-worker-0/DEBUG] [mixin/]: Mixing ConditionHackMixin from moonlight.mixins.json into net.minecraft.server.packs.resources.SimplePreparableReloadListener
[062月2026 20:51:40.590] [modloading-worker-0/INFO] [KubeJS/]: Done in 682.6 ms
[062月2026 20:51:40.796] [modloading-worker-0/DEBUG] [mixin/]: Mixing features.gui.screen.LevelLoadingScreenMixin from embeddium.mixins.json into net.minecraft.client.gui.screens.LevelLoadingScreen
[062月2026 20:51:40.799] [modloading-worker-0/DEBUG] [mixin/]: Renaming synthetic method lambda$renderChunks$0(Lit/unimi/dsi/fastutil/objects/Object2IntMap$Entry;)V to md9cde08$lambda$renderChunks$0$0 in embeddium.mixins.json:features.gui.screen.LevelLoadingScreenMixin
[062月2026 20:51:40.926] [modloading-worker-0/DEBUG] [mixin/]: Mixing LoadingOverlayMixin from kubejs-common.mixins.json into net.minecraft.client.gui.screens.LoadingOverlay
[062月2026 20:51:41.159] [modloading-worker-0/DEBUG] [net.minecraftforge.fml.config.ConfigTracker/CONFIG]: Config file alexsmobs.toml for alexsmobs tracking
[062月2026 20:51:41.204] [modloading-worker-0/DEBUG] [mixin/]: Mixing core.model.colors.ItemColorsMixin from embeddium.mixins.json into net.minecraft.client.color.item.ItemColors
[062月2026 20:51:41.298] [modloading-worker-0/DEBUG] [mixin/]: Mixing core.model.colors.BlockColorsMixin from embeddium.mixins.json into net.minecraft.client.color.block.BlockColors
[062月2026 20:51:41.497] [modloading-worker-0/DEBUG] [mixin/]: Mixing features.textures.animations.tracking.SpriteAtlasTextureMixin from embeddium.mixins.json into net.minecraft.client.renderer.texture.TextureAtlas
[062月2026 20:51:42.244] [modloading-worker-0/DEBUG] [net.minecraftforge.fml.config.ConfigTracker/CONFIG]: Config file scannable-client.toml for scannable tracking
[062月2026 20:51:42.244] [modloading-worker-0/DEBUG] [net.minecraftforge.fml.config.ConfigTracker/CONFIG]: Config file scannable-common.toml for scannable tracking
[062月2026 20:51:42.484] [modloading-worker-0/DEBUG] [mixin/]: Mixing MixinScannerItem from scannable.mixins.json into li.cil.scannable.common.item.ScannerItem
[062月2026 20:51:42.553] [modloading-worker-0/DEBUG] [net.minecraftforge.fml.javafmlmod.AutomaticEventSubscriber/LOADING]: Attempting to inject @EventBusSubscriber classes into the eventbus for alexsmobs
[062月2026 20:51:42.555] [modloading-worker-0/DEBUG] [net.minecraftforge.fml.javafmlmod.AutomaticEventSubscriber/LOADING]: Auto-subscribing com.github.alexthe666.alexsmobs.world.AMWorldRegistry to MOD
[062月2026 20:51:42.648] [modloading-worker-0/DEBUG] [net.minecraftforge.fml.javafmlmod.AutomaticEventSubscriber/LOADING]: Auto-subscribing com.github.alexthe666.alexsmobs.tileentity.AMTileEntityRegistry to MOD
[062月2026 20:51:42.650] [modloading-worker-0/DEBUG] [net.minecraftforge.fml.javafmlmod.AutomaticEventSubscriber/LOADING]: Auto-subscribing com.github.alexthe666.alexsmobs.event.ServerEvents to FORGE
[062月2026 20:51:42.747] [modloading-worker-0/DEBUG] [net.minecraftforge.fml.javafmlmod.AutomaticEventSubscriber/LOADING]: Auto-subscribing com.github.alexthe666.alexsmobs.entity.AMEntityRegistry to MOD
[062月2026 20:51:42.763] [modloading-worker-0/DEBUG] [net.minecraftforge.fml.javafmlmod.AutomaticEventSubscriber/LOADING]: Auto-subscribing com.github.alexthe666.alexsmobs.CommonProxy to MOD
[062月2026 20:51:42.790] [modloading-worker-0/DEBUG] [net.minecraftforge.fml.javafmlmod.AutomaticEventSubscriber/LOADING]: Auto-subscribing com.github.alexthe666.alexsmobs.ClientProxy to FORGE
[062月2026 20:51:42.887] [modloading-worker-0/DEBUG] [net.minecraftforge.fml.javafmlmod.AutomaticEventSubscriber/LOADING]: Auto-subscribing com.github.alexthe666.alexsmobs.AlexsMobs to FORGE
[062月2026 20:51:42.991] [modloading-worker-0/DEBUG] [net.minecraftforge.fml.config.ConfigTracker/CONFIG]: Config file jeed-client.toml for jeed tracking
[062月2026 20:51:43.087] [modloading-worker-0/DEBUG] [net.minecraftforge.fml.config.ConfigTracker/CONFIG]: Config file moonlight-client.toml for moonlight tracking
[062月2026 20:51:43.122] [modloading-worker-0/DEBUG] [net.minecraftforge.fml.javafmlmod.AutomaticEventSubscriber/LOADING]: Attempting to inject @EventBusSubscriber classes into the eventbus for cataclysm
[062月2026 20:51:43.123] [modloading-worker-0/DEBUG] [net.minecraftforge.fml.javafmlmod.AutomaticEventSubscriber/LOADING]: Auto-subscribing com.github.L_Ender.cataclysm.world.CMWorldRegistry to MOD
[062月2026 20:51:43.170] [modloading-worker-0/DEBUG] [net.minecraftforge.fml.javafmlmod.AutomaticEventSubscriber/LOADING]: Auto-subscribing com.github.L_Ender.cataclysm.init.ModEntities to MOD
[062月2026 20:51:43.173] [modloading-worker-0/DEBUG] [net.minecraftforge.fml.javafmlmod.AutomaticEventSubscriber/LOADING]: Auto-subscribing com.github.L_Ender.cataclysm.event.ServerEventHandler to FORGE
[062月2026 20:51:43.175] [modloading-worker-0/DEBUG] [net.minecraftforge.fml.javafmlmod.AutomaticEventSubscriber/LOADING]: Auto-subscribing com.github.L_Ender.cataclysm.CommonProxy to MOD
[062月2026 20:51:43.177] [modloading-worker-0/DEBUG] [net.minecraftforge.fml.javafmlmod.AutomaticEventSubscriber/LOADING]: Auto-subscribing com.github.L_Ender.cataclysm.ClientProxy to FORGE
[062月2026 20:51:43.179] [modloading-worker-0/DEBUG] [net.minecraftforge.fml.javafmlmod.AutomaticEventSubscriber/LOADING]: Auto-subscribing com.github.L_Ender.cataclysm.Cataclysm to FORGE
[062月2026 20:51:43.193] [modloading-worker-0/DEBUG] [net.minecraftforge.fml.javafmlmod.AutomaticEventSubscriber/LOADING]: Attempting to inject @EventBusSubscriber classes into the eventbus for architectury
[062月2026 20:51:43.193] [modloading-worker-0/INFO] [dev.architectury.networking.forge.NetworkManagerImpl/]: Registering S2C receiver with id architectury:sync_ids
[062月2026 20:51:43.194] [modloading-worker-0/DEBUG] [net.minecraftforge.fml.javafmlmod.AutomaticEventSubscriber/LOADING]: Auto-subscribing dev.architectury.registry.level.entity.trade.forge.TradeRegistryImpl to FORGE
[062月2026 20:51:43.196] [modloading-worker-0/DEBUG] [net.minecraftforge.fml.config.ConfigTracker/CONFIG]: Config file kaleidoscope_doll-common.toml for kaleidoscope_doll tracking
[062月2026 20:51:43.210] [modloading-worker-0/INFO] [dev.architectury.networking.forge.NetworkManagerImpl/]: Registering C2S receiver with id architectury:sync_ids
[062月2026 20:51:43.210] [modloading-worker-0/INFO] [dev.architectury.networking.forge.NetworkManagerImpl/]: Registering C2S receiver with id scannable:remove_module_item
[062月2026 20:51:43.212] [modloading-worker-0/DEBUG] [net.minecraftforge.fml.javafmlmod.AutomaticEventSubscriber/LOADING]: Attempting to inject @EventBusSubscriber classes into the eventbus for screenshotclipboard
[062月2026 20:51:43.213] [modloading-worker-0/DEBUG] [net.minecraftforge.fml.javafmlmod.AutomaticEventSubscriber/LOADING]: Auto-subscribing dev.architectury.registry.forge.ReloadListenerRegistryImpl to FORGE
[062月2026 20:51:43.224] [modloading-worker-0/INFO] [dev.architectury.networking.forge.NetworkManagerImpl/]: Registering C2S receiver with id scannable:set_module_item
[062月2026 20:51:43.227] [modloading-worker-0/DEBUG] [net.minecraftforge.fml.config.ConfigTracker/CONFIG]: Config file kaleidoscope_cookery-common.toml for kaleidoscope_cookery tracking
[062月2026 20:51:43.230] [modloading-worker-0/DEBUG] [net.minecraftforge.fml.javafmlmod.AutomaticEventSubscriber/LOADING]: Auto-subscribing dev.architectury.registry.forge.CreativeTabRegistryImpl to MOD
[062月2026 20:51:43.236] [modloading-worker-0/DEBUG] [net.minecraftforge.fml.javafmlmod.AutomaticEventSubscriber/LOADING]: Attempting to inject @EventBusSubscriber classes into the eventbus for jeed
[062月2026 20:51:43.241] [modloading-worker-0/DEBUG] [mixin/]: Mixing kaleidoscope_end.FluidTypeMixin from mixins.kaleidoscope_end.json into net.minecraftforge.fluids.FluidType
[062月2026 20:51:43.346] [modloading-worker-0/DEBUG] [mezz.jei.common.config.file.ConfigSerializer/]: Loading config file: E:\moddig\project\Kaleidoscope-End\1.20.1\run-data\config\jei\jei-debug.ini
[062月2026 20:51:43.417] [modloading-worker-0/DEBUG] [mixin/]: Mixing CropBlockMixin from kubejs-forge.mixins.json into dev.latvian.mods.kubejs.block.custom.BasicCropBlockJS
[062月2026 20:51:43.425] [modloading-worker-0/DEBUG] [net.minecraftforge.fml.javafmlmod.AutomaticEventSubscriber/LOADING]: Auto-subscribing dev.architectury.registry.client.particle.forge.ParticleProviderRegistryImpl to MOD
[062月2026 20:51:43.443] [modloading-worker-0/DEBUG] [mezz.jei.common.config.file.ConfigSerializer/]: Saving config file: E:\moddig\project\Kaleidoscope-End\1.20.1\run-data\config\jei\jei-debug.ini
[062月2026 20:51:43.517] [modloading-worker-0/DEBUG] [net.minecraftforge.fml.javafmlmod.AutomaticEventSubscriber/LOADING]: Auto-subscribing dev.architectury.registry.client.keymappings.forge.KeyMappingRegistryImpl to MOD
[062月2026 20:51:43.632] [modloading-worker-0/DEBUG] [net.minecraftforge.fml.javafmlmod.AutomaticEventSubscriber/LOADING]: Auto-subscribing dev.architectury.networking.forge.NetworkManagerImpl to FORGE
[062月2026 20:51:43.809] [modloading-worker-0/DEBUG] [net.minecraftforge.fml.config.ConfigTracker/CONFIG]: Config file appleskin-client.toml for appleskin tracking
[062月2026 20:51:43.829] [modloading-worker-0/DEBUG] [net.minecraftforge.fml.javafmlmod.AutomaticEventSubscriber/LOADING]: Attempting to inject @EventBusSubscriber classes into the eventbus for appleskin
[062月2026 20:51:43.923] [modloading-worker-0/DEBUG] [mezz.jei.common.config.file.ConfigSerializer/]: Loading config file: E:\moddig\project\Kaleidoscope-End\1.20.1\run-data\config\jei\jei-mod-id-format.ini
[062月2026 20:51:43.929] [modloading-worker-0/DEBUG] [mixin/]: Mixing PlayerListMixin from kubejs-common.mixins.json into net.minecraft.server.players.PlayerList
[062月2026 20:51:44.033] [modloading-worker-0/DEBUG] [mezz.jei.common.config.file.ConfigSerializer/]: Saving config file: E:\moddig\project\Kaleidoscope-End\1.20.1\run-data\config\jei\jei-mod-id-format.ini
[062月2026 20:51:44.052] [modloading-worker-0/DEBUG] [net.minecraftforge.versions.forge.ForgeVersion/CORE]: Forge Version package package net.minecraftforge.versions.forge, Forge, version 47.4 from cpw.mods.modlauncher.TransformingClassLoader@336d28a1
[062月2026 20:51:44.055] [modloading-worker-0/DEBUG] [net.minecraftforge.versions.forge.ForgeVersion/CORE]: Found Forge version 47.4.0
[062月2026 20:51:44.056] [modloading-worker-0/DEBUG] [net.minecraftforge.versions.forge.ForgeVersion/CORE]: Found Forge spec 47.4
[062月2026 20:51:44.056] [modloading-worker-0/DEBUG] [net.minecraftforge.versions.forge.ForgeVersion/CORE]: Found Forge group net.minecraftforge
[062月2026 20:51:44.062] [modloading-worker-0/DEBUG] [net.minecraftforge.fml.javafmlmod.AutomaticEventSubscriber/LOADING]: Attempting to inject @EventBusSubscriber classes into the eventbus for kaleidoscope_doll
[062月2026 20:51:44.062] [modloading-worker-0/DEBUG] [net.minecraftforge.fml.javafmlmod.AutomaticEventSubscriber/LOADING]: Auto-subscribing com.github.ysbbbbbb.kaleidoscopedoll.init.registry.CommonRegistry to MOD
[062月2026 20:51:44.066] [modloading-worker-0/DEBUG] [net.minecraftforge.versions.mcp.MCPVersion/CORE]: MCP Version package package net.minecraftforge.versions.mcp, Minecraft, version 1.20.1 from cpw.mods.modlauncher.TransformingClassLoader@336d28a1
[062月2026 20:51:44.067] [modloading-worker-0/DEBUG] [net.minecraftforge.versions.mcp.MCPVersion/CORE]: Found MC version information 1.20.1
[062月2026 20:51:44.067] [modloading-worker-0/DEBUG] [net.minecraftforge.versions.mcp.MCPVersion/CORE]: Found MCP version information 20230612.114412
[062月2026 20:51:44.068] [modloading-worker-0/INFO] [net.minecraftforge.common.ForgeMod/FORGEMOD]: Forge mod loading, version 47.4.0, for MC 1.20.1 with MCP 20230612.114412
[062月2026 20:51:44.076] [modloading-worker-0/DEBUG] [net.minecraftforge.fml.javafmlmod.AutomaticEventSubscriber/LOADING]: Auto-subscribing com.github.ysbbbbbb.kaleidoscopedoll.event.PhantomSpawnEvent to FORGE
[062月2026 20:51:44.079] [modloading-worker-0/INFO] [net.minecraftforge.common.MinecraftForge/FORGE]: MinecraftForge v47.4.0 Initialized
[062月2026 20:51:44.091] [modloading-worker-0/DEBUG] [net.minecraftforge.fml.javafmlmod.AutomaticEventSubscriber/LOADING]: Auto-subscribing com.github.ysbbbbbb.kaleidoscopedoll.event.ModRegisterEvent to MOD
[062月2026 20:51:44.128] [modloading-worker-0/DEBUG] [mezz.jei.common.config.file.ConfigSerializer/]: Loading config file: E:\moddig\project\Kaleidoscope-End\1.20.1\run-data\config\jei\jei-colors.ini
[062月2026 20:51:44.143] [modloading-worker-0/DEBUG] [net.minecraftforge.fml.javafmlmod.AutomaticEventSubscriber/LOADING]: Auto-subscribing com.github.ysbbbbbb.kaleidoscopedoll.event.DollClickEntityEvent to FORGE
[062月2026 20:51:44.161] [modloading-worker-0/DEBUG] [net.minecraftforge.fml.javafmlmod.AutomaticEventSubscriber/LOADING]: Auto-subscribing com.github.ysbbbbbb.kaleidoscopedoll.datagen.DataGenerators to MOD
[062月2026 20:51:44.171] [modloading-worker-0/DEBUG] [mezz.jei.common.config.file.ConfigSerializer/]: Saving config file: E:\moddig\project\Kaleidoscope-End\1.20.1\run-data\config\jei\jei-colors.ini
[062月2026 20:51:44.190] [modloading-worker-0/DEBUG] [net.minecraftforge.fml.javafmlmod.AutomaticEventSubscriber/LOADING]: Auto-subscribing com.github.ysbbbbbb.kaleidoscopedoll.client.event.ModEntitiesRender to MOD
[062月2026 20:51:44.197] [modloading-worker-0/DEBUG] [net.minecraftforge.fml.javafmlmod.AutomaticEventSubscriber/LOADING]: Auto-subscribing com.github.ysbbbbbb.kaleidoscopedoll.client.event.ClientSetupEvent to MOD
[062月2026 20:51:44.200] [modloading-worker-0/DEBUG] [net.minecraftforge.fml.javafmlmod.AutomaticEventSubscriber/LOADING]: Auto-subscribing com.github.ysbbbbbb.kaleidoscopedoll.client.event.AddEntityLayersEvent to MOD
[062月2026 20:51:44.242] [modloading-worker-0/DEBUG] [net.minecraftforge.fml.config.ConfigTracker/CONFIG]: Config file dummmmmmy-client.toml for dummmmmmy tracking
[062月2026 20:51:44.249] [modloading-worker-0/DEBUG] [net.minecraftforge.fml.javafmlmod.AutomaticEventSubscriber/LOADING]: Attempting to inject @EventBusSubscriber classes into the eventbus for moonlight
[062月2026 20:51:44.250] [modloading-worker-0/DEBUG] [net.minecraftforge.fml.javafmlmod.AutomaticEventSubscriber/LOADING]: Auto-subscribing net.mehvahdjukaar.moonlight.forge.MoonlightForgeClient to FORGE
[062月2026 20:51:44.258] [modloading-worker-0/DEBUG] [net.minecraftforge.fml.javafmlmod.AutomaticEventSubscriber/LOADING]: Attempting to inject @EventBusSubscriber classes into the eventbus for scannable
[062月2026 20:51:44.259] [modloading-worker-0/DEBUG] [net.minecraftforge.fml.javafmlmod.AutomaticEventSubscriber/LOADING]: Auto-subscribing li.cil.scannable.data.forge.DataGenerators to MOD
[062月2026 20:51:44.273] [modloading-worker-0/DEBUG] [net.minecraftforge.fml.config.ConfigTracker/CONFIG]: Config file dummmmmmy-common.toml for dummmmmmy tracking
[062月2026 20:51:44.278] [modloading-worker-0/DEBUG] [net.minecraftforge.fml.javafmlmod.AutomaticEventSubscriber/LOADING]: Attempting to inject @EventBusSubscriber classes into the eventbus for rubidium
[062月2026 20:51:44.289] [modloading-worker-0/DEBUG] [net.minecraftforge.fml.javafmlmod.AutomaticEventSubscriber/LOADING]: Auto-subscribing li.cil.scannable.common.scanning.forge.ProviderCacheManagerImpl to MOD
[062月2026 20:51:44.290] [modloading-worker-0/DEBUG] [net.minecraftforge.fml.javafmlmod.AutomaticEventSubscriber/LOADING]: Auto-subscribing li.cil.scannable.common.forge.capabilities.ScannerWrapper to FORGE
[062月2026 20:51:44.368] [modloading-worker-0/DEBUG] [net.minecraftforge.fml.javafmlmod.AutomaticEventSubscriber/LOADING]: Attempting to inject @EventBusSubscriber classes into the eventbus for dummmmmmy
[062月2026 20:51:44.420] [modloading-worker-0/DEBUG] [mezz.jei.common.config.file.ConfigSerializer/]: Loading config file: E:\moddig\project\Kaleidoscope-End\1.20.1\run-data\config\jei\jei-client.ini
[062月2026 20:51:44.400] [modloading-worker-0/ERROR] [Embeddium/]: Failed to update fingerprint
java.lang.NullPointerException: Cannot invoke "net.minecraft.client.Minecraft.getUser()" because the return value of "net.minecraft.client.Minecraft.getInstance()" is null
	at me.jellysquid.mods.sodium.client.data.fingerprint.FingerprintMeasure.create(FingerprintMeasure.java:19) ~[embeddium-908741-5681725_mapped_official_1.20.1.jar%23207!/:?]
	at me.jellysquid.mods.sodium.client.SodiumClientMod.updateFingerprint(SodiumClientMod.java:108) ~[embeddium-908741-5681725_mapped_official_1.20.1.jar%23207!/:?]
	at me.jellysquid.mods.sodium.client.SodiumClientMod.<init>(SodiumClientMod.java:48) ~[embeddium-908741-5681725_mapped_official_1.20.1.jar%23207!/:?]
	at jdk.internal.reflect.NativeConstructorAccessorImpl.newInstance0(Native Method) ~[?:?]
	at jdk.internal.reflect.NativeConstructorAccessorImpl.newInstance(NativeConstructorAccessorImpl.java:77) ~[?:?]
	at jdk.internal.reflect.DelegatingConstructorAccessorImpl.newInstance(DelegatingConstructorAccessorImpl.java:45) ~[?:?]
	at java.lang.reflect.Constructor.newInstanceWithCaller(Constructor.java:500) ~[?:?]
	at java.lang.reflect.Constructor.newInstance(Constructor.java:481) ~[?:?]
	at net.minecraftforge.fml.javafmlmod.FMLModContainer.constructMod(FMLModContainer.java:77) ~[javafmllanguage-1.20.1-47.4.0.jar%23193!/:?]
	at net.minecraftforge.fml.ModContainer.lambda$buildTransitionHandler$5(ModContainer.java:126) ~[fmlcore-1.20.1-47.4.0.jar%23196!/:?]
	at java.util.concurrent.CompletableFuture$AsyncRun.run(CompletableFuture.java:1804) ~[?:?]
	at java.util.concurrent.CompletableFuture$AsyncRun.exec(CompletableFuture.java:1796) ~[?:?]
	at java.util.concurrent.ForkJoinTask.doExec(ForkJoinTask.java:373) ~[?:?]
	at java.util.concurrent.ForkJoinPool$WorkQueue.topLevelExec(ForkJoinPool.java:1182) ~[?:?]
	at java.util.concurrent.ForkJoinPool.scan(ForkJoinPool.java:1655) ~[?:?]
	at java.util.concurrent.ForkJoinPool.runWorker(ForkJoinPool.java:1622) ~[?:?]
	at java.util.concurrent.ForkJoinWorkerThread.run(ForkJoinWorkerThread.java:165) ~[?:?]
[062月2026 20:51:44.426] [modloading-worker-0/DEBUG] [net.minecraftforge.fml.javafmlmod.AutomaticEventSubscriber/LOADING]: Attempting to inject @EventBusSubscriber classes into the eventbus for embeddium
[062月2026 20:51:44.429] [modloading-worker-0/DEBUG] [net.minecraftforge.fml.javafmlmod.AutomaticEventSubscriber/LOADING]: Auto-subscribing org.embeddedt.embeddium.render.frapi.SpriteFinderCache to MOD
[062月2026 20:51:44.441] [modloading-worker-0/DEBUG] [mezz.jei.common.config.file.ConfigSerializer/]: Saving config file: E:\moddig\project\Kaleidoscope-End\1.20.1\run-data\config\jei\jei-client.ini
[062月2026 20:51:44.456] [modloading-worker-0/DEBUG] [mixin/]: Mixing features.textures.animations.tracking.SpriteMixin from embeddium.mixins.json into net.minecraft.client.renderer.texture.TextureAtlasSprite
[062月2026 20:51:44.455] [modloading-worker-0/DEBUG] [net.minecraftforge.fml.javafmlmod.AutomaticEventSubscriber/LOADING]: Auto-subscribing li.cil.scannable.common.forge.capabilities.ScannerModuleWrapper to FORGE
[062月2026 20:51:44.574] [modloading-worker-0/DEBUG] [net.minecraftforge.fml.javafmlmod.AutomaticEventSubscriber/LOADING]: Auto-subscribing org.embeddedt.embeddium.impl.ConfigScreenHandlerHook to MOD
[062月2026 20:51:44.589] [modloading-worker-0/DEBUG] [net.minecraftforge.fml.javafmlmod.AutomaticEventSubscriber/LOADING]: Auto-subscribing li.cil.scannable.client.forge.ClientSetupForge to MOD
[062月2026 20:51:44.593] [modloading-worker-0/DEBUG] [net.minecraftforge.fml.javafmlmod.AutomaticEventSubscriber/LOADING]: Auto-subscribing org.embeddedt.embeddium.compat.immersive.ImmersiveCompat to MOD
[062月2026 20:51:44.640] [modloading-worker-0/DEBUG] [net.minecraftforge.fml.javafmlmod.AutomaticEventSubscriber/LOADING]: Auto-subscribing org.embeddedt.embeddium.compat.ccl.CCLCompatBootstrap to MOD
[062月2026 20:51:44.642] [modloading-worker-0/DEBUG] [net.minecraftforge.fml.config.ConfigTracker/CONFIG]: Config file forge-client.toml for forge tracking
[062月2026 20:51:44.643] [modloading-worker-0/DEBUG] [net.minecraftforge.fml.config.ConfigTracker/CONFIG]: Config file forge-server.toml for forge tracking
[062月2026 20:51:44.644] [modloading-worker-0/DEBUG] [net.minecraftforge.fml.ModLoadingContext/]: Attempted to register an empty config for type COMMON on mod forge
[062月2026 20:51:44.645] [modloading-worker-0/INFO] [mezz.jei.library.load.PluginCaller/]: Sending ConfigManager...
[062月2026 20:51:44.658] [modloading-worker-0/DEBUG] [mezz.jei.library.load.PluginCallerTimerRunnable/]: Sending ConfigManager: jei:minecraft...
[062月2026 20:51:44.658] [modloading-worker-0/DEBUG] [mezz.jei.library.load.PluginCallerTimerRunnable/]: Sending ConfigManager: farmersdelight:jei_plugin...
[062月2026 20:51:44.659] [modloading-worker-0/DEBUG] [mezz.jei.library.load.PluginCallerTimerRunnable/]: Sending ConfigManager: jade:main...
[062月2026 20:51:44.659] [modloading-worker-0/DEBUG] [mezz.jei.library.load.PluginCallerTimerRunnable/]: Sending ConfigManager: jei:debug...
[062月2026 20:51:44.659] [modloading-worker-0/DEBUG] [mezz.jei.library.load.PluginCallerTimerRunnable/]: Sending ConfigManager: jei:gui...
[062月2026 20:51:44.659] [modloading-worker-0/DEBUG] [mezz.jei.library.load.PluginCallerTimerRunnable/]: Sending ConfigManager: jei:forge_gui...
[062月2026 20:51:44.659] [modloading-worker-0/DEBUG] [mezz.jei.library.load.PluginCallerTimerRunnable/]: Sending ConfigManager: cataclysm:jei_plugin...
[062月2026 20:51:44.660] [modloading-worker-0/DEBUG] [mezz.jei.library.load.PluginCallerTimerRunnable/]: Sending ConfigManager: curios:curios...
[062月2026 20:51:44.661] [modloading-worker-0/DEBUG] [mezz.jei.library.load.PluginCallerTimerRunnable/]: Sending ConfigManager: alexsmobs:alexsmobs...
[062月2026 20:51:44.662] [modloading-worker-0/DEBUG] [mezz.jei.library.load.PluginCallerTimerRunnable/]: Sending ConfigManager: kubejs:jei...
[062月2026 20:51:44.663] [modloading-worker-0/DEBUG] [mezz.jei.library.load.PluginCallerTimerRunnable/]: Sending ConfigManager: jeed:jei_plugin...
[062月2026 20:51:44.663] [modloading-worker-0/DEBUG] [mezz.jei.library.load.PluginCallerTimerRunnable/]: Sending ConfigManager: kaleidoscope_doll:jei...
[062月2026 20:51:44.664] [modloading-worker-0/DEBUG] [mezz.jei.library.load.PluginCallerTimerRunnable/]: Sending ConfigManager: kaleidoscope_cookery:jei...
[062月2026 20:51:44.664] [modloading-worker-0/DEBUG] [mezz.jei.library.load.PluginCallerTimerRunnable/]: Sending ConfigManager: jei:internal...
[062月2026 20:51:44.665] [modloading-worker-0/INFO] [mezz.jei.library.load.PluginCaller/]: Sending ConfigManager took 18.19 ms
[062月2026 20:51:44.680] [modloading-worker-0/DEBUG] [mixin/]: Mixing EventHandlerBridgeMixin from kubejs-common.mixins.json into dev.latvian.mods.kubejs.event.EventHandler
[062月2026 20:51:44.683] [modloading-worker-0/DEBUG] [net.minecraftforge.fml.javafmlmod.AutomaticEventSubscriber/LOADING]: Attempting to inject @EventBusSubscriber classes into the eventbus for jei
[062月2026 20:51:44.725] [modloading-worker-0/DEBUG] [mixin/]: Mixing EventHandlerInvoker from kubejs-common.mixins.json into dev.latvian.mods.kubejs.event.EventHandler
[062月2026 20:51:44.778] [modloading-worker-0/DEBUG] [net.minecraftforge.fml.javafmlmod.AutomaticEventSubscriber/LOADING]: Attempting to inject @EventBusSubscriber classes into the eventbus for forge
[062月2026 20:51:44.782] [modloading-worker-0/DEBUG] [net.minecraftforge.fml.javafmlmod.AutomaticEventSubscriber/LOADING]: Auto-subscribing net.minecraftforge.common.ForgeSpawnEggItem$CommonHandler to MOD
[062月2026 20:51:44.788] [modloading-worker-0/DEBUG] [net.minecraftforge.fml.javafmlmod.AutomaticEventSubscriber/LOADING]: Auto-subscribing net.minecraftforge.common.ForgeSpawnEggItem$ColorRegisterHandler to MOD
[062月2026 20:51:44.791] [modloading-worker-0/DEBUG] [net.minecraftforge.fml.javafmlmod.AutomaticEventSubscriber/LOADING]: Auto-subscribing net.minecraftforge.client.model.data.ModelDataManager to FORGE
[062月2026 20:51:44.794] [modloading-worker-0/DEBUG] [mixin/]: Mixing features.model.ModelDataMixin from embeddium.mixins.json into net.minecraftforge.client.model.data.ModelData
[062月2026 20:51:44.852] [modloading-worker-0/DEBUG] [net.minecraftforge.fml.javafmlmod.AutomaticEventSubscriber/LOADING]: Auto-subscribing net.minecraftforge.client.ForgeHooksClient$ClientEvents to MOD
[062月2026 20:51:44.861] [modloading-worker-0/DEBUG] [mixin/]: Mixing features.shader.uniform.ShaderProgramMixin from embeddium.mixins.json into net.minecraft.client.renderer.ShaderInstance
[062月2026 20:51:45.022] [modloading-worker-0/DEBUG] [net.minecraftforge.fml.javafmlmod.AutomaticEventSubscriber/LOADING]: Auto-subscribing net.minecraftforge.client.ClientForgeMod to MOD
[062月2026 20:51:45.182] [modloading-worker-0/INFO] [Rhino Script Remapper/]: Loading Rhino Minecraft remapper...
[062月2026 20:51:45.188] [modloading-worker-0/INFO] [dev.latvian.mods.rhino.mod.util.RhinoProperties/]: Rhino properties loaded.
[062月2026 20:51:45.198] [modloading-worker-0/INFO] [Rhino Script Remapper/]: Loading mappings for 1.20.1
[062月2026 20:51:45.328] [modloading-worker-0/DEBUG] [net.minecraftforge.fml.javafmlmod.AutomaticEventSubscriber/LOADING]: Attempting to inject @EventBusSubscriber classes into the eventbus for kaleidoscope_cookery
[062月2026 20:51:45.328] [modloading-worker-0/DEBUG] [net.minecraftforge.fml.javafmlmod.AutomaticEventSubscriber/LOADING]: Auto-subscribing com.github.ysbbbbbb.kaleidoscopecookery.init.registry.DatapackReloadListenerEvent to FORGE
[062月2026 20:51:45.331] [modloading-worker-0/DEBUG] [net.minecraftforge.fml.javafmlmod.AutomaticEventSubscriber/LOADING]: Auto-subscribing com.github.ysbbbbbb.kaleidoscopecookery.init.registry.CompatRegistry to MOD
[062月2026 20:51:45.335] [modloading-worker-0/DEBUG] [net.minecraftforge.fml.javafmlmod.AutomaticEventSubscriber/LOADING]: Auto-subscribing com.github.ysbbbbbb.kaleidoscopecookery.init.registry.CommonRegistry to MOD
[062月2026 20:51:45.353] [modloading-worker-0/DEBUG] [net.minecraftforge.fml.javafmlmod.AutomaticEventSubscriber/LOADING]: Auto-subscribing com.github.ysbbbbbb.kaleidoscopecookery.init.ModRecipes to MOD
[062月2026 20:51:45.354] [modloading-worker-0/DEBUG] [net.minecraftforge.fml.javafmlmod.AutomaticEventSubscriber/LOADING]: Auto-subscribing com.github.ysbbbbbb.kaleidoscopecookery.init.ModLootModifier to MOD
[062月2026 20:51:45.358] [modloading-worker-0/DEBUG] [net.minecraftforge.fml.javafmlmod.AutomaticEventSubscriber/LOADING]: Auto-subscribing com.github.ysbbbbbb.kaleidoscopecookery.init.ModEntities to MOD
[062月2026 20:51:45.360] [modloading-worker-0/DEBUG] [net.minecraftforge.fml.javafmlmod.AutomaticEventSubscriber/LOADING]: Auto-subscribing com.github.ysbbbbbb.kaleidoscopecookery.event.effect.SatiatedShieldEvent to FORGE
[062月2026 20:51:45.367] [modloading-worker-0/DEBUG] [net.minecraftforge.fml.javafmlmod.AutomaticEventSubscriber/LOADING]: Auto-subscribing com.github.ysbbbbbb.kaleidoscopecookery.event.effect.PreservationEvent to FORGE
[062月2026 20:51:45.370] [modloading-worker-0/DEBUG] [net.minecraftforge.fml.javafmlmod.AutomaticEventSubscriber/LOADING]: Auto-subscribing com.github.ysbbbbbb.kaleidoscopecookery.event.effect.FlatulenceEvent to FORGE
[062月2026 20:51:45.378] [modloading-worker-0/DEBUG] [net.minecraftforge.fml.javafmlmod.AutomaticEventSubscriber/LOADING]: Auto-subscribing com.github.ysbbbbbb.kaleidoscopecookery.event.SpecialRecipeItemEvent to FORGE
[062月2026 20:51:45.435] [modloading-worker-0/DEBUG] [net.minecraftforge.fml.javafmlmod.AutomaticEventSubscriber/LOADING]: Auto-subscribing com.github.ysbbbbbb.kaleidoscopecookery.event.SickleHarvestNetherWartEvent to FORGE
[062月2026 20:51:45.439] [modloading-worker-0/DEBUG] [net.minecraftforge.fml.javafmlmod.AutomaticEventSubscriber/LOADING]: Auto-subscribing com.github.ysbbbbbb.kaleidoscopecookery.event.ScarecrowFarmlandTrampleEvent to FORGE
[062月2026 20:51:45.441] [modloading-worker-0/DEBUG] [net.minecraftforge.fml.javafmlmod.AutomaticEventSubscriber/LOADING]: Auto-subscribing com.github.ysbbbbbb.kaleidoscopecookery.event.RightClickEvent to FORGE
[062月2026 20:51:45.456] [modloading-worker-0/DEBUG] [net.minecraftforge.fml.javafmlmod.AutomaticEventSubscriber/LOADING]: Auto-subscribing com.github.ysbbbbbb.kaleidoscopecookery.event.ModTradesEvent to FORGE
[062月2026 20:51:45.467] [modloading-worker-0/DEBUG] [net.minecraftforge.fml.javafmlmod.AutomaticEventSubscriber/LOADING]: Auto-subscribing com.github.ysbbbbbb.kaleidoscopecookery.event.LeftClickEvent to FORGE
[062月2026 20:51:45.486] [modloading-worker-0/DEBUG] [net.minecraftforge.fml.javafmlmod.AutomaticEventSubscriber/LOADING]: Auto-subscribing com.github.ysbbbbbb.kaleidoscopecookery.event.HoeUseEvent to FORGE
[062月2026 20:51:45.493] [modloading-worker-0/DEBUG] [net.minecraftforge.fml.javafmlmod.AutomaticEventSubscriber/LOADING]: Auto-subscribing com.github.ysbbbbbb.kaleidoscopecookery.event.EntityJoinWorldEvent to FORGE
[062月2026 20:51:45.507] [modloading-worker-0/DEBUG] [net.minecraftforge.fml.javafmlmod.AutomaticEventSubscriber/LOADING]: Auto-subscribing com.github.ysbbbbbb.kaleidoscopecookery.event.ArmorEffectEvent to FORGE
[062月2026 20:51:45.516] [modloading-worker-0/DEBUG] [net.minecraftforge.fml.javafmlmod.AutomaticEventSubscriber/LOADING]: Auto-subscribing com.github.ysbbbbbb.kaleidoscopecookery.event.AddVillageStructuresEvent to FORGE
[062月2026 20:51:45.524] [modloading-worker-0/DEBUG] [net.minecraftforge.fml.javafmlmod.AutomaticEventSubscriber/LOADING]: Auto-subscribing com.github.ysbbbbbb.kaleidoscopecookery.datagen.DataGenerators to MOD
[062月2026 20:51:45.527] [modloading-worker-0/DEBUG] [net.minecraftforge.fml.javafmlmod.AutomaticEventSubscriber/LOADING]: Auto-subscribing com.github.ysbbbbbb.kaleidoscopecookery.client.init.ParticleFactoryRegistry to MOD
[062月2026 20:51:45.531] [modloading-worker-0/DEBUG] [net.minecraftforge.fml.javafmlmod.AutomaticEventSubscriber/LOADING]: Auto-subscribing com.github.ysbbbbbb.kaleidoscopecookery.client.init.ModEntitiesRender to MOD
[062月2026 20:51:45.539] [modloading-worker-0/DEBUG] [net.minecraftforge.fml.javafmlmod.AutomaticEventSubscriber/LOADING]: Auto-subscribing com.github.ysbbbbbb.kaleidoscopecookery.client.init.InitClientTooltip to MOD
[062月2026 20:51:45.542] [modloading-worker-0/DEBUG] [net.minecraftforge.fml.javafmlmod.AutomaticEventSubscriber/LOADING]: Auto-subscribing com.github.ysbbbbbb.kaleidoscopecookery.client.init.ClientSetupEvent to MOD
[062月2026 20:51:45.550] [modloading-worker-0/INFO] [Rhino Script Remapper/]: Done in 0.367 s
[062月2026 20:51:45.551] [modloading-worker-0/DEBUG] [net.minecraftforge.fml.javafmlmod.AutomaticEventSubscriber/LOADING]: Auto-subscribing com.github.ysbbbbbb.kaleidoscopecookery.client.event.ModModelEvent to MOD
[062月2026 20:51:46.659] [modloading-worker-0/DEBUG] [mixin/]: Mixing components.ClickEventMixin from kubejs-common.mixins.json into net.minecraft.network.chat.ClickEvent
[062月2026 20:51:46.659] [modloading-worker-0/DEBUG] [mixin/]: Renaming synthetic method lambda$toJsonJS$0(Lcom/google/gson/JsonObject;)V to md9cde08$lambda$toJsonJS$0$0 in kubejs-common.mixins.json:components.ClickEventMixin
[062月2026 20:51:46.967] [modloading-worker-0/DEBUG] [mixin/]: Mixing DifferenceIngredientMixin from kubejs-forge.mixins.json into net.minecraftforge.common.crafting.DifferenceIngredient
[062月2026 20:51:46.988] [modloading-worker-0/DEBUG] [mixin/]: Mixing TrivialIngredientsMixin from kubejs-forge.mixins.json into net.minecraftforge.common.crafting.PartialNBTIngredient
[062月2026 20:51:46.991] [modloading-worker-0/DEBUG] [mixin/]: Mixing TrivialIngredientsMixin from kubejs-forge.mixins.json into net.minecraftforge.common.crafting.StrictNBTIngredient
[062月2026 20:51:47.332] [modloading-worker-0/DEBUG] [mixin/]: Mixing accessor.BoundingBoxAccessor from cataclysm.mixins.json into net.minecraft.world.level.levelgen.structure.BoundingBox
[062月2026 20:51:47.881] [modloading-worker-0/INFO] [KubeJS Startup/]: example.js#5: Hello, World! (Loaded startup scripts)
[062月2026 20:51:47.890] [modloading-worker-0/INFO] [KubeJS Startup/]: Loaded script startup_scripts:example.js in 0.339 s
[062月2026 20:51:47.908] [modloading-worker-0/INFO] [KubeJS Startup/]: Loaded 1/1 KubeJS startup scripts in 2.34 s with 0 errors and 0 warnings
[062月2026 20:51:48.391] [modloading-worker-0/INFO] [dev.architectury.networking.forge.NetworkManagerImpl/]: Registering C2S receiver with id kubejs:send_data_from_client
[062月2026 20:51:48.398] [modloading-worker-0/INFO] [dev.architectury.networking.forge.NetworkManagerImpl/]: Registering S2C receiver with id kubejs:send_data_from_server
[062月2026 20:51:48.400] [modloading-worker-0/INFO] [dev.architectury.networking.forge.NetworkManagerImpl/]: Registering S2C receiver with id kubejs:paint
[062月2026 20:51:48.401] [modloading-worker-0/INFO] [dev.architectury.networking.forge.NetworkManagerImpl/]: Registering S2C receiver with id kubejs:add_stage
[062月2026 20:51:48.403] [modloading-worker-0/INFO] [dev.architectury.networking.forge.NetworkManagerImpl/]: Registering S2C receiver with id kubejs:remove_stage
[062月2026 20:51:48.449] [modloading-worker-0/INFO] [dev.architectury.networking.forge.NetworkManagerImpl/]: Registering S2C receiver with id kubejs:sync_stages
[062月2026 20:51:48.452] [modloading-worker-0/INFO] [dev.architectury.networking.forge.NetworkManagerImpl/]: Registering C2S receiver with id kubejs:first_click
[062月2026 20:51:48.453] [modloading-worker-0/INFO] [dev.architectury.networking.forge.NetworkManagerImpl/]: Registering S2C receiver with id kubejs:toast
[062月2026 20:51:48.454] [modloading-worker-0/INFO] [dev.architectury.networking.forge.NetworkManagerImpl/]: Registering S2C receiver with id kubejs:reload_startup_scripts
[062月2026 20:51:48.463] [modloading-worker-0/INFO] [dev.architectury.networking.forge.NetworkManagerImpl/]: Registering S2C receiver with id kubejs:display_server_errors
[062月2026 20:51:48.470] [modloading-worker-0/INFO] [dev.architectury.networking.forge.NetworkManagerImpl/]: Registering S2C receiver with id kubejs:display_client_errors
[062月2026 20:51:48.529] [modloading-worker-0/DEBUG] [net.minecraftforge.fml.javafmlmod.AutomaticEventSubscriber/LOADING]: Attempting to inject @EventBusSubscriber classes into the eventbus for kubejs
[062月2026 20:51:48.951] [main/DEBUG] [net.minecraftforge.registries.ObjectHolderRegistry/REGISTRIES]: Processing ObjectHolder annotations
[062月2026 20:51:49.088] [main/DEBUG] [net.minecraftforge.registries.ObjectHolderRegistry/REGISTRIES]: Found 6176 ObjectHolder annotations
[062月2026 20:51:49.111] [main/DEBUG] [net.minecraftforge.common.capabilities.CapabilityManager/CAPABILITIES]: Attempting to automatically register: Lnet/minecraftforge/energy/IEnergyStorage;
[062月2026 20:51:49.112] [main/DEBUG] [net.minecraftforge.common.capabilities.CapabilityManager/CAPABILITIES]: Attempting to automatically register: Lnet/minecraftforge/fluids/capability/IFluidHandler;
[062月2026 20:51:49.112] [main/DEBUG] [net.minecraftforge.common.capabilities.CapabilityManager/CAPABILITIES]: Attempting to automatically register: Lnet/minecraftforge/fluids/capability/IFluidHandlerItem;
[062月2026 20:51:49.113] [main/DEBUG] [net.minecraftforge.common.capabilities.CapabilityManager/CAPABILITIES]: Attempting to automatically register: Lnet/minecraftforge/items/IItemHandler;
[062月2026 20:51:49.240] [main/DEBUG] [net.minecraftforge.registries.GameData/REGISTRIES]: Unfreezing vanilla registries
[062月2026 20:51:49.332] [main/INFO] [KubeJS/]: Skipping minecraft:sound_event registry
[062月2026 20:51:49.361] [main/DEBUG] [net.minecraftforge.registries.GameData/REGISTRIES]: Applying holder lookups: minecraft:sound_event
[062月2026 20:51:49.388] [main/DEBUG] [net.minecraftforge.registries.GameData/REGISTRIES]: Holder lookups applied: minecraft:sound_event
[062月2026 20:51:49.390] [main/INFO] [KubeJS/]: Skipping minecraft:fluid registry
[062月2026 20:51:49.418] [main/DEBUG] [net.minecraftforge.registries.GameData/REGISTRIES]: Applying holder lookups: minecraft:fluid
[062月2026 20:51:49.427] [main/DEBUG] [net.minecraftforge.registries.GameData/REGISTRIES]: Holder lookups applied: minecraft:fluid
[062月2026 20:51:52.019] [main/INFO] [KubeJS/]: Skipping minecraft:block registry
[062月2026 20:51:52.637] [main/DEBUG] [net.minecraftforge.registries.GameData/REGISTRIES]: Applying holder lookups: minecraft:block
[062月2026 20:51:52.649] [main/DEBUG] [net.minecraftforge.registries.GameData/REGISTRIES]: Holder lookups applied: minecraft:block
[062月2026 20:51:52.662] [main/INFO] [KubeJS/]: Skipping minecraft:attribute registry
[062月2026 20:51:52.666] [main/DEBUG] [net.minecraftforge.registries.GameData/REGISTRIES]: Applying holder lookups: minecraft:attribute
[062月2026 20:51:52.669] [main/DEBUG] [net.minecraftforge.registries.GameData/REGISTRIES]: Holder lookups applied: minecraft:attribute
[062月2026 20:51:52.729] [main/INFO] [KubeJS/]: Skipping minecraft:mob_effect registry
[062月2026 20:51:52.730] [main/DEBUG] [net.minecraftforge.registries.GameData/REGISTRIES]: Applying holder lookups: minecraft:mob_effect
[062月2026 20:51:52.734] [main/DEBUG] [net.minecraftforge.registries.GameData/REGISTRIES]: Holder lookups applied: minecraft:mob_effect
[062月2026 20:51:52.860] [main/INFO] [KubeJS/]: Skipping minecraft:particle_type registry
[062月2026 20:51:52.870] [main/DEBUG] [net.minecraftforge.registries.GameData/REGISTRIES]: Applying holder lookups: minecraft:particle_type
[062月2026 20:51:52.874] [main/DEBUG] [net.minecraftforge.registries.GameData/REGISTRIES]: Holder lookups applied: minecraft:particle_type
[062月2026 20:51:53.167] [main/DEBUG] [io.netty.util.internal.InternalThreadLocalMap/]: -Dio.netty.threadLocalMap.stringBuilder.initialSize: 1024
[062月2026 20:51:53.167] [main/DEBUG] [io.netty.util.internal.InternalThreadLocalMap/]: -Dio.netty.threadLocalMap.stringBuilder.maxSize: 4096
[062月2026 20:51:53.172] [main/DEBUG] [io.netty.util.internal.ThreadLocalRandom/]: -Dio.netty.initialSeedUniquifier: 0x7911165776c1cbbd
[062月2026 20:51:53.688] [main/INFO] [KubeJS/]: Skipping minecraft:item registry
[062月2026 20:51:53.887] [main/DEBUG] [net.minecraftforge.registries.GameData/REGISTRIES]: Applying holder lookups: minecraft:item
[062月2026 20:51:53.932] [main/DEBUG] [net.minecraftforge.registries.GameData/REGISTRIES]: Holder lookups applied: minecraft:item
[062月2026 20:51:53.997] [main/INFO] [Moonlight/]: Initialized block sets in 58ms
[062月2026 20:51:58.504] [main/DEBUG] [mixin/]: Mixing alexsmobs.SeagullAIStealFromPlayersAccessor from mixins.kaleidoscope_nether.json into com.github.alexthe666.alexsmobs.entity.ai.SeagullAIStealFromPlayers
[062月2026 20:51:58.516] [main/DEBUG] [mixin/]: Mixing alexsmobs.SeagullAIStealFromPlayersMixin from mixins.kaleidoscope_nether.json into com.github.alexthe666.alexsmobs.entity.ai.SeagullAIStealFromPlayers
[062月2026 20:51:59.208] [main/INFO] [KubeJS/]: Skipping minecraft:entity_type registry
[062月2026 20:51:59.244] [main/DEBUG] [net.minecraftforge.registries.GameData/REGISTRIES]: Applying holder lookups: minecraft:entity_type
[062月2026 20:51:59.248] [main/DEBUG] [net.minecraftforge.registries.GameData/REGISTRIES]: Holder lookups applied: minecraft:entity_type
[062月2026 20:51:59.249] [main/INFO] [KubeJS/]: Skipping minecraft:sensor_type registry
[062月2026 20:51:59.249] [main/DEBUG] [net.minecraftforge.registries.GameData/REGISTRIES]: Applying holder lookups: minecraft:sensor_type
[062月2026 20:51:59.256] [main/DEBUG] [net.minecraftforge.registries.GameData/REGISTRIES]: Holder lookups applied: minecraft:sensor_type
[062月2026 20:51:59.257] [main/INFO] [KubeJS/]: Skipping minecraft:memory_module_type registry
[062月2026 20:51:59.258] [main/DEBUG] [net.minecraftforge.registries.GameData/REGISTRIES]: Applying holder lookups: minecraft:memory_module_type
[062月2026 20:51:59.271] [main/DEBUG] [net.minecraftforge.registries.GameData/REGISTRIES]: Holder lookups applied: minecraft:memory_module_type
[062月2026 20:51:59.281] [main/INFO] [KubeJS/]: Skipping minecraft:potion registry
[062月2026 20:51:59.282] [main/DEBUG] [net.minecraftforge.registries.GameData/REGISTRIES]: Applying holder lookups: minecraft:potion
[062月2026 20:51:59.285] [main/DEBUG] [net.minecraftforge.registries.GameData/REGISTRIES]: Holder lookups applied: minecraft:potion
[062月2026 20:51:59.286] [main/INFO] [KubeJS/]: Skipping minecraft:game_event registry
[062月2026 20:51:59.287] [main/DEBUG] [net.minecraftforge.registries.GameData/REGISTRIES]: Applying holder lookups: minecraft:game_event
[062月2026 20:51:59.302] [main/DEBUG] [net.minecraftforge.registries.GameData/REGISTRIES]: Holder lookups applied: minecraft:game_event
[062月2026 20:51:59.307] [main/INFO] [KubeJS/]: Skipping minecraft:enchantment registry
[062月2026 20:51:59.309] [main/DEBUG] [net.minecraftforge.registries.GameData/REGISTRIES]: Applying holder lookups: minecraft:enchantment
[062月2026 20:51:59.311] [main/DEBUG] [net.minecraftforge.registries.GameData/REGISTRIES]: Holder lookups applied: minecraft:enchantment
[062月2026 20:51:59.435] [main/INFO] [KubeJS/]: Skipping minecraft:block_entity_type registry
[062月2026 20:51:59.465] [main/DEBUG] [net.minecraftforge.registries.GameData/REGISTRIES]: Applying holder lookups: minecraft:block_entity_type
[062月2026 20:51:59.468] [main/DEBUG] [net.minecraftforge.registries.GameData/REGISTRIES]: Holder lookups applied: minecraft:block_entity_type
[062月2026 20:51:59.471] [main/INFO] [KubeJS/]: Skipping minecraft:painting_variant registry
[062月2026 20:51:59.472] [main/DEBUG] [net.minecraftforge.registries.GameData/REGISTRIES]: Applying holder lookups: minecraft:painting_variant
[062月2026 20:51:59.476] [main/DEBUG] [net.minecraftforge.registries.GameData/REGISTRIES]: Holder lookups applied: minecraft:painting_variant
[062月2026 20:51:59.479] [main/INFO] [KubeJS/]: Skipping minecraft:stat_type registry
[062月2026 20:51:59.480] [main/DEBUG] [net.minecraftforge.registries.GameData/REGISTRIES]: Applying holder lookups: minecraft:stat_type
[062月2026 20:51:59.487] [main/DEBUG] [net.minecraftforge.registries.GameData/REGISTRIES]: Holder lookups applied: minecraft:stat_type
[062月2026 20:51:59.494] [main/INFO] [KubeJS/]: Skipping minecraft:custom_stat registry
[062月2026 20:51:59.505] [main/DEBUG] [net.minecraftforge.registries.GameData/REGISTRIES]: Applying holder lookups: minecraft:custom_stat
[062月2026 20:51:59.523] [main/DEBUG] [net.minecraftforge.registries.GameData/REGISTRIES]: Holder lookups applied: minecraft:custom_stat
[062月2026 20:51:59.523] [main/INFO] [KubeJS/]: Skipping minecraft:chunk_status registry
[062月2026 20:51:59.524] [main/DEBUG] [net.minecraftforge.registries.GameData/REGISTRIES]: Applying holder lookups: minecraft:chunk_status
[062月2026 20:51:59.529] [main/DEBUG] [net.minecraftforge.registries.GameData/REGISTRIES]: Holder lookups applied: minecraft:chunk_status
[062月2026 20:51:59.531] [main/INFO] [KubeJS/]: Skipping minecraft:rule_test registry
[062月2026 20:51:59.538] [main/DEBUG] [net.minecraftforge.registries.GameData/REGISTRIES]: Applying holder lookups: minecraft:rule_test
[062月2026 20:51:59.539] [main/DEBUG] [net.minecraftforge.registries.GameData/REGISTRIES]: Holder lookups applied: minecraft:rule_test
[062月2026 20:51:59.540] [main/INFO] [KubeJS/]: Skipping minecraft:rule_block_entity_modifier registry
[062月2026 20:51:59.540] [main/DEBUG] [net.minecraftforge.registries.GameData/REGISTRIES]: Applying holder lookups: minecraft:rule_block_entity_modifier
[062月2026 20:51:59.549] [main/DEBUG] [net.minecraftforge.registries.GameData/REGISTRIES]: Holder lookups applied: minecraft:rule_block_entity_modifier
[062月2026 20:51:59.552] [main/INFO] [KubeJS/]: Skipping minecraft:pos_rule_test registry
[062月2026 20:51:59.553] [main/DEBUG] [net.minecraftforge.registries.GameData/REGISTRIES]: Applying holder lookups: minecraft:pos_rule_test
[062月2026 20:51:59.557] [main/DEBUG] [net.minecraftforge.registries.GameData/REGISTRIES]: Holder lookups applied: minecraft:pos_rule_test
[062月2026 20:51:59.639] [main/INFO] [KubeJS/]: Skipping minecraft:menu registry
[062月2026 20:51:59.701] [main/DEBUG] [net.minecraftforge.registries.GameData/REGISTRIES]: Applying holder lookups: minecraft:menu
[062月2026 20:51:59.709] [main/DEBUG] [net.minecraftforge.registries.GameData/REGISTRIES]: Holder lookups applied: minecraft:menu
[062月2026 20:51:59.745] [main/DEBUG] [placebo/]: Registered 0 recipe types.
[062月2026 20:51:59.746] [main/INFO] [KubeJS/]: Skipping minecraft:recipe_type registry
[062月2026 20:51:59.747] [main/DEBUG] [net.minecraftforge.registries.GameData/REGISTRIES]: Applying holder lookups: minecraft:recipe_type
[062月2026 20:51:59.749] [main/DEBUG] [net.minecraftforge.registries.GameData/REGISTRIES]: Holder lookups applied: minecraft:recipe_type
[062月2026 20:51:59.802] [main/INFO] [KubeJS/]: Skipping minecraft:recipe_serializer registry
[062月2026 20:51:59.944] [main/DEBUG] [mixin/]: Mixing IngredientsWithChildrenMixin from kubejs-forge.mixins.json into net.minecraftforge.common.crafting.IntersectionIngredient
[062月2026 20:51:59.952] [main/DEBUG] [net.minecraftforge.registries.GameData/REGISTRIES]: Applying holder lookups: minecraft:recipe_serializer
[062月2026 20:51:59.958] [main/DEBUG] [net.minecraftforge.registries.GameData/REGISTRIES]: Holder lookups applied: minecraft:recipe_serializer
[062月2026 20:51:59.960] [main/INFO] [KubeJS/]: Skipping minecraft:position_source_type registry
[062月2026 20:51:59.961] [main/DEBUG] [net.minecraftforge.registries.GameData/REGISTRIES]: Applying holder lookups: minecraft:position_source_type
[062月2026 20:51:59.964] [main/DEBUG] [net.minecraftforge.registries.GameData/REGISTRIES]: Holder lookups applied: minecraft:position_source_type
[062月2026 20:51:59.972] [main/INFO] [KubeJS/]: Skipping minecraft:command_argument_type registry
[062月2026 20:51:59.996] [main/DEBUG] [net.minecraftforge.registries.GameData/REGISTRIES]: Applying holder lookups: minecraft:command_argument_type
[062月2026 20:51:59.996] [main/DEBUG] [net.minecraftforge.registries.GameData/REGISTRIES]: Holder lookups applied: minecraft:command_argument_type
[062月2026 20:51:59.997] [main/INFO] [KubeJS/]: Skipping minecraft:villager_type registry
[062月2026 20:51:59.998] [main/DEBUG] [net.minecraftforge.registries.GameData/REGISTRIES]: Applying holder lookups: minecraft:villager_type
[062月2026 20:52:00.002] [main/DEBUG] [net.minecraftforge.registries.GameData/REGISTRIES]: Holder lookups applied: minecraft:villager_type
[062月2026 20:52:00.004] [main/INFO] [KubeJS/]: Skipping minecraft:villager_profession registry
[062月2026 20:52:00.007] [main/DEBUG] [net.minecraftforge.registries.GameData/REGISTRIES]: Applying holder lookups: minecraft:villager_profession
[062月2026 20:52:00.012] [main/DEBUG] [net.minecraftforge.registries.GameData/REGISTRIES]: Holder lookups applied: minecraft:villager_profession
[062月2026 20:52:00.016] [main/INFO] [KubeJS/]: Skipping minecraft:point_of_interest_type registry
[062月2026 20:52:00.030] [main/DEBUG] [net.minecraftforge.registries.GameData/REGISTRIES]: Applying holder lookups: minecraft:point_of_interest_type
[062月2026 20:52:00.042] [main/DEBUG] [net.minecraftforge.registries.GameData/REGISTRIES]: Holder lookups applied: minecraft:point_of_interest_type
[062月2026 20:52:00.044] [main/INFO] [KubeJS/]: Skipping minecraft:schedule registry
[062月2026 20:52:00.045] [main/DEBUG] [net.minecraftforge.registries.GameData/REGISTRIES]: Applying holder lookups: minecraft:schedule
[062月2026 20:52:00.079] [main/DEBUG] [net.minecraftforge.registries.GameData/REGISTRIES]: Holder lookups applied: minecraft:schedule
[062月2026 20:52:00.081] [main/INFO] [KubeJS/]: Skipping minecraft:activity registry
[062月2026 20:52:00.085] [main/DEBUG] [net.minecraftforge.registries.GameData/REGISTRIES]: Applying holder lookups: minecraft:activity
[062月2026 20:52:00.089] [main/DEBUG] [net.minecraftforge.registries.GameData/REGISTRIES]: Holder lookups applied: minecraft:activity
[062月2026 20:52:00.096] [main/INFO] [KubeJS/]: Skipping minecraft:loot_pool_entry_type registry
[062月2026 20:52:00.096] [main/DEBUG] [net.minecraftforge.registries.GameData/REGISTRIES]: Applying holder lookups: minecraft:loot_pool_entry_type
[062月2026 20:52:00.099] [main/DEBUG] [net.minecraftforge.registries.GameData/REGISTRIES]: Holder lookups applied: minecraft:loot_pool_entry_type
[062月2026 20:52:00.119] [main/INFO] [KubeJS/]: Skipping minecraft:loot_function_type registry
[062月2026 20:52:00.120] [main/DEBUG] [net.minecraftforge.registries.GameData/REGISTRIES]: Applying holder lookups: minecraft:loot_function_type
[062月2026 20:52:00.125] [main/DEBUG] [net.minecraftforge.registries.GameData/REGISTRIES]: Holder lookups applied: minecraft:loot_function_type
[062月2026 20:52:00.134] [main/INFO] [KubeJS/]: Skipping minecraft:loot_condition_type registry
[062月2026 20:52:00.145] [main/DEBUG] [net.minecraftforge.registries.GameData/REGISTRIES]: Applying holder lookups: minecraft:loot_condition_type
[062月2026 20:52:00.148] [main/DEBUG] [net.minecraftforge.registries.GameData/REGISTRIES]: Holder lookups applied: minecraft:loot_condition_type
[062月2026 20:52:00.148] [main/INFO] [KubeJS/]: Skipping minecraft:loot_number_provider_type registry
[062月2026 20:52:00.149] [main/DEBUG] [net.minecraftforge.registries.GameData/REGISTRIES]: Applying holder lookups: minecraft:loot_number_provider_type
[062月2026 20:52:00.150] [main/DEBUG] [net.minecraftforge.registries.GameData/REGISTRIES]: Holder lookups applied: minecraft:loot_number_provider_type
[062月2026 20:52:00.152] [main/INFO] [KubeJS/]: Skipping minecraft:loot_nbt_provider_type registry
[062月2026 20:52:00.153] [main/DEBUG] [net.minecraftforge.registries.GameData/REGISTRIES]: Applying holder lookups: minecraft:loot_nbt_provider_type
[062月2026 20:52:00.155] [main/DEBUG] [net.minecraftforge.registries.GameData/REGISTRIES]: Holder lookups applied: minecraft:loot_nbt_provider_type
[062月2026 20:52:00.156] [main/INFO] [KubeJS/]: Skipping minecraft:loot_score_provider_type registry
[062月2026 20:52:00.158] [main/DEBUG] [net.minecraftforge.registries.GameData/REGISTRIES]: Applying holder lookups: minecraft:loot_score_provider_type
[062月2026 20:52:00.169] [main/DEBUG] [net.minecraftforge.registries.GameData/REGISTRIES]: Holder lookups applied: minecraft:loot_score_provider_type
[062月2026 20:52:00.169] [main/INFO] [KubeJS/]: Skipping minecraft:float_provider_type registry
[062月2026 20:52:00.170] [main/DEBUG] [net.minecraftforge.registries.GameData/REGISTRIES]: Applying holder lookups: minecraft:float_provider_type
[062月2026 20:52:00.171] [main/DEBUG] [net.minecraftforge.registries.GameData/REGISTRIES]: Holder lookups applied: minecraft:float_provider_type
[062月2026 20:52:00.172] [main/INFO] [KubeJS/]: Skipping minecraft:int_provider_type registry
[062月2026 20:52:00.173] [main/DEBUG] [net.minecraftforge.registries.GameData/REGISTRIES]: Applying holder lookups: minecraft:int_provider_type
[062月2026 20:52:00.180] [main/DEBUG] [net.minecraftforge.registries.GameData/REGISTRIES]: Holder lookups applied: minecraft:int_provider_type
[062月2026 20:52:00.182] [main/INFO] [KubeJS/]: Skipping minecraft:height_provider_type registry
[062月2026 20:52:00.183] [main/DEBUG] [net.minecraftforge.registries.GameData/REGISTRIES]: Applying holder lookups: minecraft:height_provider_type
[062月2026 20:52:00.184] [main/DEBUG] [net.minecraftforge.registries.GameData/REGISTRIES]: Holder lookups applied: minecraft:height_provider_type
[062月2026 20:52:00.185] [main/INFO] [KubeJS/]: Skipping minecraft:block_predicate_type registry
[062月2026 20:52:00.185] [main/DEBUG] [net.minecraftforge.registries.GameData/REGISTRIES]: Applying holder lookups: minecraft:block_predicate_type
[062月2026 20:52:00.187] [main/DEBUG] [net.minecraftforge.registries.GameData/REGISTRIES]: Holder lookups applied: minecraft:block_predicate_type
[062月2026 20:52:00.187] [main/INFO] [KubeJS/]: Skipping minecraft:worldgen/carver registry
[062月2026 20:52:00.188] [main/DEBUG] [net.minecraftforge.registries.GameData/REGISTRIES]: Applying holder lookups: minecraft:worldgen/carver
[062月2026 20:52:00.194] [main/DEBUG] [net.minecraftforge.registries.GameData/REGISTRIES]: Holder lookups applied: minecraft:worldgen/carver
[062月2026 20:52:00.212] [main/INFO] [KubeJS/]: Skipping minecraft:worldgen/feature registry
[062月2026 20:52:00.213] [main/DEBUG] [net.minecraftforge.registries.GameData/REGISTRIES]: Applying holder lookups: minecraft:worldgen/feature
[062月2026 20:52:00.215] [main/DEBUG] [net.minecraftforge.registries.GameData/REGISTRIES]: Holder lookups applied: minecraft:worldgen/feature
[062月2026 20:52:00.216] [main/INFO] [KubeJS/]: Skipping minecraft:worldgen/structure_processor registry
[062月2026 20:52:00.218] [main/DEBUG] [net.minecraftforge.registries.GameData/REGISTRIES]: Applying holder lookups: minecraft:worldgen/structure_processor
[062月2026 20:52:00.221] [main/DEBUG] [net.minecraftforge.registries.GameData/REGISTRIES]: Holder lookups applied: minecraft:worldgen/structure_processor
[062月2026 20:52:00.225] [main/INFO] [KubeJS/]: Skipping minecraft:worldgen/structure_placement registry
[062月2026 20:52:00.227] [main/DEBUG] [net.minecraftforge.registries.GameData/REGISTRIES]: Applying holder lookups: minecraft:worldgen/structure_placement
[062月2026 20:52:00.256] [main/DEBUG] [net.minecraftforge.registries.GameData/REGISTRIES]: Holder lookups applied: minecraft:worldgen/structure_placement
[062月2026 20:52:00.297] [main/INFO] [KubeJS/]: Skipping minecraft:worldgen/structure_piece registry
[062月2026 20:52:00.298] [main/DEBUG] [net.minecraftforge.registries.GameData/REGISTRIES]: Applying holder lookups: minecraft:worldgen/structure_piece
[062月2026 20:52:00.300] [main/DEBUG] [net.minecraftforge.registries.GameData/REGISTRIES]: Holder lookups applied: minecraft:worldgen/structure_piece
[062月2026 20:52:00.301] [main/INFO] [KubeJS/]: Skipping minecraft:worldgen/structure_type registry
[062月2026 20:52:00.301] [main/DEBUG] [net.minecraftforge.registries.GameData/REGISTRIES]: Applying holder lookups: minecraft:worldgen/structure_type
[062月2026 20:52:00.303] [main/DEBUG] [net.minecraftforge.registries.GameData/REGISTRIES]: Holder lookups applied: minecraft:worldgen/structure_type
[062月2026 20:52:00.307] [main/INFO] [KubeJS/]: Skipping minecraft:worldgen/placement_modifier_type registry
[062月2026 20:52:00.308] [main/DEBUG] [net.minecraftforge.registries.GameData/REGISTRIES]: Applying holder lookups: minecraft:worldgen/placement_modifier_type
[062月2026 20:52:00.316] [main/DEBUG] [net.minecraftforge.registries.GameData/REGISTRIES]: Holder lookups applied: minecraft:worldgen/placement_modifier_type
[062月2026 20:52:00.317] [main/INFO] [KubeJS/]: Skipping minecraft:worldgen/block_state_provider_type registry
[062月2026 20:52:00.318] [main/DEBUG] [net.minecraftforge.registries.GameData/REGISTRIES]: Applying holder lookups: minecraft:worldgen/block_state_provider_type
[062月2026 20:52:00.327] [main/DEBUG] [net.minecraftforge.registries.GameData/REGISTRIES]: Holder lookups applied: minecraft:worldgen/block_state_provider_type
[062月2026 20:52:00.331] [main/INFO] [KubeJS/]: Skipping minecraft:worldgen/foliage_placer_type registry
[062月2026 20:52:00.334] [main/DEBUG] [net.minecraftforge.registries.GameData/REGISTRIES]: Applying holder lookups: minecraft:worldgen/foliage_placer_type
[062月2026 20:52:00.337] [main/DEBUG] [net.minecraftforge.registries.GameData/REGISTRIES]: Holder lookups applied: minecraft:worldgen/foliage_placer_type
[062月2026 20:52:00.340] [main/INFO] [KubeJS/]: Skipping minecraft:worldgen/trunk_placer_type registry
[062月2026 20:52:00.341] [main/DEBUG] [net.minecraftforge.registries.GameData/REGISTRIES]: Applying holder lookups: minecraft:worldgen/trunk_placer_type
[062月2026 20:52:00.350] [main/DEBUG] [net.minecraftforge.registries.GameData/REGISTRIES]: Holder lookups applied: minecraft:worldgen/trunk_placer_type
[062月2026 20:52:00.351] [main/INFO] [KubeJS/]: Skipping minecraft:worldgen/root_placer_type registry
[062月2026 20:52:00.352] [main/DEBUG] [net.minecraftforge.registries.GameData/REGISTRIES]: Applying holder lookups: minecraft:worldgen/root_placer_type
[062月2026 20:52:00.353] [main/DEBUG] [net.minecraftforge.registries.GameData/REGISTRIES]: Holder lookups applied: minecraft:worldgen/root_placer_type
[062月2026 20:52:00.354] [main/INFO] [KubeJS/]: Skipping minecraft:worldgen/tree_decorator_type registry
[062月2026 20:52:00.355] [main/DEBUG] [net.minecraftforge.registries.GameData/REGISTRIES]: Applying holder lookups: minecraft:worldgen/tree_decorator_type
[062月2026 20:52:00.360] [main/DEBUG] [net.minecraftforge.registries.GameData/REGISTRIES]: Holder lookups applied: minecraft:worldgen/tree_decorator_type
[062月2026 20:52:00.360] [main/INFO] [KubeJS/]: Skipping minecraft:worldgen/feature_size_type registry
[062月2026 20:52:00.361] [main/DEBUG] [net.minecraftforge.registries.GameData/REGISTRIES]: Applying holder lookups: minecraft:worldgen/feature_size_type
[062月2026 20:52:00.368] [main/DEBUG] [net.minecraftforge.registries.GameData/REGISTRIES]: Holder lookups applied: minecraft:worldgen/feature_size_type
[062月2026 20:52:00.381] [main/INFO] [KubeJS/]: Skipping minecraft:worldgen/biome_source registry
[062月2026 20:52:00.382] [main/DEBUG] [net.minecraftforge.registries.GameData/REGISTRIES]: Applying holder lookups: minecraft:worldgen/biome_source
[062月2026 20:52:00.385] [main/DEBUG] [net.minecraftforge.registries.GameData/REGISTRIES]: Holder lookups applied: minecraft:worldgen/biome_source
[062月2026 20:52:00.385] [main/INFO] [KubeJS/]: Skipping minecraft:worldgen/chunk_generator registry
[062月2026 20:52:00.386] [main/DEBUG] [net.minecraftforge.registries.GameData/REGISTRIES]: Applying holder lookups: minecraft:worldgen/chunk_generator
[062月2026 20:52:00.390] [main/DEBUG] [net.minecraftforge.registries.GameData/REGISTRIES]: Holder lookups applied: minecraft:worldgen/chunk_generator
[062月2026 20:52:00.396] [main/INFO] [KubeJS/]: Skipping minecraft:worldgen/material_condition registry
[062月2026 20:52:00.397] [main/DEBUG] [net.minecraftforge.registries.GameData/REGISTRIES]: Applying holder lookups: minecraft:worldgen/material_condition
[062月2026 20:52:00.402] [main/DEBUG] [net.minecraftforge.registries.GameData/REGISTRIES]: Holder lookups applied: minecraft:worldgen/material_condition
[062月2026 20:52:00.403] [main/INFO] [KubeJS/]: Skipping minecraft:worldgen/material_rule registry
[062月2026 20:52:00.403] [main/DEBUG] [net.minecraftforge.registries.GameData/REGISTRIES]: Applying holder lookups: minecraft:worldgen/material_rule
[062月2026 20:52:00.410] [main/DEBUG] [net.minecraftforge.registries.GameData/REGISTRIES]: Holder lookups applied: minecraft:worldgen/material_rule
[062月2026 20:52:00.412] [main/INFO] [KubeJS/]: Skipping minecraft:worldgen/density_function_type registry
[062月2026 20:52:00.413] [main/DEBUG] [net.minecraftforge.registries.GameData/REGISTRIES]: Applying holder lookups: minecraft:worldgen/density_function_type
[062月2026 20:52:00.416] [main/DEBUG] [net.minecraftforge.registries.GameData/REGISTRIES]: Holder lookups applied: minecraft:worldgen/density_function_type
[062月2026 20:52:00.417] [main/INFO] [KubeJS/]: Skipping minecraft:worldgen/structure_pool_element registry
[062月2026 20:52:00.419] [main/DEBUG] [net.minecraftforge.registries.GameData/REGISTRIES]: Applying holder lookups: minecraft:worldgen/structure_pool_element
[062月2026 20:52:00.435] [main/DEBUG] [net.minecraftforge.registries.GameData/REGISTRIES]: Holder lookups applied: minecraft:worldgen/structure_pool_element
[062月2026 20:52:00.437] [main/INFO] [KubeJS/]: Skipping minecraft:cat_variant registry
[062月2026 20:52:00.438] [main/DEBUG] [net.minecraftforge.registries.GameData/REGISTRIES]: Applying holder lookups: minecraft:cat_variant
[062月2026 20:52:00.441] [main/DEBUG] [net.minecraftforge.registries.GameData/REGISTRIES]: Holder lookups applied: minecraft:cat_variant
[062月2026 20:52:00.442] [main/INFO] [KubeJS/]: Skipping minecraft:frog_variant registry
[062月2026 20:52:00.442] [main/DEBUG] [net.minecraftforge.registries.GameData/REGISTRIES]: Applying holder lookups: minecraft:frog_variant
[062月2026 20:52:00.445] [main/DEBUG] [net.minecraftforge.registries.GameData/REGISTRIES]: Holder lookups applied: minecraft:frog_variant
[062月2026 20:52:00.447] [main/INFO] [KubeJS/]: Skipping minecraft:banner_pattern registry
[062月2026 20:52:00.447] [main/DEBUG] [net.minecraftforge.registries.GameData/REGISTRIES]: Applying holder lookups: minecraft:banner_pattern
[062月2026 20:52:00.453] [main/DEBUG] [net.minecraftforge.registries.GameData/REGISTRIES]: Holder lookups applied: minecraft:banner_pattern
[062月2026 20:52:00.455] [main/INFO] [KubeJS/]: Skipping minecraft:instrument registry
[062月2026 20:52:00.459] [main/DEBUG] [net.minecraftforge.registries.GameData/REGISTRIES]: Applying holder lookups: minecraft:instrument
[062月2026 20:52:00.463] [main/DEBUG] [net.minecraftforge.registries.GameData/REGISTRIES]: Holder lookups applied: minecraft:instrument
[062月2026 20:52:00.464] [main/INFO] [KubeJS/]: Skipping minecraft:decorated_pot_patterns registry
[062月2026 20:52:00.465] [main/DEBUG] [net.minecraftforge.registries.GameData/REGISTRIES]: Applying holder lookups: minecraft:decorated_pot_patterns
[062月2026 20:52:00.467] [main/DEBUG] [net.minecraftforge.registries.GameData/REGISTRIES]: Holder lookups applied: minecraft:decorated_pot_patterns
[062月2026 20:52:00.488] [main/INFO] [KubeJS/]: Skipping minecraft:creative_mode_tab registry
[062月2026 20:52:00.509] [main/DEBUG] [net.minecraftforge.registries.GameData/REGISTRIES]: Applying holder lookups: minecraft:creative_mode_tab
[062月2026 20:52:00.511] [main/DEBUG] [net.minecraftforge.registries.GameData/REGISTRIES]: Holder lookups applied: minecraft:creative_mode_tab
[062月2026 20:52:00.534] [main/INFO] [KubeJS/]: Skipping forge:biome_modifier_serializers registry
[062月2026 20:52:00.558] [main/DEBUG] [net.minecraftforge.registries.GameData/REGISTRIES]: Applying holder lookups: forge:biome_modifier_serializers
[062月2026 20:52:00.560] [main/DEBUG] [net.minecraftforge.registries.GameData/REGISTRIES]: Holder lookups applied: forge:biome_modifier_serializers
[062月2026 20:52:00.561] [main/INFO] [KubeJS/]: Skipping forge:display_contexts registry
[062月2026 20:52:00.565] [main/DEBUG] [net.minecraftforge.registries.GameData/REGISTRIES]: Applying holder lookups: forge:display_contexts
[062月2026 20:52:00.571] [main/DEBUG] [net.minecraftforge.registries.GameData/REGISTRIES]: Holder lookups applied: forge:display_contexts
[062月2026 20:52:00.577] [main/INFO] [KubeJS/]: Skipping forge:entity_data_serializers registry
[062月2026 20:52:00.578] [main/DEBUG] [net.minecraftforge.registries.GameData/REGISTRIES]: Applying holder lookups: forge:entity_data_serializers
[062月2026 20:52:00.581] [main/DEBUG] [net.minecraftforge.registries.GameData/REGISTRIES]: Holder lookups applied: forge:entity_data_serializers
[062月2026 20:52:00.582] [main/INFO] [KubeJS/]: Skipping forge:fluid_type registry
[062月2026 20:52:00.600] [main/DEBUG] [net.minecraftforge.registries.GameData/REGISTRIES]: Applying holder lookups: forge:fluid_type
[062月2026 20:52:00.602] [main/DEBUG] [net.minecraftforge.registries.GameData/REGISTRIES]: Holder lookups applied: forge:fluid_type
[062月2026 20:52:00.636] [main/INFO] [KubeJS/]: Skipping forge:global_loot_modifier_serializers registry
[062月2026 20:52:00.641] [main/DEBUG] [net.minecraftforge.registries.GameData/REGISTRIES]: Applying holder lookups: forge:global_loot_modifier_serializers
[062月2026 20:52:00.649] [main/DEBUG] [net.minecraftforge.registries.GameData/REGISTRIES]: Holder lookups applied: forge:global_loot_modifier_serializers
[062月2026 20:52:00.649] [main/INFO] [KubeJS/]: Skipping forge:holder_set_type registry
[062月2026 20:52:00.680] [main/DEBUG] [net.minecraftforge.registries.GameData/REGISTRIES]: Applying holder lookups: forge:holder_set_type
[062月2026 20:52:00.684] [main/DEBUG] [net.minecraftforge.registries.GameData/REGISTRIES]: Holder lookups applied: forge:holder_set_type
[062月2026 20:52:00.687] [main/INFO] [KubeJS/]: Skipping forge:structure_modifier_serializers registry
[062月2026 20:52:00.692] [main/DEBUG] [net.minecraftforge.registries.GameData/REGISTRIES]: Applying holder lookups: forge:structure_modifier_serializers
[062月2026 20:52:00.701] [main/DEBUG] [net.minecraftforge.registries.GameData/REGISTRIES]: Holder lookups applied: forge:structure_modifier_serializers
[062月2026 20:52:00.703] [main/INFO] [KubeJS/]: Skipping minecraft:worldgen/biome registry
[062月2026 20:52:00.703] [main/DEBUG] [net.minecraftforge.registries.GameData/REGISTRIES]: Applying holder lookups: minecraft:worldgen/biome
[062月2026 20:52:00.711] [main/DEBUG] [net.minecraftforge.registries.GameData/REGISTRIES]: Holder lookups applied: minecraft:worldgen/biome
[062月2026 20:52:00.712] [main/INFO] [KubeJS/]: Skipping scannable:scan_result_provider registry
[062月2026 20:52:00.713] [main/DEBUG] [net.minecraftforge.registries.GameData/REGISTRIES]: Applying holder lookups: scannable:scan_result_provider
[062月2026 20:52:00.715] [main/DEBUG] [net.minecraftforge.registries.GameData/REGISTRIES]: Holder lookups applied: scannable:scan_result_provider
[062月2026 20:52:00.989] [main/DEBUG] [net.minecraftforge.coremod.transformer.CoreModBaseTransformer/COREMOD]: Transforming net/minecraft/world/entity/raid/Raid
[062月2026 20:52:01.363] [main/DEBUG] [mixin/]: Mixing ai.raid.RaidMixin from lithium.mixins.json into net.minecraft.world.entity.raid.Raid
[062月2026 20:52:01.364] [main/DEBUG] [mixin/]: lithium.mixins.json:ai.raid.RaidMixin: Class version 61 required is higher than the class version supported by the current version of Mixin (JAVA_16 supports class version 60)
[062月2026 20:52:01.680] [main/DEBUG] [mixin/]: Mixing IngredientTagValueMixin from kubejs-common.mixins.json into net.minecraft.world.item.crafting.Ingredient$TagValue
[062月2026 20:52:02.485] [Worker-Main-1/DEBUG] [mixin/]: Mixing alloc.chunk_ticking.ServerChunkManagerMixin from lithium.mixins.json into net.minecraft.server.level.ServerChunkCache
[062月2026 20:52:02.487] [Worker-Main-1/DEBUG] [mixin/]: lithium.mixins.json:alloc.chunk_ticking.ServerChunkManagerMixin: Class version 61 required is higher than the class version supported by the current version of Mixin (JAVA_16 supports class version 60)
[062月2026 20:52:02.488] [Worker-Main-1/DEBUG] [mixin/]: Mixing world.chunk_access.ServerChunkManagerMixin from lithium.mixins.json into net.minecraft.server.level.ServerChunkCache
[062月2026 20:52:02.488] [Worker-Main-1/DEBUG] [mixin/]: lithium.mixins.json:world.chunk_access.ServerChunkManagerMixin: Class version 61 required is higher than the class version supported by the current version of Mixin (JAVA_16 supports class version 60)
[062月2026 20:52:02.489] [Worker-Main-1/DEBUG] [mixin/]: Renaming synthetic method lambda$getChunkOffThread$0(IILnet/minecraft/world/level/chunk/ChunkStatus;Z)Lnet/minecraft/world/level/chunk/ChunkAccess; to md9cde08$lambda$getChunkOffThread$0$0 in lithium.mixins.json:world.chunk_access.ServerChunkManagerMixin
[062月2026 20:52:02.657] [Worker-Main-1/DEBUG] [mixin/]: Mixing MapDataMixin from moonlight-common.mixins.json into net.minecraft.world.level.saveddata.maps.MapItemSavedData
[062月2026 20:52:02.659] [Worker-Main-1/DEBUG] [mixin/]: Renaming synthetic method lambda$save$3(Lnet/minecraft/nbt/CompoundTag;Lnet/minecraft/resources/ResourceLocation;Lnet/mehvahdjukaar/moonlight/api/map/CustomMapData;)V to md9cde08$lambda$save$3$0 in moonlight-common.mixins.json:MapDataMixin
[062月2026 20:52:02.659] [Worker-Main-1/DEBUG] [mixin/]: Renaming synthetic method lambda$load$2(Lnet/minecraft/nbt/CompoundTag;Lnet/mehvahdjukaar/moonlight/api/map/CustomMapData;)V to md9cde08$lambda$load$2$1 in moonlight-common.mixins.json:MapDataMixin
[062月2026 20:52:02.659] [Worker-Main-1/DEBUG] [mixin/]: Renaming synthetic method lambda$setCustomDataDirty$1(Lnet/mehvahdjukaar/moonlight/api/map/CustomMapData$Type;Ljava/util/function/Consumer;Lnet/minecraft/world/level/saveddata/maps/MapItemSavedData$HoldingPlayer;)V to md9cde08$lambda$setCustomDataDirty$1$2 in moonlight-common.mixins.json:MapDataMixin
[062月2026 20:52:02.659] [Worker-Main-1/DEBUG] [mixin/]: Renaming synthetic method lambda$setCustomDecorationsDirty$0(Lnet/minecraft/world/level/saveddata/maps/MapItemSavedData$HoldingPlayer;)V to md9cde08$lambda$setCustomDecorationsDirty$0$3 in moonlight-common.mixins.json:MapDataMixin
[062月2026 20:52:03.095] [main/WARN] [net.minecraft.server.packs.VanillaPackResourcesBuilder/]: Assets URL 'union:/D:/.gradle/caches/forge_gradle/minecraft_user_repo/net/minecraftforge/forge/1.20.1-47.4.0_mapped_official_1.20.1/forge-1.20.1-47.4.0_mapped_official_1.20.1-recomp.jar%23192!/assets/.mcassetsroot' uses unexpected schema
[062月2026 20:52:03.100] [main/WARN] [net.minecraft.server.packs.VanillaPackResourcesBuilder/]: Assets URL 'union:/D:/.gradle/caches/forge_gradle/minecraft_user_repo/net/minecraftforge/forge/1.20.1-47.4.0_mapped_official_1.20.1/forge-1.20.1-47.4.0_mapped_official_1.20.1-recomp.jar%23192!/data/.mcassetsroot' uses unexpected schema
[062月2026 20:52:03.552] [main/DEBUG] [mixin/]: Mixing TagManagerMixin from kubejs-common.mixins.json into net.minecraft.tags.TagManager
[062月2026 20:52:05.054] [main/INFO] [net.minecraft.data.DataGenerator/]: Starting provider: Registries
[062月2026 20:52:05.451] [main/INFO] [net.minecraft.data.DataGenerator/]: Registries finished after 394 ms
[062月2026 20:52:05.451] [main/INFO] [net.minecraft.data.DataGenerator/]: Starting provider: Advancements
[062月2026 20:52:05.455] [main/INFO] [net.minecraft.data.DataGenerator/]: Advancements finished after 3 ms
[062月2026 20:52:05.455] [main/INFO] [net.minecraft.data.DataGenerator/]: Starting provider: Tags for minecraft:block mod id kaleidoscope_end
[062月2026 20:52:05.553] [main/INFO] [net.minecraft.data.DataGenerator/]: Tags for minecraft:block mod id kaleidoscope_end finished after 97 ms
[062月2026 20:52:05.555] [main/INFO] [net.minecraft.data.DataGenerator/]: Starting provider: Tags for minecraft:item mod id kaleidoscope_end
[062月2026 20:52:05.565] [main/INFO] [net.minecraft.data.DataGenerator/]: Tags for minecraft:item mod id kaleidoscope_end finished after 9 ms
[062月2026 20:52:05.566] [main/INFO] [net.minecraft.data.DataGenerator/]: Starting provider: Block Models: kaleidoscope_end
[062月2026 20:52:05.633] [main/INFO] [net.minecraft.data.DataGenerator/]: Block Models: kaleidoscope_end finished after 66 ms
[062月2026 20:52:05.633] [main/INFO] [net.minecraft.data.DataGenerator/]: Starting provider: Block States: kaleidoscope_end
[062月2026 20:52:05.863] [main/INFO] [net.minecraft.data.DataGenerator/]: Block States: kaleidoscope_end finished after 229 ms
[062月2026 20:52:05.864] [main/INFO] [net.minecraft.data.DataGenerator/]: Starting provider: Loot Tables
[062月2026 20:52:05.870] [main/DEBUG] [mixin/]: Mixing MixinNbtPredicate from curios.mixins.json into net.minecraft.advancements.critereon.NbtPredicate
[062月2026 20:52:05.964] [main/DEBUG] [mixin/]: Mixing LootTablesMixin from placebo.mixins.json into net.minecraft.world.level.storage.loot.LootDataManager
[062月2026 20:52:05.965] [main/DEBUG] [mixin/]: Renaming synthetic method lambda$apply$0(Lnet/minecraft/world/level/storage/loot/LootDataId;Lnet/minecraft/world/level/storage/loot/LootTable;)V to md9cde08$lambda$apply$0$0 in placebo.mixins.json:LootTablesMixin
[062月2026 20:52:05.978] [main/DEBUG] [mixin/]: Mixing MixinLootDataManager from architectury.mixins.json into net.minecraft.world.level.storage.loot.LootDataManager
[062月2026 20:52:05.984] [main/DEBUG] [mixin/]: Mixing LootTablesMixin from kubejs-common.mixins.json into net.minecraft.world.level.storage.loot.LootDataManager
[062月2026 20:52:06.549] [main/INFO] [net.minecraft.data.DataGenerator/]: Loot Tables finished after 684 ms
[062月2026 20:52:06.549] [main/INFO] [net.minecraft.data.DataGenerator/]: Starting provider: Tags for minecraft:enchantment mod id kaleidoscope_end
[062月2026 20:52:06.592] [main/INFO] [net.minecraft.data.DataGenerator/]: Tags for minecraft:enchantment mod id kaleidoscope_end finished after 42 ms
[062月2026 20:52:06.593] [main/INFO] [net.minecraft.data.DataGenerator/]: All providers took: 1541 ms
[062月2026 20:52:06.724] [main/INFO] [net.minecraft.data.HashCache/]: Caching: total files: 53, old count: 53, new count: 54, removed stale: 0, written: 1
